Pages les plus populaires,Clics,Impressions,CTR,Position
https://golfiller.fr/,7329,126359,5.8%,8.28
https://golfiller.fr/blogs/infos/tableau-comparatif-de-compression-de-balles,2300,21008,10.95%,7.7
https://golfiller.fr/blogs/infos/calcul-index-golf,837,32927,2.54%,9.66
https://golfiller.fr/blogs/infos/quelle-balle-de-golf-pour-quel-joueur,651,12010,5.42%,6.62
https://golfiller.fr/blogs/infos/vitesse-de-swing-au-golf-tableaux-par-profil-par-club-et-du-top-10-mondial,377,3723,10.13%,4.78
https://golfiller.fr/products/titleist-pro-v1,281,15511,1.81%,6.82
https://golfiller.fr/pages/guide-de-gradation,199,1845,10.79%,4.45
https://golfiller.fr/products/callaway-supersoft,197,6680,2.95%,5.57
https://golfiller.fr/products/vice-mix-modeles,175,7848,2.23%,9.86
https://golfiller.fr/products/srixon-qstar-tour,162,5599,2.89%,08.06
https://golfiller.fr/blogs/infos/le-tarif-de-chaque-parcours-de-golf-en-france,160,9535,1.68%,5.62
https://golfiller.fr/collections/balles-de-couleur,160,5666,2.82%,13.31
https://golfiller.fr/products/taylormade-tp5,154,8558,1.8%,7.46
https://golfiller.fr/blogs/infos/quelle-marque-de-balle-de-golf-joueur,152,8799,1.73%,8.33
https://golfiller.fr/products/srixon-ad333,151,8727,1.73%,8.34
https://golfiller.fr/collections/un-lot-achete-un-lot-offert,142,13370,1.06%,1.91
https://golfiller.fr/blogs/infos/quelle-est-la-meilleure-balle-de-golf,142,9441,1.5%,14.8
https://golfiller.fr/products/inesis-mix-modeles,139,14014,0.99%,9.15
https://golfiller.fr/blogs/infos/connaitre-le-slope-de-votre-golf,128,4266,3%,6.61
https://golfiller.fr/products/inesis-tour-900,126,5012,2.51%,7.26
https://golfiller.fr/products/srixon-z-star,126,3422,3.68%,5.82
https://golfiller.fr/products/nike-mix-modeles,124,2981,4.16%,6.98
https://golfiller.fr/pages/qui-sommes-nous-1,119,11367,1.05%,1.49
https://golfiller.fr/blogs/infos/calculateur-score-differentiel-et-index-golf-whs,104,3337,3.12%,9.39
https://golfiller.fr/products/callaway-chrome-soft,103,4168,2.47%,9.27
https://golfiller.fr/products/srixon-tour-special,100,4178,2.39%,7.55
https://golfiller.fr/products/titleist-tour-soft-1,98,3222,3.04%,7.75
https://golfiller.fr/products/inesis-soft-500,94,5101,1.84%,07.04
https://golfiller.fr/products/wilson-duo-soft,90,2701,3.33%,7.87
https://golfiller.fr/collections/all,89,11779,0.76%,1.49
https://golfiller.fr/products/titleist-pro-v1x,88,4115,2.14%,5.7
https://golfiller.fr/blogs/infos/prix-balle-d-une-balle-de-golf,85,9039,0.94%,06.05
https://golfiller.fr/products/titleist-avx,85,2635,3.23%,7.68
https://golfiller.fr/blogs/infos/test-des-balles-de-golf,72,2285,3.15%,17
https://golfiller.fr/products/balles-de-couleur-orange-mix-marques,71,3770,1.88%,12.97
https://golfiller.fr/collections/inesis,69,6318,1.09%,6.72
https://golfiller.fr/products/taylormade-tp5x,69,2325,2.97%,6.11
https://golfiller.fr/collections/toutes-les-balles,64,15826,0.4%,3.88
https://golfiller.fr/products/callaway-mix-modeles,64,8706,0.74%,9.63
https://golfiller.fr/products/calendrier-de-lavent,64,640,10%,7.75
https://golfiller.fr/products/wilson-ultra,61,3744,1.63%,8.78
https://golfiller.fr/blogs/infos/tableau-spin-par-modele-de-balle-de-golf,59,642,9.19%,8.7
https://golfiller.fr/products/balles-de-couleur-rose-mix-marques,58,4397,1.32%,12.3
https://golfiller.fr/pages/besoin-daide,56,1723,3.25%,6.89
https://golfiller.fr/products/titleist-velocity-1,53,1702,3.11%,08.07
https://golfiller.fr/products/srixon-mix-modeles,41,4671,0.88%,11.5
https://golfiller.fr/collections/best-sellers,37,3464,1.07%,08.06
https://golfiller.fr/pages/contact,33,6148,0.54%,6.22
https://golfiller.fr/products/titleist-mix-modeles,32,5601,0.57%,9.68
https://golfiller.fr/products/balles-de-couleur-mix-couleur-mix-marques,31,36083,0.09%,12.96
https://golfiller.fr/products/filet,25,1109,2.25%,6.8
https://golfiller.fr/blogs/infos/aix-les-bains,24,631,3.8%,10.82
https://golfiller.fr/products/lot-de-balles-mix-marques-modeles-index-54-0,22,8030,0.27%,14.48
https://golfiller.fr/blogs/infos/tout-ce-que-vous-devez-savoir-sur-us-open-de-golf-2025,21,6072,0.35%,8.79
https://golfiller.fr/collections/promo-de-la-semaine,21,1035,2.03%,13.6
https://golfiller.fr/products/balles-de-couleur-jaune-mix-marques,19,2109,0.9%,8.48
https://golfiller.fr/pages/cgv-mention-legales,19,692,2.75%,5.97
https://golfiller.fr/collections/vendors?q=golfiller,18,7773,0.23%,1.38
https://golfiller.fr/es/blogs/infos/quelle-marque-de-balle-de-golf-joueur,15,380,3.95%,5.55
https://golfiller.fr/products/bridgestone-mix-modeles,13,1605,0.81%,10.35
https://golfiller.fr/products/lot-de-balles-entrainement,12,1026,1.17%,7.32
https://golfiller.fr/products/taylormade-mix-modeles,10,1061,0.94%,12.82
https://golfiller.fr/collections/callaway,9,4450,0.2%,10.93
https://golfiller.fr/collections/taylormade,9,2194,0.41%,17.35
https://golfiller.fr/es,9,156,5.77%,04.04
https://golfiller.fr/collections/titleist,8,3133,0.26%,14.55
https://golfiller.fr/collections/srixon,8,2899,0.28%,11.99
https://golfiller.fr/blogs/infos/comment-choisir-sa-balle-de-golf-le-guide-pour-baisser-votre-index,8,316,2.53%,15.36
https://golfiller.fr/blogs/infos/lyon-salvagny,8,225,3.56%,12.79
https://golfiller.fr/products/titleist-dentrainement-pro-v1-pro-v1x-1,7,1600,0.44%,13.66
https://golfiller.fr/products/gant-de-golf-en-cuir-cabretta,6,692,0.87%,10.92
https://golfiller.fr/blogs/infos/evian-resort,6,171,3.51%,7.89
https://golfiller.fr/products/lot-de-balles-mix-marques-modeles-index-54-0?variant=46705703027028&country=FR&currency=EUR&utm_medium=product_sync&utm_source=google&utm_content=sag_organic&utm_campaign=sag_organic,6,14,42.86%,7.93
https://golfiller.fr/products/titleist-pro-v1?variant=46694100795732&country=FR&currency=EUR&utm_medium=product_sync&utm_source=google&utm_content=sag_organic&utm_campaign=sag_organic,6,10,60%,4.7
https://golfiller.fr/products/lot-de-balles-mix-marques-modeles-index-15-0,5,1519,0.33%,11.92
https://golfiller.fr/es/blogs/infos/tableau-comparatif-de-compression-de-balles,5,76,6.58%,06.01
https://golfiller.fr/collections/nos-produits,4,1198,0.33%,15.6
https://golfiller.fr/pages/partenaire,4,401,1%,3.18
https://golfiller.fr/collections/lot-de-balles-pro,4,280,1.43%,3.44
https://golfiller.fr/blogs/infos/prix-balles-de-golf-neuf-vs-occasion-comparatif-2026,4,204,1.96%,9.76
https://golfiller.fr/products/lot-de-balles-mix-marques-modeles-index-15-0?variant=46705635066196&country=FR&currency=EUR&utm_medium=product_sync&utm_source=google&utm_content=sag_organic&utm_campaign=sag_organic,4,15,26.67%,5.93
https://golfiller.fr/products/balles-de-couleur-orange-mix-marques?variant=46694331613524&country=FR&currency=EUR&utm_medium=product_sync&utm_source=google&utm_content=sag_organic&utm_campaign=sag_organic,4,6,66.67%,3.67
https://golfiller.fr/collections/wilson,3,1596,0.19%,8.82
https://golfiller.fr/collections/toutes-les-marques,3,857,0.35%,1.78
https://golfiller.fr/products/copie-de-lot-de-balles-mix-marques-modeles-soft,3,660,0.45%,7.38
https://golfiller.fr/es/blogs/infos/calcul-index-golf,3,118,2.54%,7.39
https://golfiller.fr/products/polo-de-golf-copie,3,51,5.88%,13.69
https://golfiller.fr/products/titleist-pro-v1?variant=46694100533588&country=FR&currency=EUR&utm_medium=product_sync&utm_source=google&utm_content=sag_organic&utm_campaign=sag_organic,3,10,30%,2.5
https://golfiller.fr/products/copie-de-lot-de-balles-mix-marques-modeles-soft?variant=47935786680660&country=FR&currency=EUR&utm_medium=product_sync&utm_source=google&utm_content=sag_organic&utm_campaign=sag_organic,3,8,37.5%,5.62
https://golfiller.fr/products/lot-de-balles-mix-marques-modeles-index-15-0?variant=46705635393876&country=FR&currency=EUR&utm_medium=product_sync&utm_source=google&utm_content=sag_organic&utm_campaign=sag_organic,3,7,42.86%,4.71
https://golfiller.fr/products/pack-decouverte,2,347,0.58%,6.91
https://golfiller.fr/blogs/infos/balles-golfiller-vs-balles-neuves,2,137,1.46%,9.96
https://golfiller.fr/products/pack-noel-premium-conf,2,72,2.78%,8.62
https://golfiller.fr/blogs/infos,2,56,3.57%,9.64
https://golfiller.fr/collections/balles-debutant,2,52,3.85%,8.63
https://golfiller.fr/es/products/wilson-ultra,2,52,3.85%,9.81
https://golfiller.fr/products/pack-de-la-semaine,2,51,3.92%,5.92
https://golfiller.fr/products/pack-noel-premium-debutant,2,33,6.06%,6.55
https://golfiller.fr/products/taylormade-speedsoft-copie,2,32,6.25%,8.22
https://golfiller.fr/products/taylormade-tp5-pix-lot-de-3-ballees,2,22,9.09%,6.95
https://golfiller.fr/products/copie-de-lot-de-balles-mix-marques-modeles-soft?variant=47935786942804&country=FR&currency=EUR&utm_medium=product_sync&utm_source=google&utm_content=sag_organic&utm_campaign=sag_organic,2,20,10%,4.1
https://golfiller.fr/products/copie-de-lot-de-balles-mix-marques-modeles-soft?variant=47935786975572&country=FR&currency=EUR&utm_medium=product_sync&utm_source=google&utm_content=sag_organic&utm_campaign=sag_organic,2,8,25%,3.75
https://golfiller.fr/products/taylormade-tp5?variant=42561813250288&country=FR&currency=EUR&utm_medium=product_sync&utm_source=google&utm_content=sag_organic&utm_campaign=sag_organic,2,6,33.33%,7
https://golfiller.fr/products/titleist-velocity-1?variant=51051190223188&country=FR&currency=EUR&utm_medium=product_sync&utm_source=google&utm_content=sag_organic&utm_campaign=sag_organic,2,3,66.67%,2
https://golfiller.fr/products/titleist-velocity-1?variant=51051190157652&country=FR&currency=EUR&utm_medium=product_sync&utm_source=google&utm_content=sag_organic&utm_campaign=sag_organic,2,3,66.67%,2.67
https://golfiller.fr/products/srixon-tour-special?variant=46694209290580&country=FR&currency=EUR&utm_medium=product_sync&utm_source=google&utm_content=sag_organic&utm_campaign=sag_organic,2,2,100%,2.5
https://golfiller.fr/products/lot-de-balles-mix-marques-modeles-index-15-0?variant=46705635230036&country=FR&currency=EUR&utm_medium=product_sync&utm_source=google&utm_content=sag_organic&utm_campaign=sag_organic,2,2,100%,3
https://golfiller.fr/products/inesis-tour-900?variant=46694247792980&country=FR&currency=EUR&utm_medium=product_sync&utm_source=google&utm_content=sag_organic&utm_campaign=sag_organic,2,2,100%,5.5
https://golfiller.fr/products/titleist-tour-soft-1?variant=51051149164884&country=FR&currency=EUR&utm_medium=product_sync&utm_source=google&utm_content=sag_organic&utm_campaign=sag_organic,2,2,100%,7
https://golfiller.fr/collections/tous-les-lots,1,490,0.2%,5.32
https://golfiller.fr/pages/nos-aventures,1,326,0.31%,6.53
https://golfiller.fr/collections/balles-soft,1,249,0.4%,6.64
https://golfiller.fr/collections,1,237,0.42%,6.46
https://golfiller.fr/products/wilson-mix-modeles,1,214,0.47%,8.86
https://golfiller.fr/pages/qualite-aaaa,1,184,0.54%,24.11
https://golfiller.fr/products/golfilet-filet-de-rangement-copie,1,178,0.56%,13.62
https://golfiller.fr/products/pack-srixon,1,100,1%,6.65
https://golfiller.fr/collections/lot-de-balles-confirmes,1,77,1.3%,11.08
https://golfiller.fr/collections/lot-de-3-balles,1,68,1.47%,8.82
https://golfiller.fr/blogs/infos/trouve-ta-balle-confirme-et-pro,1,39,2.56%,7.54
https://golfiller.fr/products/pack-noel,1,39,2.56%,9.28
https://golfiller.fr/products/taylormade-tp5-pix,1,30,3.33%,6.8
https://golfiller.fr/es/blogs/infos/test-des-balles-de-golf,1,26,3.85%,5.73
https://golfiller.fr/es/blogs/infos/quelle-balle-de-golf-pour-quel-joueur,1,24,4.17%,7.42
https://golfiller.fr/es/products/callaway-mix-modeles,1,13,7.69%,6.92
https://golfiller.fr/products/pack-noel-confirme,1,8,12.5%,6.25
https://golfiller.fr/tools/perfect-product-finder/test-trouve-ta-balle-v1?instore=true,1,7,14.29%,2.86
https://golfiller.fr/products/pack-noel-pro,1,6,16.67%,4.67
https://golfiller.fr/products/pack-noel-premiumupro-copie,1,6,16.67%,7.83
https://golfiller.fr/es/products/taylormade-tp5,1,6,16.67%,13.33
https://golfiller.fr/products/srixon-tour-special?variant=46694209225044&country=FR&currency=EUR&utm_medium=product_sync&utm_source=google&utm_content=sag_organic&utm_campaign=sag_organic,1,5,20%,2.4
https://golfiller.fr/products/taylormade-tp5-pix-lot-de-3-ballees?variant=53125620171092&country=FR&currency=EUR&utm_medium=product_sync&utm_source=google&utm_content=sag_organic&utm_campaign=sag_organic,1,5,20%,6.2
https://golfiller.fr/products/copie-de-lot-de-balles-mix-marques-modeles-soft?variant=47935786844500&country=FR&currency=EUR&utm_medium=product_sync&utm_source=google&utm_content=sag_organic&utm_campaign=sag_organic,1,5,20%,7.4
https://golfiller.fr/products/balles-de-couleur-orange-mix-marques?variant=46694331875668&country=FR&currency=EUR&utm_medium=product_sync&utm_source=google&utm_content=sag_organic&utm_campaign=sag_organic,1,4,25%,1.25
https://golfiller.fr/pages/landing-page-email,1,4,25%,2.25
https://golfiller.fr/products/lot-de-balles-mix-marques-modeles-index-15-0?variant=46705635426644&country=FR&currency=EUR&utm_medium=product_sync&utm_source=google&utm_content=sag_organic&utm_campaign=sag_organic,1,4,25%,2.5
https://golfiller.fr/blogs/nos-golfs-partenaires,1,4,25%,5
https://golfiller.fr/products/callaway-supersoft?variant=46694305857876&country=FR&currency=EUR&utm_medium=product_sync&utm_source=google&utm_content=sag_organic&utm_campaign=sag_organic,1,4,25%,7.25
https://golfiller.fr/products/taylormade-speedsoft,1,4,25%,9
https://golfiller.fr/es/products/balles-de-couleur-mix-couleur-mix-marques,1,4,25%,10.75
https://golfiller.fr/products/lot-de-balles-mix-marques-modeles-index-15-0?variant=46705635262804&country=FR&currency=EUR&utm_medium=product_sync&utm_source=google&utm_content=sag_organic&utm_campaign=sag_organic,1,3,33.33%,1.33
https://golfiller.fr/products/lot-de-balles-mix-marques-modeles-bas-de-gamme?variant=47630390165844&country=FR&currency=EUR&utm_medium=product_sync&utm_source=google&utm_content=sag_organic&utm_campaign=sag_organic,1,3,33.33%,5
https://golfiller.fr/products/inesis-soft-500?variant=51051115872596&country=FR&currency=EUR&utm_medium=product_sync&utm_source=google&utm_content=sag_organic&utm_campaign=sag_organic,1,3,33.33%,5.33
https://golfiller.fr/products/copie-de-lot-de-balles-mix-marques-modeles-soft?variant=47935786811732&country=FR&currency=EUR&utm_medium=product_sync&utm_source=google&utm_content=sag_organic&utm_campaign=sag_organic,1,3,33.33%,6.33
https://golfiller.fr/products/inesis-soft-500?variant=51051115839828&country=FR&currency=EUR&utm_medium=product_sync&utm_source=google&utm_content=sag_organic&utm_campaign=sag_organic,1,2,50%,1
https://golfiller.fr/products/titleist-pro-v1x?variant=46694132318548&country=FR&currency=EUR&utm_medium=product_sync&utm_source=google&utm_content=sag_organic&utm_campaign=sag_organic,1,2,50%,2
https://golfiller.fr/products/titleist-pro-v1?variant=46694100861268&country=FR&currency=EUR&utm_medium=product_sync&utm_source=google&utm_content=sag_organic&utm_campaign=sag_organic,1,2,50%,3
https://golfiller.fr/products/filet?variant=51449955123540&country=FR&currency=EUR&utm_medium=product_sync&utm_source=google&utm_content=sag_organic&utm_campaign=sag_organic,1,2,50%,3.5
https://golfiller.fr/products/wilson-duo-soft?variant=46694172623188&country=FR&currency=EUR&utm_medium=product_sync&utm_source=google&utm_content=sag_organic&utm_campaign=sag_organic,1,2,50%,3.5
https://golfiller.fr/products/wilson-ultra?variant=46694302122324&country=FR&currency=EUR&utm_medium=product_sync&utm_source=google&utm_content=sag_organic&utm_campaign=sag_organic,1,2,50%,3.5
https://golfiller.fr/products/balles-de-couleur-rose-mix-marques?variant=46694335938900&country=FR&currency=EUR&utm_medium=product_sync&utm_source=google&utm_content=sag_organic&utm_campaign=sag_organic,1,2,50%,4
https://golfiller.fr/products/titleist-velocity-1?variant=51051190321492&country=FR&currency=EUR&utm_medium=product_sync&utm_source=google&utm_content=sag_organic&utm_campaign=sag_organic,1,2,50%,4
https://golfiller.fr/products/inesis-tour-900?variant=46694247989588&country=FR&currency=EUR&utm_medium=product_sync&utm_source=google&utm_content=sag_organic&utm_campaign=sag_organic,1,2,50%,5
https://golfiller.fr/products/balles-de-couleur-mix-couleur-mix-marques?variant=46694339215700&country=FR&currency=EUR&utm_medium=product_sync&utm_source=google&utm_content=sag_organic&utm_campaign=sag_organic,1,2,50%,5.5
https://golfiller.fr/products/taylormade-mix-modeles?variant=46694204047700&country=FR&currency=EUR&utm_medium=product_sync&utm_source=google&utm_content=sag_organic&utm_campaign=sag_organic,1,2,50%,6
https://golfiller.fr/products/srixon-qstar-tour?variant=46694293209428&country=FR&currency=EUR&utm_medium=product_sync&utm_source=google&utm_content=sag_organic&utm_campaign=sag_organic,1,2,50%,6.5
https://golfiller.fr/products/balles-de-couleur-rose-mix-marques?variant=46694336069972&country=FR&currency=EUR&utm_medium=product_sync&utm_source=google&utm_content=sag_organic&utm_campaign=sag_organic,1,2,50%,7.5
https://golfiller.fr/products/titleist-avx?variant=46694143525204&country=FR&currency=EUR&utm_medium=product_sync&utm_source=google&utm_content=sag_organic&utm_campaign=sag_organic,1,2,50%,9.5
https://golfiller.fr/products/balles-de-couleur-orange-mix-marques?variant=46694331646292&country=FR&currency=EUR&utm_medium=product_sync&utm_source=google&utm_content=sag_organic&utm_campaign=sag_organic,1,1,100%,1
https://golfiller.fr/products/balles-de-couleur-orange-mix-marques?variant=46694331908436&country=FR&currency=EUR&utm_medium=product_sync&utm_source=google&utm_content=sag_organic&utm_campaign=sag_organic,1,1,100%,1
https://golfiller.fr/products/inesis-mix-modeles?variant=46694321717588&country=FR&currency=EUR&utm_medium=product_sync&utm_source=google&utm_content=sag_organic&utm_campaign=sag_organic,1,1,100%,1
https://golfiller.fr/products/nike-mix-modeles?variant=46694297502036&country=FR&currency=EUR&utm_medium=product_sync&utm_source=google&utm_content=sag_organic&utm_campaign=sag_organic,1,1,100%,1
https://golfiller.fr/products/srixon-ad333?variant=46694278267220&country=FR&currency=EUR&utm_medium=product_sync&utm_source=google&utm_content=sag_organic&utm_campaign=sag_organic,1,1,100%,1
https://golfiller.fr/products/srixon-qstar-tour?variant=46694293340500&country=FR&currency=EUR&utm_medium=product_sync&utm_source=google&utm_content=sag_organic&utm_campaign=sag_organic,1,1,100%,1
https://golfiller.fr/products/titleist-pro-v1?variant=46694100828500&country=FR&currency=EUR&utm_medium=product_sync&utm_source=google&utm_content=sag_organic&utm_campaign=sag_organic,1,1,100%,1
https://golfiller.fr/products/vice-mix-modeles?variant=46694213321044&country=FR&currency=EUR&utm_medium=product_sync&utm_source=google&utm_content=sag_organic&utm_campaign=sag_organic,1,1,100%,1
https://golfiller.fr/products/wilson-ultra?variant=46694302024020&country=FR&currency=EUR&utm_medium=product_sync&utm_source=google&utm_content=sag_organic&utm_campaign=sag_organic,1,1,100%,1
https://golfiller.fr/products/callaway-mix-modeles?variant=46694309036372&country=FR&currency=EUR&utm_medium=product_sync&utm_source=google&utm_content=sag_organic&utm_campaign=sag_organic,1,1,100%,2
https://golfiller.fr/products/inesis-mix-modeles?variant=46694321455444&country=FR&currency=EUR&utm_medium=product_sync&utm_source=google&utm_content=sag_organic&utm_campaign=sag_organic,1,1,100%,2
https://golfiller.fr/products/srixon-qstar-tour?variant=46694293373268&country=FR&currency=EUR&utm_medium=product_sync&utm_source=google&utm_content=sag_organic&utm_campaign=sag_organic,1,1,100%,2
https://golfiller.fr/products/srixon-tour-special?variant=46694209192276&country=FR&currency=EUR&utm_medium=product_sync&utm_source=google&utm_content=sag_organic&utm_campaign=sag_organic,1,1,100%,3
https://golfiller.fr/products/inesis-mix-modeles?variant=46694321684820&country=FR&currency=EUR&utm_medium=product_sync&utm_source=google&utm_content=sag_organic&utm_campaign=sag_organic,1,1,100%,4
https://golfiller.fr/products/titleist-mix-modeles?variant=46694318375252&country=FR&currency=EUR&utm_medium=product_sync&utm_source=google&utm_content=sag_organic&utm_campaign=sag_organic,1,1,100%,4
https://golfiller.fr/products/inesis-mix-modeles?variant=46694321520980&country=FR&currency=EUR&utm_medium=product_sync&utm_source=google&utm_content=sag_organic&utm_campaign=sag_organic,1,1,100%,5
https://golfiller.fr/products/srixon-ad333?variant=46694278168916&country=FR&currency=EUR&utm_medium=product_sync&utm_source=google&utm_content=sag_organic&utm_campaign=sag_organic,1,1,100%,5
https://golfiller.fr/products/srixon-tour-special?variant=46694209159508&country=FR&currency=EUR&utm_medium=product_sync&utm_source=google&utm_content=sag_organic&utm_campaign=sag_organic,1,1,100%,5
https://golfiller.fr/products/e-carte-cadeau?variant=50880480117076&country=FR&currency=EUR&utm_medium=product_sync&utm_source=google&utm_content=sag_organic&utm_campaign=sag_organic,1,1,100%,7
https://golfiller.fr/products/callaway-chrome-soft-truvis?variant=52933764710740&country=FR&currency=EUR&utm_medium=product_sync&utm_source=google&utm_content=sag_organic&utm_campaign=sag_organic,1,1,100%,8
https://golfiller.fr/products/balles-de-couleur-rose-mix-marques?variant=46694335971668&country=FR&currency=EUR&utm_medium=product_sync&utm_source=google&utm_content=sag_organic&utm_campaign=sag_organic,1,1,100%,9
https://golfiller.fr/products/inesis-mix-modeles?variant=46694321586516&country=FR&currency=EUR&utm_medium=product_sync&utm_source=google&utm_content=sag_organic&utm_campaign=sag_organic,1,1,100%,9
https://golfiller.fr/products/lot-de-balles-mix-marques-modeles-index-15-0?variant=46745266192724&country=FR&currency=EUR&utm_medium=product_sync&utm_source=google&utm_content=sag_organic&utm_campaign=sag_organic,1,1,100%,11
https://golfiller.fr/products/srixon-ad333?variant=46694278005076&country=FR&currency=EUR&utm_medium=product_sync&utm_source=google&utm_content=sag_organic&utm_campaign=sag_organic,1,1,100%,11
https://golfiller.fr/products/lot-de-balles-mix-marques-modeles-index-15-0?variant=46745266159956&country=FR&currency=EUR&utm_medium=product_sync&utm_source=google&utm_content=sag_organic&utm_campaign=sag_organic,1,1,100%,12
https://golfiller.fr/products/callaway-chrome-soft-truvis?variant=52933764841812&country=FR&currency=EUR&utm_medium=product_sync&utm_source=google&utm_content=sag_organic&utm_campaign=sag_organic,1,1,100%,17
https://golfiller.fr/collections/lots-de-balles-debutant,0,488,0%,3.84
https://golfiller.fr/collections/vendors?page=2&q=golfiller,0,290,0%,6.72
https://golfiller.fr/collections/vendors?page=3&q=golfiller,0,221,0%,4.38
https://golfiller.fr/collections/confirme,0,193,0%,2.15
https://golfiller.fr/es/collections/inesis,0,190,0%,9.59
https://golfiller.fr/products/lot-de-balles-mix-marques-modeles-bas-de-gamme,0,170,0%,8.88
https://golfiller.fr/collections/pro,0,159,0%,03.05
https://golfiller.fr/es/products/inesis-soft-500,0,115,0%,9.27
https://golfiller.fr/collections/noel,0,113,0%,17.66
https://golfiller.fr/collections/accessoire,0,108,0%,10.61
https://golfiller.fr/products/pack-debutant-50-inesis-4a-50-wilson-3a-100-ultra-2a,0,102,0%,9.37
https://golfiller.fr/collections/lots-de-balles-mix-marques,0,98,0%,7.77
https://golfiller.fr/es/collections/callaway,0,97,0%,14.13
https://golfiller.fr/collections/vendors?page=4&q=golfiller,0,93,0%,1.16
https://golfiller.fr/es/collections/srixon,0,90,0%,11.87
https://golfiller.fr/es/blogs/infos/prix-balle-d-une-balle-de-golf,0,72,0%,10.54
https://golfiller.fr/products/pack-tout-terrain,0,71,0%,7.63
https://golfiller.fr/products/offre-special-de-noel,0,71,0%,17.39
https://golfiller.fr/products/pack-confirme,0,70,0%,7.84
https://golfiller.fr/products/pack-titleist,0,48,0%,9.33
https://golfiller.fr/es/products/inesis-tour-900,0,47,0%,10.11
https://golfiller.fr/pages/mentions-legales,0,46,0%,17.39
https://golfiller.fr/es/products/vice-mix-modeles,0,42,0%,8.69
https://golfiller.fr/collections/autres-marques,0,38,0%,9.76
https://golfiller.fr/pages/politique-de-confidentialite,0,36,0%,11.36
https://golfiller.fr/collections/nos-produits?page=2,0,34,0%,7.68
https://golfiller.fr/es/blogs/infos/quelle-est-la-meilleure-balle-de-golf,0,29,0%,9.66
https://golfiller.fr/es/products/inesis-mix-modeles,0,28,0%,8.54
https://golfiller.fr/es/collections/titleist,0,26,0%,8.27
https://golfiller.fr/es/products/taylormade-tp5-pix-lot-de-3-ballees,0,23,0%,11.04
https://golfiller.fr/products/e-carte-cadeau,0,21,0%,7.24
https://golfiller.fr/products/taylormade-tour-response-stripe-copie,0,21,0%,8.48
https://golfiller.fr/es/products/taylormade-mix-modeles,0,21,0%,10.1
https://golfiller.fr/es/products/taylormade-speedsoft-copie,0,21,0%,19
https://golfiller.fr/es/products/taylormade-tp5-pix,0,19,0%,12.89
https://golfiller.fr/es/products/titleist-pro-v1,0,19,0%,18.32
https://golfiller.fr/es/products/srixon-z-star,0,18,0%,10.33
https://golfiller.fr/es/collections/all,0,17,0%,3.29
https://golfiller.fr/es/products/srixon-qstar-tour,0,16,0%,15.38
https://golfiller.fr/es/collections/toutes-les-balles,0,15,0%,3.87
https://golfiller.fr/es/collections/nos-produits?page=2,0,15,0%,5
https://golfiller.fr/es/products/srixon-tour-special,0,15,0%,7.67
https://golfiller.fr/collections/nos-produits?page=3,0,13,0%,5
https://golfiller.fr/es/products/bolas-marcas-modelos-variados-soft,0,13,0%,5.62
https://golfiller.fr/es/pages/mentions-legales,0,13,0%,7.85
https://golfiller.fr/es/blogs/infos/connaitre-le-slope-de-votre-golf,0,13,0%,8.85
https://golfiller.fr/es/products/taylormade-speedsoft,0,13,0%,10.23
https://golfiller.fr/es/collections/marques,0,12,0%,03.08
https://golfiller.fr/es/collections/tous-les-lots,0,12,0%,5.17
https://golfiller.fr/collections/toutes-les-balles?page=2,0,12,0%,5.75
https://golfiller.fr/products/callaway-chrome-soft-truvis,0,11,0%,5.36
https://golfiller.fr/collections/vendors?q=Le deuxi%C3%A8me %C3%A0 -15%25 !,0,11,0%,6.91
https://golfiller.fr/es/products/callaway-supersoft,0,11,0%,8.45
https://golfiller.fr/products/callaway-chrome-soft-truvis-lot-de-3-balles,0,11,0%,9.18
https://golfiller.fr/es/collections/wilson,0,11,0%,11.18
https://golfiller.fr/products/taylormade-tour-response-copie,0,10,0%,8.8
https://golfiller.fr/es/collections/taylormade,0,10,0%,11.3
https://golfiller.fr/pages/collection-bundle,0,9,0%,4.22
https://golfiller.fr/collections/un-lot-achete-un-lot-offert?page=2,0,9,0%,6.89
https://golfiller.fr/es/products/pack-titleist,0,9,0%,8.89
https://golfiller.fr/collections/marques,0,9,0%,10.22
https://golfiller.fr/es/pages/qui-sommes-nous-1,0,9,0%,21.22
https://golfiller.fr/es/products/titleist-tour-soft-1,0,9,0%,21.33
https://golfiller.fr/es/blogs/infos/calculateur-score-differentiel-et-index-golf-whs,0,9,0%,34.56
https://golfiller.fr/es/collections/vendors?q=golfiller,0,8,0%,3
https://golfiller.fr/products/taylormade-tour-response-1,0,7,0%,6.14
https://golfiller.fr/es/products/pack-debutant-50-inesis-4a-50-wilson-3a-100-ultra-2a,0,7,0%,9.71
https://golfiller.fr/es/products/bridgestone-modelos-mixtos,0,7,0%,12.29
https://golfiller.fr/es/products/pack-confirme,0,7,0%,14.29
https://golfiller.fr/es/collections,0,6,0%,3.83
https://golfiller.fr/es/search,0,6,0%,4.83
https://golfiller.fr/collections/toutes-les-balles?page=3,0,6,0%,5.17
https://golfiller.fr/pages/nos-conditions-general-de-ventes,0,6,0%,5.83
https://golfiller.fr/es/products/titleist-velocity-1,0,6,0%,6.67
https://golfiller.fr/blogs/infos/la-difference-entre-les-x,0,6,0%,7.17
https://golfiller.fr/es/products/bolas-entrenamiento-titleist-pro,0,6,0%,29.67
https://golfiller.fr/products/pack-pro-12-v1-4a-24-pro-2a-12-tp5-4a-12-tp5x-4a,0,5,0%,6
https://golfiller.fr/products/sachet-coton-100-tees-ou-3-balles,0,5,0%,7.6
https://golfiller.fr/es/pages/collection-bundle,0,5,0%,8.2
https://golfiller.fr/es/products/taylormade-tour-response-stripe-copie,0,5,0%,8.8
https://golfiller.fr/es/blogs/infos/balles-golfiller-vs-balles-neuves,0,5,0%,23.6
https://golfiller.fr/products/titleist-pro-v1?variant=46694100664660&country=FR&currency=EUR&utm_medium=product_sync&utm_source=google&utm_content=sag_organic&utm_campaign=sag_organic,0,4,0%,4.25
https://golfiller.fr/es/products/titleist-mix-modeles,0,4,0%,5.75
https://golfiller.fr/es/products/lot-de-balles-mix-marques-modeles-bas-de-gamme,0,4,0%,6
https://golfiller.fr/es/blogs/infos/prix-balles-de-golf-neuf-vs-occasion-comparatif-2026,0,4,0%,7.5
https://golfiller.fr/es/products/pack-de-la-semaine,0,4,0%,7.5
https://golfiller.fr/products/taylormade-tp5-pix?variant=52926921933140&country=FR&currency=EUR&utm_medium=product_sync&utm_source=google&utm_content=sag_organic&utm_campaign=sag_organic,0,4,0%,10.25
https://golfiller.fr/es/collections/balles-de-couleur,0,4,0%,11.75
https://golfiller.fr/es/products/titleist-avx,0,4,0%,12.25
https://golfiller.fr/es/products/balles-de-couleur-orange-mix-marques,0,4,0%,13.5
https://golfiller.fr/collections/black-friday,0,3,0%,1.67
https://golfiller.fr/es/pages/partenaire,0,3,0%,2.33
https://golfiller.fr/products/inesis-mix-modeles?variant=46694321422676&country=FR&currency=EUR&utm_medium=product_sync&utm_source=google&utm_content=sag_organic&utm_campaign=sag_organic,0,3,0%,3.33
https://golfiller.fr/es/collections/pro,0,3,0%,5
https://golfiller.fr/products/lot-de-balles-mix-marques-modeles-bas-de-gamme?variant=47630390067540&country=FR&currency=EUR&utm_medium=product_sync&utm_source=google&utm_content=sag_organic&utm_campaign=sag_organic,0,3,0%,5
https://golfiller.fr/products/mix-decouverte-lot-de-3-balles,0,3,0%,5.67
https://golfiller.fr/blogs/infos/luberon,0,3,0%,6.67
https://golfiller.fr/es/products/pack-decouverte,0,3,0%,8.67
https://golfiller.fr/es/pages/cgv-mention-legales,0,3,0%,9
https://golfiller.fr/products/titleist-pro-v1?variant=46694100697428&country=FR&currency=EUR&utm_medium=product_sync&utm_source=google&utm_content=sag_organic&utm_campaign=sag_organic,0,3,0%,9.67
https://golfiller.fr/es/collections/confirme,0,3,0%,17.67
https://golfiller.fr/products/balles-de-couleur-orange-mix-marques?variant=46694331744596&country=FR&currency=EUR&utm_medium=product_sync&utm_source=google&utm_content=sag_organic&utm_campaign=sag_organic,0,2,0%,1
https://golfiller.fr/products/lot-de-balles-entrainement?variant=46694371819860&country=FR&currency=EUR&utm_medium=product_sync&utm_source=google&utm_content=sag_organic&utm_campaign=sag_organic,0,2,0%,1
https://golfiller.fr/products/taylormade-tour-response-copie?variant=52850348720468&country=FR&currency=EUR&utm_medium=product_sync&utm_source=google&utm_content=sag_organic&utm_campaign=sag_organic,0,2,0%,1
https://golfiller.fr/products/titleist-pro-v1?variant=46694100566356&country=FR&currency=EUR&utm_medium=product_sync&utm_source=google&utm_content=sag_organic&utm_campaign=sag_organic,0,2,0%,1.5
https://golfiller.fr/products/titleist-pro-v1?variant=46694100631892&country=FR&currency=EUR&utm_medium=product_sync&utm_source=google&utm_content=sag_organic&utm_campaign=sag_organic,0,2,0%,1.5
https://golfiller.fr/es/pages/qualite-aaaa,0,2,0%,2
https://golfiller.fr/products/inesis-mix-modeles?variant=46694321553748&country=FR&currency=EUR&utm_medium=product_sync&utm_source=google&utm_content=sag_organic&utm_campaign=sag_organic,0,2,0%,2
https://golfiller.fr/products/wilson-mix-modeles?variant=46694313754964&country=FR&currency=EUR&utm_medium=product_sync&utm_source=google&utm_content=sag_organic&utm_campaign=sag_organic,0,2,0%,2
https://golfiller.fr/tools/perfect-product-finder/test-trouve-ta-balle-v1,0,2,0%,3.5
https://golfiller.fr/es/pages/nos-aventures,0,2,0%,4.5
https://golfiller.fr/products/taylormade-tp5x?variant=46694180290900&country=FR&currency=EUR&utm_medium=product_sync&utm_source=google&utm_content=sag_organic&utm_campaign=sag_organic,0,2,0%,4.5
https://golfiller.fr/es/products/copie-de-lot-de-balles-mix-marques-modeles-soft,0,2,0%,5.5
https://golfiller.fr/es/products/srixon-ad333,0,2,0%,5.5
https://golfiller.fr/collections/all?page=2,0,2,0%,7
https://golfiller.fr/es/products/golfilet-filet-de-rangement-copie,0,2,0%,7
https://golfiller.fr/es/products/wilson-duo-soft,0,2,0%,7.5
https://golfiller.fr/es/products/mix-decouverte-lot-de-3-balles,0,2,0%,8.5
https://golfiller.fr/es/products/wilson-mix-modeles,0,2,0%,8.5
https://golfiller.fr/es/products/pack-srixon,0,2,0%,9.5
https://golfiller.fr/es/collections/toutes-les-balles?page=2,0,2,0%,10
https://golfiller.fr/es/products/callaway-chrome-soft,0,2,0%,10
https://golfiller.fr/products/lot-de-balles-mix-marques-modeles-index-15-0?variant=46705635098964&country=FR&currency=EUR&utm_medium=product_sync&utm_source=google&utm_content=sag_organic&utm_campaign=sag_organic,0,2,0%,12
https://golfiller.fr/es/blogs/infos/tout-ce-que-vous-devez-savoir-sur-us-open-de-golf-2025,0,2,0%,13.5
https://golfiller.fr/products/filet?variant=51449955090772&country=FR&currency=EUR&utm_medium=product_sync&utm_source=google&utm_content=sag_organic&utm_campaign=sag_organic,0,2,0%,35
https://golfiller.fr/es/collections/un-lot-achete-un-lot-offert,0,1,0%,1
https://golfiller.fr/es/collections/vendors?page=2&q=golfiller,0,1,0%,1
https://golfiller.fr/es/pages/nos-conditions-general-de-ventes,0,1,0%,1
https://golfiller.fr/products/bridgestone-mix-modeles?variant=42484343701744&country=FR&currency=EUR&utm_medium=product_sync&utm_source=google&utm_content=sag_organic&utm_campaign=sag_organic,0,1,0%,1
https://golfiller.fr/products/callaway-chrome-soft?variant=46694227018068&country=FR&currency=EUR&utm_medium=product_sync&utm_source=google&utm_content=sag_organic&utm_campaign=sag_organic,0,1,0%,1
https://golfiller.fr/products/gant-de-golf-en-cuir-cabretta?variant=52685155598676&country=FR&currency=EUR&utm_medium=product_sync&utm_source=google&utm_content=sag_organic&utm_campaign=sag_organic,0,1,0%,1
https://golfiller.fr/products/inesis-mix-modeles?variant=46694321652052&country=FR&currency=EUR&utm_medium=product_sync&utm_source=google&utm_content=sag_organic&utm_campaign=sag_organic,0,1,0%,1
https://golfiller.fr/products/inesis-tour-900?variant=46694247858516&country=FR&currency=EUR&utm_medium=product_sync&utm_source=google&utm_content=sag_organic&utm_campaign=sag_organic,0,1,0%,1
https://golfiller.fr/products/lot-de-balles-mix-marques-modeles-index-15-0?variant=47714477310292&country=FR&currency=EUR&utm_medium=product_sync&utm_source=google&utm_content=sag_organic&utm_campaign=sag_organic,0,1,0%,1
https://golfiller.fr/products/lot-de-balles-mix-marques-modeles-index-54-0?variant=46705703223636&country=FR&currency=EUR&utm_medium=product_sync&utm_source=google&utm_content=sag_organic&utm_campaign=sag_organic,0,1,0%,1
https://golfiller.fr/products/nike-mix-modeles?variant=46694297600340&country=FR&currency=EUR&utm_medium=product_sync&utm_source=google&utm_content=sag_organic&utm_campaign=sag_organic,0,1,0%,1
https://golfiller.fr/products/nike-mix-modeles?variant=46694297633108&country=FR&currency=EUR&utm_medium=product_sync&utm_source=google&utm_content=sag_organic&utm_campaign=sag_organic,0,1,0%,1
https://golfiller.fr/products/pack-tout-terrain?variant=50847810748756&country=FR&currency=EUR&utm_medium=product_sync&utm_source=google&utm_content=sag_organic&utm_campaign=sag_organic,0,1,0%,1
https://golfiller.fr/products/srixon-mix-modeles?variant=46694288163156&country=FR&currency=EUR&utm_medium=product_sync&utm_source=google&utm_content=sag_organic&utm_campaign=sag_organic,0,1,0%,1
https://golfiller.fr/products/srixon-qstar-tour?variant=46694293406036&country=FR&currency=EUR&utm_medium=product_sync&utm_source=google&utm_content=sag_organic&utm_campaign=sag_organic,0,1,0%,1
https://golfiller.fr/products/srixon-tour-special?variant=46694209421652&country=FR&currency=EUR&utm_medium=product_sync&utm_source=google&utm_content=sag_organic&utm_campaign=sag_organic,0,1,0%,1
https://golfiller.fr/products/taylormade-tour-response-copie?variant=52850348458324&country=FR&currency=EUR&utm_medium=product_sync&utm_source=google&utm_content=sag_organic&utm_campaign=sag_organic,0,1,0%,1
https://golfiller.fr/products/titleist-mix-modeles?variant=46694318047572&country=FR&currency=EUR&utm_medium=product_sync&utm_source=google&utm_content=sag_organic&utm_campaign=sag_organic,0,1,0%,1
https://golfiller.fr/products/wilson-mix-modeles?variant=46694313591124&country=FR&currency=EUR&utm_medium=product_sync&utm_source=google&utm_content=sag_organic&utm_campaign=sag_organic,0,1,0%,1
https://golfiller.fr/es/collections/toutes-les-balles?page=3,0,1,0%,2
https://golfiller.fr/products/callaway-chrome-soft?variant=46694227083604&country=FR&currency=EUR&utm_medium=product_sync&utm_source=google&utm_content=sag_organic&utm_campaign=sag_organic,0,1,0%,2
https://golfiller.fr/products/callaway-mix-modeles?variant=46694308938068&country=FR&currency=EUR&utm_medium=product_sync&utm_source=google&utm_content=sag_organic&utm_campaign=sag_organic,0,1,0%,2
https://golfiller.fr/products/callaway-mix-modeles?variant=46694309069140&country=FR&currency=EUR&utm_medium=product_sync&utm_source=google&utm_content=sag_organic&utm_campaign=sag_organic,0,1,0%,2
https://golfiller.fr/products/callaway-supersoft?variant=46694305726804&country=FR&currency=EUR&utm_medium=product_sync&utm_source=google&utm_content=sag_organic&utm_campaign=sag_organic,0,1,0%,2
https://golfiller.fr/products/inesis-tour-900?variant=46694248055124&country=FR&currency=EUR&utm_medium=product_sync&utm_source=google&utm_content=sag_organic&utm_campaign=sag_organic,0,1,0%,2
https://golfiller.fr/products/taylormade-tp5?variant=43451661025520&country=FR&currency=EUR&utm_medium=product_sync&utm_source=google&utm_content=sag_organic&utm_campaign=sag_organic,0,1,0%,2
https://golfiller.fr/products/titleist-pro-v1?variant=46694100762964&country=FR&currency=EUR&utm_medium=product_sync&utm_source=google&utm_content=sag_organic&utm_campaign=sag_organic,0,1,0%,2
https://golfiller.fr/products/titleist-pro-v1x?variant=46694132351316&country=FR&currency=EUR&utm_medium=product_sync&utm_source=google&utm_content=sag_organic&utm_campaign=sag_organic,0,1,0%,2
https://golfiller.fr/products/titleist-velocity-1?variant=51051190092116&country=FR&currency=EUR&utm_medium=product_sync&utm_source=google&utm_content=sag_organic&utm_campaign=sag_organic,0,1,0%,2
https://golfiller.fr/products/titleist-velocity-1?variant=51051190190420&country=FR&currency=EUR&utm_medium=product_sync&utm_source=google&utm_content=sag_organic&utm_campaign=sag_organic,0,1,0%,2
https://golfiller.fr/products/wilson-mix-modeles?variant=46694313492820&country=FR&currency=EUR&utm_medium=product_sync&utm_source=google&utm_content=sag_organic&utm_campaign=sag_organic,0,1,0%,2
https://golfiller.fr/cdn/shop/files/2000x2000_0011_Mix_Couleur_Blue.png?v=1688147662&width=2000,0,1,0%,3
https://golfiller.fr/es/products/calendrier-de-lavent,0,1,0%,3
https://golfiller.fr/products/balles-de-couleur-jaune-mix-marques?variant=46694328762708&country=FR&currency=EUR&utm_medium=product_sync&utm_source=google&utm_content=sag_organic&utm_campaign=sag_organic,0,1,0%,3
https://golfiller.fr/products/balles-de-couleur-jaune-mix-marques?variant=46694328795476&country=FR&currency=EUR&utm_medium=product_sync&utm_source=google&utm_content=sag_organic&utm_campaign=sag_organic,0,1,0%,3
https://golfiller.fr/products/callaway-supersoft?variant=46694305661268&country=FR&currency=EUR&utm_medium=product_sync&utm_source=google&utm_content=sag_organic&utm_campaign=sag_organic,0,1,0%,3
https://golfiller.fr/products/inesis-mix-modeles?variant=46694321389908&country=FR&currency=EUR&utm_medium=product_sync&utm_source=google&utm_content=sag_organic&utm_campaign=sag_organic,0,1,0%,3
https://golfiller.fr/products/inesis-soft-500?variant=51051115938132&country=FR&currency=EUR&utm_medium=product_sync&utm_source=google&utm_content=sag_organic&utm_campaign=sag_organic,0,1,0%,3
https://golfiller.fr/products/nike-mix-modeles?variant=46694297436500&country=FR&currency=EUR&utm_medium=product_sync&utm_source=google&utm_content=sag_organic&utm_campaign=sag_organic,0,1,0%,3
https://golfiller.fr/products/srixon-mix-modeles?variant=46694287999316&country=FR&currency=EUR&utm_medium=product_sync&utm_source=google&utm_content=sag_organic&utm_campaign=sag_organic,0,1,0%,3
https://golfiller.fr/products/titleist-pro-v1?variant=46694100599124&country=FR&currency=EUR&utm_medium=product_sync&utm_source=google&utm_content=sag_organic&utm_campaign=sag_organic,0,1,0%,3
https://golfiller.fr/products/titleist-pro-v1?variant=46694100730196&country=FR&currency=EUR&utm_medium=product_sync&utm_source=google&utm_content=sag_organic&utm_campaign=sag_organic,0,1,0%,3
https://golfiller.fr/products/titleist-pro-v1?variant=46694100894036&country=FR&currency=EUR&utm_medium=product_sync&utm_source=google&utm_content=sag_organic&utm_campaign=sag_organic,0,1,0%,3
https://golfiller.fr/products/titleist-pro-v1x?variant=46694132023636&country=FR&currency=EUR&utm_medium=product_sync&utm_source=google&utm_content=sag_organic&utm_campaign=sag_organic,0,1,0%,3
https://golfiller.fr/es/pages/landing-page-email,0,1,0%,4
https://golfiller.fr/products/callaway-mix-modeles?variant=46694309200212&country=FR&currency=EUR&utm_medium=product_sync&utm_source=google&utm_content=sag_organic&utm_campaign=sag_organic,0,1,0%,4
https://golfiller.fr/products/callaway-supersoft?variant=46694305890644&country=FR&currency=EUR&utm_medium=product_sync&utm_source=google&utm_content=sag_organic&utm_campaign=sag_organic,0,1,0%,4
https://golfiller.fr/products/srixon-z-star?variant=46694264865108&country=FR&currency=EUR&utm_medium=product_sync&utm_source=google&utm_content=sag_organic&utm_campaign=sag_organic,0,1,0%,4
https://golfiller.fr/products/taylormade-tour-response-1?variant=52577466319188,0,1,0%,4
https://golfiller.fr/products/titleist-tour-soft-1?variant=51051149230420&country=FR&currency=EUR&utm_medium=product_sync&utm_source=google&utm_content=sag_organic&utm_campaign=sag_organic,0,1,0%,4
https://golfiller.fr/products/wilson-mix-modeles?variant=46694313525588&country=FR&currency=EUR&utm_medium=product_sync&utm_source=google&utm_content=sag_organic&utm_campaign=sag_organic,0,1,0%,4
https://golfiller.fr/cdn/shop/files/2000x2000_0012_Mix_Rose.png?v=1688147570,0,1,0%,5
https://golfiller.fr/collections/all?page=3,0,1,0%,5
https://golfiller.fr/es/blogs/infos/aix-les-bains,0,1,0%,5
https://golfiller.fr/es/blogs/infos/evian-resort,0,1,0%,6
https://golfiller.fr/es/pages/contact,0,1,0%,6
https://golfiller.fr/es/products/e-carte-cadeau?variant=50880479920468,0,1,0%,6
https://golfiller.fr/es/products/lot-de-balles-mix-marques-modeles-index-54-0,0,1,0%,6
https://golfiller.fr/es/products/taylormade-tp5x,0,1,0%,6
https://golfiller.fr/es/products/gant-de-golf-en-cuir-cabretta,0,1,0%,7
https://golfiller.fr/es/products/pack-decouverte?variant=50847752388948,0,1,0%,7
https://golfiller.fr/es/products/taylormade-tp5x?variant=46694180389204,0,1,0%,7
https://golfiller.fr/products/balles-de-couleur-mix-couleur-mix-marques?variant=46694339379540&country=FR&currency=EUR&utm_medium=product_sync&utm_source=google&utm_content=sag_organic&utm_campaign=sag_organic,0,1,0%,7
https://golfiller.fr/products/vice-mix-modeles?variant=46694213550420&country=FR&currency=EUR&utm_medium=product_sync&utm_source=google&utm_content=sag_organic&utm_campaign=sag_organic,0,1,0%,7
https://golfiller.fr/es/products/nike-mix-modeles,0,1,0%,8
https://golfiller.fr/es/products/titleist-pro-v1x,0,1,0%,8
https://golfiller.fr/products/balles-de-couleur-jaune-mix-marques?variant=46694328664404&country=FR&currency=EUR&utm_medium=product_sync&utm_source=google&utm_content=sag_organic&utm_campaign=sag_organic,0,1,0%,8
https://golfiller.fr/es/products/balles-de-couleur-jaune-mix-marques,0,1,0%,9
https://golfiller.fr/es/products/pack-pro-12-v1-4a-24-pro-2a-12-tp5-4a-12-tp5x-4a,0,1,0%,9
https://golfiller.fr/es/products/titleist-avx?variant=46694143689044,0,1,0%,9
https://golfiller.fr/products/bridgestone-mix-modeles?variant=43451669774576&country=FR&currency=EUR&utm_medium=product_sync&utm_source=google&utm_content=sag_organic&utm_campaign=sag_organic,0,1,0%,9
https://golfiller.fr/collections/marques?page=2,0,1,0%,10
https://golfiller.fr/es/products/lot-de-balles-mix-marques-modeles-index-15-0,0,1,0%,10
https://golfiller.fr/products/pack-titleist?variant=50847689081172&country=FR&currency=EUR&utm_medium=product_sync&utm_source=google&utm_content=sag_organic&utm_campaign=sag_organic,0,1,0%,10
https://golfiller.fr/products/wilson-mix-modeles?variant=46694313722196&country=FR&currency=EUR&utm_medium=product_sync&utm_source=google&utm_content=sag_organic&utm_campaign=sag_organic,0,1,0%,10
https://golfiller.fr/products/wilson-mix-modeles?variant=46694313853268&country=FR&currency=EUR&utm_medium=product_sync&utm_source=google&utm_content=sag_organic&utm_campaign=sag_organic,0,1,0%,10
https://golfiller.fr/blogs/nos-ramassages,0,1,0%,11
https://golfiller.fr/cdn/shop/files/2000x2000_0007_Mix_Silver_Blue.png?v=1688558181&width=2000,0,1,0%,11
https://golfiller.fr/es/blogs/nos-golfs-partenaires,0,1,0%,11
https://golfiller.fr/es/products/taylormade-tp5x?variant=46694180290900,0,1,0%,11
https://golfiller.fr/products/inesis-tour-900?variant=46694248022356&country=FR&currency=EUR&utm_medium=product_sync&utm_source=google&utm_content=sag_organic&utm_campaign=sag_organic,0,1,0%,11
https://golfiller.fr/products/srixon-z-star?variant=46694264897876&country=FR&currency=EUR&utm_medium=product_sync&utm_source=google&utm_content=sag_organic&utm_campaign=sag_organic,0,1,0%,11
https://golfiller.fr/cdn/shop/files/inesis_500.jpg?v=1763153183&width=2000,0,1,0%,12
https://golfiller.fr/es/products/balles-de-couleur-rose-mix-marques,0,1,0%,12
https://golfiller.fr/products/taylormade-tp5-pix?variant=52926921802068&country=FR&currency=EUR&utm_medium=product_sync&utm_source=google&utm_content=sag_organic&utm_campaign=sag_organic,0,1,0%,12
https://golfiller.fr/products/taylormade-tp5-pix?variant=52926921900372&country=FR&currency=EUR&utm_medium=product_sync&utm_source=google&utm_content=sag_organic&utm_campaign=sag_organic,0,1,0%,12
https://golfiller.fr/products/lot-de-balles-mix-marques-modeles-index-54-0?variant=46705703256404&country=FR&currency=EUR&utm_medium=product_sync&utm_source=google&utm_content=sag_organic&utm_campaign=sag_organic,0,1,0%,13
https://golfiller.fr/products/srixon-qstar-tour?variant=46694293504340&country=FR&currency=EUR&utm_medium=product_sync&utm_source=google&utm_content=sag_organic&utm_campaign=sag_organic,0,1,0%,13
https://golfiller.fr/products/wilson-duo-soft?variant=46694172688724&country=FR&currency=EUR&utm_medium=product_sync&utm_source=google&utm_content=sag_organic&utm_campaign=sag_organic,0,1,0%,13
https://golfiller.fr/es/products/taylormade-tp5x?variant=46694180028756,0,1,0%,14
https://golfiller.fr/products/callaway-chrome-soft-truvis-lot-de-3-balles?variant=53125139497300&country=FR&currency=EUR&utm_medium=product_sync&utm_source=google&utm_content=sag_organic&utm_campaign=sag_organic,0,1,0%,14
https://golfiller.fr/es/collections/nos-produits?page=3,0,1,0%,17
https://golfiller.fr/cdn/shop/files/inesis_500_2.png?crop=center&height=746&v=1763153184&width=788,0,1,0%,23
https://golfiller.fr/cdn/shop/files/mix_conf.jpg?v=1770227853&width=2000,0,1,0%,27