Pages les plus populaires,Les 6 derniers mois Clics,6 mois précédents Clics,Les 6 derniers mois Impressions,6 mois précédents Impressions,Les 6 derniers mois CTR,6 mois précédents CTR,Les 6 derniers mois Position,6 mois précédents Position
https://golfiller.fr/,7329,7095,126359,151581,5.8%,4.68%,8.28,8.73
https://golfiller.fr/blogs/infos/tableau-comparatif-de-compression-de-balles,2300,3671,21008,29242,10.95%,12.55%,7.7,07.09
https://golfiller.fr/blogs/infos/calcul-index-golf,837,1042,32927,43163,2.54%,2.41%,9.66,11.12
https://golfiller.fr/blogs/infos/quelle-balle-de-golf-pour-quel-joueur,651,823,12010,14204,5.42%,5.79%,6.62,8.11
https://golfiller.fr/blogs/infos/vitesse-de-swing-au-golf-tableaux-par-profil-par-club-et-du-top-10-mondial,377,0,3723,0,10.13%,0%,4.78,0
https://golfiller.fr/products/titleist-pro-v1,281,465,15511,21879,1.81%,2.13%,6.82,07.05
https://golfiller.fr/pages/guide-de-gradation,199,229,1845,7735,10.79%,2.96%,4.45,6.78
https://golfiller.fr/products/callaway-supersoft,197,215,6680,7367,2.95%,2.92%,5.57,06.06
https://golfiller.fr/products/vice-mix-modeles,175,189,7848,7570,2.23%,2.5%,9.86,5.55
https://golfiller.fr/products/srixon-qstar-tour,162,152,5599,5716,2.89%,2.66%,08.06,8.35
https://golfiller.fr/blogs/infos/le-tarif-de-chaque-parcours-de-golf-en-france,160,0,9535,0,1.68%,0%,5.62,0
https://golfiller.fr/collections/balles-de-couleur,160,199,5666,16087,2.82%,1.24%,13.31,8.81
https://golfiller.fr/products/taylormade-tp5,154,176,8558,11343,1.8%,1.55%,7.46,7.52
https://golfiller.fr/blogs/infos/quelle-marque-de-balle-de-golf-joueur,152,355,8799,12324,1.73%,2.88%,8.33,8.25
https://golfiller.fr/products/srixon-ad333,151,136,8727,7318,1.73%,1.86%,8.34,9.2
https://golfiller.fr/collections/un-lot-achete-un-lot-offert,142,175,13370,12034,1.06%,1.45%,1.91,5.1
https://golfiller.fr/blogs/infos/quelle-est-la-meilleure-balle-de-golf,142,213,9441,11574,1.5%,1.84%,14.8,14.57
https://golfiller.fr/products/inesis-mix-modeles,139,190,14014,18594,0.99%,1.02%,9.15,07.01
https://golfiller.fr/blogs/infos/connaitre-le-slope-de-votre-golf,128,0,4266,0,3%,0%,6.61,0
https://golfiller.fr/products/inesis-tour-900,126,106,5012,8119,2.51%,1.31%,7.26,8.63
https://golfiller.fr/products/srixon-z-star,126,137,3422,4281,3.68%,3.2%,5.82,7.46
https://golfiller.fr/products/nike-mix-modeles,124,130,2981,3641,4.16%,3.57%,6.98,9.36
https://golfiller.fr/pages/qui-sommes-nous-1,119,111,11367,9078,1.05%,1.22%,1.49,1.69
https://golfiller.fr/blogs/infos/calculateur-score-differentiel-et-index-golf-whs,104,0,3337,0,3.12%,0%,9.39,0
https://golfiller.fr/products/callaway-chrome-soft,103,129,4168,6707,2.47%,1.92%,9.27,9.64
https://golfiller.fr/products/srixon-tour-special,100,175,4178,5058,2.39%,3.46%,7.55,7.36
https://golfiller.fr/products/titleist-tour-soft-1,98,92,3222,2977,3.04%,3.09%,7.75,6.14
https://golfiller.fr/products/inesis-soft-500,94,105,5101,5139,1.84%,2.04%,07.04,07.07
https://golfiller.fr/products/wilson-duo-soft,90,79,2701,2247,3.33%,3.52%,7.87,8.17
https://golfiller.fr/collections/all,89,73,11779,18568,0.76%,0.39%,1.49,3.35
https://golfiller.fr/products/titleist-pro-v1x,88,105,4115,5173,2.14%,2.03%,5.7,5.82
https://golfiller.fr/blogs/infos/prix-balle-d-une-balle-de-golf,85,76,9039,6043,0.94%,1.26%,06.05,5.87
https://golfiller.fr/products/titleist-avx,85,75,2635,2557,3.23%,2.93%,7.68,6.37
https://golfiller.fr/blogs/infos/test-des-balles-de-golf,72,102,2285,3947,3.15%,2.58%,17,10.4
https://golfiller.fr/products/balles-de-couleur-orange-mix-marques,71,61,3770,6013,1.88%,1.01%,12.97,5.51
https://golfiller.fr/collections/inesis,69,67,6318,8732,1.09%,0.77%,6.72,6.75
https://golfiller.fr/products/taylormade-tp5x,69,85,2325,2476,2.97%,3.43%,6.11,6.16
https://golfiller.fr/collections/toutes-les-balles,64,102,15826,40860,0.4%,0.25%,3.88,4.28
https://golfiller.fr/products/callaway-mix-modeles,64,82,8706,10448,0.74%,0.78%,9.63,7.82
https://golfiller.fr/products/calendrier-de-lavent,64,2916,640,15785,10%,18.47%,7.75,3.21
https://golfiller.fr/products/wilson-ultra,61,127,3744,9952,1.63%,1.28%,8.78,10.81
https://golfiller.fr/blogs/infos/tableau-spin-par-modele-de-balle-de-golf,59,0,642,0,9.19%,0%,8.7,0
https://golfiller.fr/products/balles-de-couleur-rose-mix-marques,58,81,4397,8117,1.32%,1%,12.3,7.9
https://golfiller.fr/pages/besoin-daide,56,76,1723,5700,3.25%,1.33%,6.89,7.37
https://golfiller.fr/products/titleist-velocity-1,53,54,1702,1728,3.11%,3.12%,08.07,7.71
https://golfiller.fr/products/srixon-mix-modeles,41,99,4671,10587,0.88%,0.94%,11.5,10.05
https://golfiller.fr/collections/best-sellers,37,57,3464,23015,1.07%,0.25%,08.06,4.45
https://golfiller.fr/pages/contact,33,18,6148,4051,0.54%,0.44%,6.22,13.97
https://golfiller.fr/products/titleist-mix-modeles,32,113,5601,8269,0.57%,1.37%,9.68,8.95
https://golfiller.fr/products/balles-de-couleur-mix-couleur-mix-marques,31,27,36083,26815,0.09%,0.1%,12.96,13.96
https://golfiller.fr/products/filet,25,21,1109,346,2.25%,6.07%,6.8,22.9
https://golfiller.fr/blogs/infos/aix-les-bains,24,18,631,740,3.8%,2.43%,10.82,10.82
https://golfiller.fr/products/lot-de-balles-mix-marques-modeles-index-54-0,22,57,8030,12719,0.27%,0.45%,14.48,12.19
https://golfiller.fr/blogs/infos/tout-ce-que-vous-devez-savoir-sur-us-open-de-golf-2025,21,242,6072,51097,0.35%,0.47%,8.79,9.86
https://golfiller.fr/collections/promo-de-la-semaine,21,58,1035,5794,2.03%,1%,13.6,14.24
https://golfiller.fr/products/balles-de-couleur-jaune-mix-marques,19,31,2109,3170,0.9%,0.98%,8.48,7.67
https://golfiller.fr/pages/cgv-mention-legales,19,18,692,3539,2.75%,0.51%,5.97,7.8
https://golfiller.fr/collections/vendors?q=golfiller,18,3,7773,549,0.23%,0.55%,1.38,5.8
https://golfiller.fr/es/blogs/infos/quelle-marque-de-balle-de-golf-joueur,15,0,380,0,3.95%,0%,5.55,0
https://golfiller.fr/products/bridgestone-mix-modeles,13,22,1605,2297,0.81%,0.96%,10.35,10.31
https://golfiller.fr/products/lot-de-balles-entrainement,12,9,1026,1264,1.17%,0.71%,7.32,11.37
https://golfiller.fr/products/taylormade-mix-modeles,10,20,1061,3425,0.94%,0.58%,12.82,8.28
https://golfiller.fr/collections/callaway,9,17,4450,31033,0.2%,0.05%,10.93,6.16
https://golfiller.fr/collections/taylormade,9,7,2194,20668,0.41%,0.03%,17.35,6.85
https://golfiller.fr/es,9,0,156,0,5.77%,0%,04.04,0
https://golfiller.fr/collections/titleist,8,17,3133,26818,0.26%,0.06%,14.55,5.76
https://golfiller.fr/collections/srixon,8,21,2899,19913,0.28%,0.11%,11.99,5.71
https://golfiller.fr/blogs/infos/comment-choisir-sa-balle-de-golf-le-guide-pour-baisser-votre-index,8,0,316,0,2.53%,0%,15.36,0
https://golfiller.fr/blogs/infos/lyon-salvagny,8,6,225,369,3.56%,1.63%,12.79,13.95
https://golfiller.fr/products/titleist-dentrainement-pro-v1-pro-v1x-1,7,16,1600,695,0.44%,2.3%,13.66,13.93
https://golfiller.fr/products/gant-de-golf-en-cuir-cabretta,6,0,692,17,0.87%,0%,10.92,10.47
https://golfiller.fr/blogs/infos/evian-resort,6,5,171,189,3.51%,2.65%,7.89,10.88
https://golfiller.fr/products/lot-de-balles-mix-marques-modeles-index-54-0?variant=46705703027028&country=FR&currency=EUR&utm_medium=product_sync&utm_source=google&utm_content=sag_organic&utm_campaign=sag_organic,6,0,14,2,42.86%,0%,7.93,10.5
https://golfiller.fr/products/titleist-pro-v1?variant=46694100795732&country=FR&currency=EUR&utm_medium=product_sync&utm_source=google&utm_content=sag_organic&utm_campaign=sag_organic,6,7,10,17,60%,41.18%,4.7,3.24
https://golfiller.fr/products/lot-de-balles-mix-marques-modeles-index-15-0,5,27,1519,3859,0.33%,0.7%,11.92,9.63
https://golfiller.fr/es/blogs/infos/tableau-comparatif-de-compression-de-balles,5,0,76,0,6.58%,0%,06.01,0
https://golfiller.fr/collections/nos-produits,4,5,1198,1871,0.33%,0.27%,15.6,13.54
https://golfiller.fr/pages/partenaire,4,0,401,133,1%,0%,3.18,22.79
https://golfiller.fr/collections/lot-de-balles-pro,4,2,280,3054,1.43%,0.07%,3.44,4.57
https://golfiller.fr/blogs/infos/prix-balles-de-golf-neuf-vs-occasion-comparatif-2026,4,0,204,0,1.96%,0%,9.76,0
https://golfiller.fr/products/lot-de-balles-mix-marques-modeles-index-15-0?variant=46705635066196&country=FR&currency=EUR&utm_medium=product_sync&utm_source=google&utm_content=sag_organic&utm_campaign=sag_organic,4,2,15,6,26.67%,33.33%,5.93,7
https://golfiller.fr/products/balles-de-couleur-orange-mix-marques?variant=46694331613524&country=FR&currency=EUR&utm_medium=product_sync&utm_source=google&utm_content=sag_organic&utm_campaign=sag_organic,4,3,6,5,66.67%,60%,3.67,2.4
https://golfiller.fr/collections/wilson,3,16,1596,5687,0.19%,0.28%,8.82,6.61
https://golfiller.fr/collections/toutes-les-marques,3,0,857,1099,0.35%,0%,1.78,6.29
https://golfiller.fr/products/copie-de-lot-de-balles-mix-marques-modeles-soft,3,2,660,389,0.45%,0.51%,7.38,16.18
https://golfiller.fr/es/blogs/infos/calcul-index-golf,3,0,118,0,2.54%,0%,7.39,0
https://golfiller.fr/products/polo-de-golf-copie,3,0,51,73,5.88%,0%,13.69,17.03
https://golfiller.fr/products/titleist-pro-v1?variant=46694100533588&country=FR&currency=EUR&utm_medium=product_sync&utm_source=google&utm_content=sag_organic&utm_campaign=sag_organic,3,6,10,12,30%,50%,2.5,2.42
https://golfiller.fr/products/copie-de-lot-de-balles-mix-marques-modeles-soft?variant=47935786680660&country=FR&currency=EUR&utm_medium=product_sync&utm_source=google&utm_content=sag_organic&utm_campaign=sag_organic,3,0,8,2,37.5%,0%,5.62,6.5
https://golfiller.fr/products/lot-de-balles-mix-marques-modeles-index-15-0?variant=46705635393876&country=FR&currency=EUR&utm_medium=product_sync&utm_source=google&utm_content=sag_organic&utm_campaign=sag_organic,3,2,7,10,42.86%,20%,4.71,8.3
https://golfiller.fr/products/pack-decouverte,2,8,347,180,0.58%,4.44%,6.91,23.63
https://golfiller.fr/blogs/infos/balles-golfiller-vs-balles-neuves,2,0,137,0,1.46%,0%,9.96,0
https://golfiller.fr/products/pack-noel-premium-conf,2,0,72,0,2.78%,0%,8.62,0
https://golfiller.fr/blogs/infos,2,0,56,68,3.57%,0%,9.64,31.56
https://golfiller.fr/collections/balles-debutant,2,0,52,0,3.85%,0%,8.63,0
https://golfiller.fr/es/products/wilson-ultra,2,0,52,0,3.85%,0%,9.81,0
https://golfiller.fr/products/pack-de-la-semaine,2,1,51,80,3.92%,1.25%,5.92,8.84
https://golfiller.fr/products/pack-noel-premium-debutant,2,0,33,0,6.06%,0%,6.55,0
https://golfiller.fr/products/taylormade-speedsoft-copie,2,0,32,0,6.25%,0%,8.22,0
https://golfiller.fr/products/taylormade-tp5-pix-lot-de-3-ballees,2,0,22,0,9.09%,0%,6.95,0
https://golfiller.fr/products/copie-de-lot-de-balles-mix-marques-modeles-soft?variant=47935786942804&country=FR&currency=EUR&utm_medium=product_sync&utm_source=google&utm_content=sag_organic&utm_campaign=sag_organic,2,0,20,0,10%,0%,4.1,0
https://golfiller.fr/products/copie-de-lot-de-balles-mix-marques-modeles-soft?variant=47935786975572&country=FR&currency=EUR&utm_medium=product_sync&utm_source=google&utm_content=sag_organic&utm_campaign=sag_organic,2,0,8,0,25%,0%,3.75,0
https://golfiller.fr/products/taylormade-tp5?variant=42561813250288&country=FR&currency=EUR&utm_medium=product_sync&utm_source=google&utm_content=sag_organic&utm_campaign=sag_organic,2,0,6,2,33.33%,0%,7,7
https://golfiller.fr/products/titleist-velocity-1?variant=51051190223188&country=FR&currency=EUR&utm_medium=product_sync&utm_source=google&utm_content=sag_organic&utm_campaign=sag_organic,2,0,3,0,66.67%,0%,2,0
https://golfiller.fr/products/titleist-velocity-1?variant=51051190157652&country=FR&currency=EUR&utm_medium=product_sync&utm_source=google&utm_content=sag_organic&utm_campaign=sag_organic,2,0,3,0,66.67%,0%,2.67,0
https://golfiller.fr/products/srixon-tour-special?variant=46694209290580&country=FR&currency=EUR&utm_medium=product_sync&utm_source=google&utm_content=sag_organic&utm_campaign=sag_organic,2,0,2,1,100%,0%,2.5,4
https://golfiller.fr/products/lot-de-balles-mix-marques-modeles-index-15-0?variant=46705635230036&country=FR&currency=EUR&utm_medium=product_sync&utm_source=google&utm_content=sag_organic&utm_campaign=sag_organic,2,5,2,15,100%,33.33%,3,7.13
https://golfiller.fr/products/inesis-tour-900?variant=46694247792980&country=FR&currency=EUR&utm_medium=product_sync&utm_source=google&utm_content=sag_organic&utm_campaign=sag_organic,2,0,2,2,100%,0%,5.5,2
https://golfiller.fr/products/titleist-tour-soft-1?variant=51051149164884&country=FR&currency=EUR&utm_medium=product_sync&utm_source=google&utm_content=sag_organic&utm_campaign=sag_organic,2,0,2,0,100%,0%,7,0
https://golfiller.fr/collections/tous-les-lots,1,1,490,2611,0.2%,0.04%,5.32,3.29
https://golfiller.fr/pages/nos-aventures,1,2,326,3005,0.31%,0.07%,6.53,2.55
https://golfiller.fr/collections/balles-soft,1,0,249,38,0.4%,0%,6.64,20.71
https://golfiller.fr/collections,1,3,237,738,0.42%,0.41%,6.46,1.54
https://golfiller.fr/products/wilson-mix-modeles,1,3,214,603,0.47%,0.5%,8.86,9.25
https://golfiller.fr/pages/qualite-aaaa,1,12,184,719,0.54%,1.67%,24.11,19.08
https://golfiller.fr/products/golfilet-filet-de-rangement-copie,1,1,178,464,0.56%,0.22%,13.62,24.58
https://golfiller.fr/products/pack-srixon,1,0,100,89,1%,0%,6.65,10.76
https://golfiller.fr/collections/lot-de-balles-confirmes,1,0,77,35,1.3%,0%,11.08,17.94
https://golfiller.fr/collections/lot-de-3-balles,1,0,68,1,1.47%,0%,8.82,5
https://golfiller.fr/blogs/infos/trouve-ta-balle-confirme-et-pro,1,0,39,0,2.56%,0%,7.54,0
https://golfiller.fr/products/pack-noel,1,0,39,1,2.56%,0%,9.28,11
https://golfiller.fr/products/taylormade-tp5-pix,1,0,30,1,3.33%,0%,6.8,7
https://golfiller.fr/es/blogs/infos/test-des-balles-de-golf,1,0,26,0,3.85%,0%,5.73,0
https://golfiller.fr/es/blogs/infos/quelle-balle-de-golf-pour-quel-joueur,1,0,24,0,4.17%,0%,7.42,0
https://golfiller.fr/es/products/callaway-mix-modeles,1,0,13,0,7.69%,0%,6.92,0
https://golfiller.fr/products/pack-noel-confirme,1,0,8,0,12.5%,0%,6.25,0
https://golfiller.fr/tools/perfect-product-finder/test-trouve-ta-balle-v1?instore=true,1,0,7,0,14.29%,0%,2.86,0
https://golfiller.fr/products/pack-noel-pro,1,0,6,1,16.67%,0%,4.67,6
https://golfiller.fr/products/pack-noel-premiumupro-copie,1,0,6,0,16.67%,0%,7.83,0
https://golfiller.fr/es/products/taylormade-tp5,1,0,6,0,16.67%,0%,13.33,0
https://golfiller.fr/products/srixon-tour-special?variant=46694209225044&country=FR&currency=EUR&utm_medium=product_sync&utm_source=google&utm_content=sag_organic&utm_campaign=sag_organic,1,0,5,6,20%,0%,2.4,1.83
https://golfiller.fr/products/taylormade-tp5-pix-lot-de-3-ballees?variant=53125620171092&country=FR&currency=EUR&utm_medium=product_sync&utm_source=google&utm_content=sag_organic&utm_campaign=sag_organic,1,0,5,0,20%,0%,6.2,0
https://golfiller.fr/products/copie-de-lot-de-balles-mix-marques-modeles-soft?variant=47935786844500&country=FR&currency=EUR&utm_medium=product_sync&utm_source=google&utm_content=sag_organic&utm_campaign=sag_organic,1,0,5,2,20%,0%,7.4,10
https://golfiller.fr/products/balles-de-couleur-orange-mix-marques?variant=46694331875668&country=FR&currency=EUR&utm_medium=product_sync&utm_source=google&utm_content=sag_organic&utm_campaign=sag_organic,1,5,4,7,25%,71.43%,1.25,3
https://golfiller.fr/pages/landing-page-email,1,0,4,2,25%,0%,2.25,4.5
https://golfiller.fr/products/lot-de-balles-mix-marques-modeles-index-15-0?variant=46705635426644&country=FR&currency=EUR&utm_medium=product_sync&utm_source=google&utm_content=sag_organic&utm_campaign=sag_organic,1,0,4,0,25%,0%,2.5,0
https://golfiller.fr/blogs/nos-golfs-partenaires,1,0,4,0,25%,0%,5,0
https://golfiller.fr/products/callaway-supersoft?variant=46694305857876&country=FR&currency=EUR&utm_medium=product_sync&utm_source=google&utm_content=sag_organic&utm_campaign=sag_organic,1,1,4,4,25%,25%,7.25,3.75
https://golfiller.fr/products/taylormade-speedsoft,1,0,4,27,25%,0%,9,11.15
https://golfiller.fr/es/products/balles-de-couleur-mix-couleur-mix-marques,1,0,4,0,25%,0%,10.75,0
https://golfiller.fr/products/lot-de-balles-mix-marques-modeles-index-15-0?variant=46705635262804&country=FR&currency=EUR&utm_medium=product_sync&utm_source=google&utm_content=sag_organic&utm_campaign=sag_organic,1,0,3,0,33.33%,0%,1.33,0
https://golfiller.fr/products/lot-de-balles-mix-marques-modeles-bas-de-gamme?variant=47630390165844&country=FR&currency=EUR&utm_medium=product_sync&utm_source=google&utm_content=sag_organic&utm_campaign=sag_organic,1,0,3,0,33.33%,0%,5,0
https://golfiller.fr/products/inesis-soft-500?variant=51051115872596&country=FR&currency=EUR&utm_medium=product_sync&utm_source=google&utm_content=sag_organic&utm_campaign=sag_organic,1,1,3,4,33.33%,25%,5.33,5.75
https://golfiller.fr/products/copie-de-lot-de-balles-mix-marques-modeles-soft?variant=47935786811732&country=FR&currency=EUR&utm_medium=product_sync&utm_source=google&utm_content=sag_organic&utm_campaign=sag_organic,1,0,3,0,33.33%,0%,6.33,0
https://golfiller.fr/products/inesis-soft-500?variant=51051115839828&country=FR&currency=EUR&utm_medium=product_sync&utm_source=google&utm_content=sag_organic&utm_campaign=sag_organic,1,0,2,0,50%,0%,1,0
https://golfiller.fr/products/titleist-pro-v1x?variant=46694132318548&country=FR&currency=EUR&utm_medium=product_sync&utm_source=google&utm_content=sag_organic&utm_campaign=sag_organic,1,1,2,2,50%,50%,2,2.5
https://golfiller.fr/products/titleist-pro-v1?variant=46694100861268&country=FR&currency=EUR&utm_medium=product_sync&utm_source=google&utm_content=sag_organic&utm_campaign=sag_organic,1,1,2,7,50%,14.29%,3,2.71
https://golfiller.fr/products/filet?variant=51449955123540&country=FR&currency=EUR&utm_medium=product_sync&utm_source=google&utm_content=sag_organic&utm_campaign=sag_organic,1,0,2,1,50%,0%,3.5,7
https://golfiller.fr/products/wilson-duo-soft?variant=46694172623188&country=FR&currency=EUR&utm_medium=product_sync&utm_source=google&utm_content=sag_organic&utm_campaign=sag_organic,1,2,2,39,50%,5.13%,3.5,4.79
https://golfiller.fr/products/wilson-ultra?variant=46694302122324&country=FR&currency=EUR&utm_medium=product_sync&utm_source=google&utm_content=sag_organic&utm_campaign=sag_organic,1,0,2,0,50%,0%,3.5,0
https://golfiller.fr/products/balles-de-couleur-rose-mix-marques?variant=46694335938900&country=FR&currency=EUR&utm_medium=product_sync&utm_source=google&utm_content=sag_organic&utm_campaign=sag_organic,1,2,2,8,50%,25%,4,4.25
https://golfiller.fr/products/titleist-velocity-1?variant=51051190321492&country=FR&currency=EUR&utm_medium=product_sync&utm_source=google&utm_content=sag_organic&utm_campaign=sag_organic,1,0,2,1,50%,0%,4,12
https://golfiller.fr/products/inesis-tour-900?variant=46694247989588&country=FR&currency=EUR&utm_medium=product_sync&utm_source=google&utm_content=sag_organic&utm_campaign=sag_organic,1,0,2,0,50%,0%,5,0
https://golfiller.fr/products/balles-de-couleur-mix-couleur-mix-marques?variant=46694339215700&country=FR&currency=EUR&utm_medium=product_sync&utm_source=google&utm_content=sag_organic&utm_campaign=sag_organic,1,0,2,0,50%,0%,5.5,0
https://golfiller.fr/products/taylormade-mix-modeles?variant=46694204047700&country=FR&currency=EUR&utm_medium=product_sync&utm_source=google&utm_content=sag_organic&utm_campaign=sag_organic,1,1,2,2,50%,50%,6,5
https://golfiller.fr/products/srixon-qstar-tour?variant=46694293209428&country=FR&currency=EUR&utm_medium=product_sync&utm_source=google&utm_content=sag_organic&utm_campaign=sag_organic,1,0,2,1,50%,0%,6.5,3
https://golfiller.fr/products/balles-de-couleur-rose-mix-marques?variant=46694336069972&country=FR&currency=EUR&utm_medium=product_sync&utm_source=google&utm_content=sag_organic&utm_campaign=sag_organic,1,2,2,4,50%,50%,7.5,3.5
https://golfiller.fr/products/titleist-avx?variant=46694143525204&country=FR&currency=EUR&utm_medium=product_sync&utm_source=google&utm_content=sag_organic&utm_campaign=sag_organic,1,0,2,0,50%,0%,9.5,0
https://golfiller.fr/products/balles-de-couleur-orange-mix-marques?variant=46694331646292&country=FR&currency=EUR&utm_medium=product_sync&utm_source=google&utm_content=sag_organic&utm_campaign=sag_organic,1,0,1,0,100%,0%,1,0
https://golfiller.fr/products/balles-de-couleur-orange-mix-marques?variant=46694331908436&country=FR&currency=EUR&utm_medium=product_sync&utm_source=google&utm_content=sag_organic&utm_campaign=sag_organic,1,1,1,3,100%,33.33%,1,5.67
https://golfiller.fr/products/inesis-mix-modeles?variant=46694321717588&country=FR&currency=EUR&utm_medium=product_sync&utm_source=google&utm_content=sag_organic&utm_campaign=sag_organic,1,0,1,2,100%,0%,1,7
https://golfiller.fr/products/nike-mix-modeles?variant=46694297502036&country=FR&currency=EUR&utm_medium=product_sync&utm_source=google&utm_content=sag_organic&utm_campaign=sag_organic,1,0,1,0,100%,0%,1,0
https://golfiller.fr/products/srixon-ad333?variant=46694278267220&country=FR&currency=EUR&utm_medium=product_sync&utm_source=google&utm_content=sag_organic&utm_campaign=sag_organic,1,0,1,0,100%,0%,1,0
https://golfiller.fr/products/srixon-qstar-tour?variant=46694293340500&country=FR&currency=EUR&utm_medium=product_sync&utm_source=google&utm_content=sag_organic&utm_campaign=sag_organic,1,0,1,0,100%,0%,1,0
https://golfiller.fr/products/titleist-pro-v1?variant=46694100828500&country=FR&currency=EUR&utm_medium=product_sync&utm_source=google&utm_content=sag_organic&utm_campaign=sag_organic,1,1,1,3,100%,33.33%,1,3
https://golfiller.fr/products/vice-mix-modeles?variant=46694213321044&country=FR&currency=EUR&utm_medium=product_sync&utm_source=google&utm_content=sag_organic&utm_campaign=sag_organic,1,0,1,2,100%,0%,1,7
https://golfiller.fr/products/wilson-ultra?variant=46694302024020&country=FR&currency=EUR&utm_medium=product_sync&utm_source=google&utm_content=sag_organic&utm_campaign=sag_organic,1,0,1,2,100%,0%,1,2.5
https://golfiller.fr/products/callaway-mix-modeles?variant=46694309036372&country=FR&currency=EUR&utm_medium=product_sync&utm_source=google&utm_content=sag_organic&utm_campaign=sag_organic,1,0,1,0,100%,0%,2,0
https://golfiller.fr/products/inesis-mix-modeles?variant=46694321455444&country=FR&currency=EUR&utm_medium=product_sync&utm_source=google&utm_content=sag_organic&utm_campaign=sag_organic,1,0,1,3,100%,0%,2,1.67
https://golfiller.fr/products/srixon-qstar-tour?variant=46694293373268&country=FR&currency=EUR&utm_medium=product_sync&utm_source=google&utm_content=sag_organic&utm_campaign=sag_organic,1,0,1,1,100%,0%,2,13
https://golfiller.fr/products/srixon-tour-special?variant=46694209192276&country=FR&currency=EUR&utm_medium=product_sync&utm_source=google&utm_content=sag_organic&utm_campaign=sag_organic,1,0,1,1,100%,0%,3,1
https://golfiller.fr/products/inesis-mix-modeles?variant=46694321684820&country=FR&currency=EUR&utm_medium=product_sync&utm_source=google&utm_content=sag_organic&utm_campaign=sag_organic,1,1,1,5,100%,20%,4,1
https://golfiller.fr/products/titleist-mix-modeles?variant=46694318375252&country=FR&currency=EUR&utm_medium=product_sync&utm_source=google&utm_content=sag_organic&utm_campaign=sag_organic,1,1,1,4,100%,25%,4,3.75
https://golfiller.fr/products/inesis-mix-modeles?variant=46694321520980&country=FR&currency=EUR&utm_medium=product_sync&utm_source=google&utm_content=sag_organic&utm_campaign=sag_organic,1,1,1,3,100%,33.33%,5,2
https://golfiller.fr/products/srixon-ad333?variant=46694278168916&country=FR&currency=EUR&utm_medium=product_sync&utm_source=google&utm_content=sag_organic&utm_campaign=sag_organic,1,4,1,19,100%,21.05%,5,6.21
https://golfiller.fr/products/srixon-tour-special?variant=46694209159508&country=FR&currency=EUR&utm_medium=product_sync&utm_source=google&utm_content=sag_organic&utm_campaign=sag_organic,1,1,1,1,100%,100%,5,12
https://golfiller.fr/products/e-carte-cadeau?variant=50880480117076&country=FR&currency=EUR&utm_medium=product_sync&utm_source=google&utm_content=sag_organic&utm_campaign=sag_organic,1,0,1,0,100%,0%,7,0
https://golfiller.fr/products/callaway-chrome-soft-truvis?variant=52933764710740&country=FR&currency=EUR&utm_medium=product_sync&utm_source=google&utm_content=sag_organic&utm_campaign=sag_organic,1,0,1,0,100%,0%,8,0
https://golfiller.fr/products/balles-de-couleur-rose-mix-marques?variant=46694335971668&country=FR&currency=EUR&utm_medium=product_sync&utm_source=google&utm_content=sag_organic&utm_campaign=sag_organic,1,0,1,1,100%,0%,9,5
https://golfiller.fr/products/inesis-mix-modeles?variant=46694321586516&country=FR&currency=EUR&utm_medium=product_sync&utm_source=google&utm_content=sag_organic&utm_campaign=sag_organic,1,0,1,0,100%,0%,9,0
https://golfiller.fr/products/lot-de-balles-mix-marques-modeles-index-15-0?variant=46745266192724&country=FR&currency=EUR&utm_medium=product_sync&utm_source=google&utm_content=sag_organic&utm_campaign=sag_organic,1,0,1,0,100%,0%,11,0
https://golfiller.fr/products/srixon-ad333?variant=46694278005076&country=FR&currency=EUR&utm_medium=product_sync&utm_source=google&utm_content=sag_organic&utm_campaign=sag_organic,1,0,1,1,100%,0%,11,13
https://golfiller.fr/products/lot-de-balles-mix-marques-modeles-index-15-0?variant=46745266159956&country=FR&currency=EUR&utm_medium=product_sync&utm_source=google&utm_content=sag_organic&utm_campaign=sag_organic,1,0,1,0,100%,0%,12,0
https://golfiller.fr/products/callaway-chrome-soft-truvis?variant=52933764841812&country=FR&currency=EUR&utm_medium=product_sync&utm_source=google&utm_content=sag_organic&utm_campaign=sag_organic,1,0,1,0,100%,0%,17,0
https://golfiller.fr/collections/lots-de-balles-debutant,0,2,488,80,0%,2.5%,3.84,12.51
https://golfiller.fr/collections/vendors?page=2&q=golfiller,0,1,290,402,0%,0.25%,6.72,4.5
https://golfiller.fr/collections/vendors?page=3&q=golfiller,0,0,221,17,0%,0%,4.38,3.12
https://golfiller.fr/collections/confirme,0,0,193,0,0%,0%,2.15,0
https://golfiller.fr/es/collections/inesis,0,0,190,0,0%,0%,9.59,0
https://golfiller.fr/products/lot-de-balles-mix-marques-modeles-bas-de-gamme,0,0,170,359,0%,0%,8.88,10.91
https://golfiller.fr/collections/pro,0,0,159,0,0%,0%,03.05,0
https://golfiller.fr/es/products/inesis-soft-500,0,0,115,0,0%,0%,9.27,0
https://golfiller.fr/collections/noel,0,0,113,183,0%,0%,17.66,53.64
https://golfiller.fr/collections/accessoire,0,0,108,774,0%,0%,10.61,46.6
https://golfiller.fr/products/pack-debutant-50-inesis-4a-50-wilson-3a-100-ultra-2a,0,0,102,176,0%,0%,9.37,9.25
https://golfiller.fr/collections/lots-de-balles-mix-marques,0,2,98,286,0%,0.7%,7.77,11.56
https://golfiller.fr/es/collections/callaway,0,0,97,0,0%,0%,14.13,0
https://golfiller.fr/collections/vendors?page=4&q=golfiller,0,0,93,0,0%,0%,1.16,0
https://golfiller.fr/es/collections/srixon,0,0,90,0,0%,0%,11.87,0
https://golfiller.fr/es/blogs/infos/prix-balle-d-une-balle-de-golf,0,0,72,0,0%,0%,10.54,0
https://golfiller.fr/products/pack-tout-terrain,0,1,71,225,0%,0.44%,7.63,37.2
https://golfiller.fr/products/offre-special-de-noel,0,2,71,1145,0%,0.17%,17.39,20.1
https://golfiller.fr/products/pack-confirme,0,1,70,95,0%,1.05%,7.84,9.25
https://golfiller.fr/products/pack-titleist,0,1,48,78,0%,1.28%,9.33,10.86
https://golfiller.fr/es/products/inesis-tour-900,0,0,47,0,0%,0%,10.11,0
https://golfiller.fr/pages/mentions-legales,0,0,46,33,0%,0%,17.39,10.18
https://golfiller.fr/es/products/vice-mix-modeles,0,0,42,0,0%,0%,8.69,0
https://golfiller.fr/collections/autres-marques,0,0,38,127,0%,0%,9.76,10.49
https://golfiller.fr/pages/politique-de-confidentialite,0,0,36,50,0%,0%,11.36,12.1
https://golfiller.fr/collections/nos-produits?page=2,0,0,34,100,0%,0%,7.68,21.68
https://golfiller.fr/es/blogs/infos/quelle-est-la-meilleure-balle-de-golf,0,0,29,0,0%,0%,9.66,0
https://golfiller.fr/es/products/inesis-mix-modeles,0,0,28,0,0%,0%,8.54,0
https://golfiller.fr/es/collections/titleist,0,0,26,0,0%,0%,8.27,0
https://golfiller.fr/es/products/taylormade-tp5-pix-lot-de-3-ballees,0,0,23,0,0%,0%,11.04,0
https://golfiller.fr/products/e-carte-cadeau,0,0,21,183,0%,0%,7.24,43.5
https://golfiller.fr/products/taylormade-tour-response-stripe-copie,0,0,21,3,0%,0%,8.48,8
https://golfiller.fr/es/products/taylormade-mix-modeles,0,0,21,0,0%,0%,10.1,0
https://golfiller.fr/es/products/taylormade-speedsoft-copie,0,0,21,0,0%,0%,19,0
https://golfiller.fr/es/products/taylormade-tp5-pix,0,0,19,0,0%,0%,12.89,0
https://golfiller.fr/es/products/titleist-pro-v1,0,0,19,0,0%,0%,18.32,0
https://golfiller.fr/es/products/srixon-z-star,0,0,18,0,0%,0%,10.33,0
https://golfiller.fr/es/collections/all,0,0,17,0,0%,0%,3.29,0
https://golfiller.fr/es/products/srixon-qstar-tour,0,0,16,0,0%,0%,15.38,0
https://golfiller.fr/es/collections/toutes-les-balles,0,0,15,0,0%,0%,3.87,0
https://golfiller.fr/es/collections/nos-produits?page=2,0,0,15,0,0%,0%,5,0
https://golfiller.fr/es/products/srixon-tour-special,0,0,15,0,0%,0%,7.67,0
https://golfiller.fr/collections/nos-produits?page=3,0,0,13,7,0%,0%,5,6.43
https://golfiller.fr/es/products/bolas-marcas-modelos-variados-soft,0,0,13,0,0%,0%,5.62,0
https://golfiller.fr/es/pages/mentions-legales,0,0,13,0,0%,0%,7.85,0
https://golfiller.fr/es/blogs/infos/connaitre-le-slope-de-votre-golf,0,0,13,0,0%,0%,8.85,0
https://golfiller.fr/es/products/taylormade-speedsoft,0,0,13,0,0%,0%,10.23,0
https://golfiller.fr/es/collections/marques,0,0,12,0,0%,0%,03.08,0
https://golfiller.fr/es/collections/tous-les-lots,0,0,12,0,0%,0%,5.17,0
https://golfiller.fr/collections/toutes-les-balles?page=2,0,0,12,0,0%,0%,5.75,0
https://golfiller.fr/products/callaway-chrome-soft-truvis,0,0,11,0,0%,0%,5.36,0
https://golfiller.fr/collections/vendors?q=Le deuxi%C3%A8me %C3%A0 -15%25 !,0,0,11,0,0%,0%,6.91,0
https://golfiller.fr/es/products/callaway-supersoft,0,0,11,0,0%,0%,8.45,0
https://golfiller.fr/products/callaway-chrome-soft-truvis-lot-de-3-balles,0,0,11,0,0%,0%,9.18,0
https://golfiller.fr/es/collections/wilson,0,0,11,0,0%,0%,11.18,0
https://golfiller.fr/products/taylormade-tour-response-copie,0,0,10,3,0%,0%,8.8,8.67
https://golfiller.fr/es/collections/taylormade,0,0,10,0,0%,0%,11.3,0
https://golfiller.fr/pages/collection-bundle,0,0,9,0,0%,0%,4.22,0
https://golfiller.fr/collections/un-lot-achete-un-lot-offert?page=2,0,0,9,18,0%,0%,6.89,12.11
https://golfiller.fr/es/products/pack-titleist,0,0,9,0,0%,0%,8.89,0
https://golfiller.fr/collections/marques,0,0,9,283,0%,0%,10.22,2.89
https://golfiller.fr/es/pages/qui-sommes-nous-1,0,0,9,0,0%,0%,21.22,0
https://golfiller.fr/es/products/titleist-tour-soft-1,0,0,9,0,0%,0%,21.33,0
https://golfiller.fr/es/blogs/infos/calculateur-score-differentiel-et-index-golf-whs,0,0,9,0,0%,0%,34.56,0
https://golfiller.fr/es/collections/vendors?q=golfiller,0,0,8,0,0%,0%,3,0
https://golfiller.fr/products/taylormade-tour-response-1,0,0,7,0,0%,0%,6.14,0
https://golfiller.fr/es/products/pack-debutant-50-inesis-4a-50-wilson-3a-100-ultra-2a,0,0,7,0,0%,0%,9.71,0
https://golfiller.fr/es/products/bridgestone-modelos-mixtos,0,0,7,0,0%,0%,12.29,0
https://golfiller.fr/es/products/pack-confirme,0,0,7,0,0%,0%,14.29,0
https://golfiller.fr/es/collections,0,0,6,0,0%,0%,3.83,0
https://golfiller.fr/es/search,0,0,6,0,0%,0%,4.83,0
https://golfiller.fr/collections/toutes-les-balles?page=3,0,0,6,0,0%,0%,5.17,0
https://golfiller.fr/pages/nos-conditions-general-de-ventes,0,0,6,15,0%,0%,5.83,28.27
https://golfiller.fr/es/products/titleist-velocity-1,0,0,6,0,0%,0%,6.67,0
https://golfiller.fr/blogs/infos/la-difference-entre-les-x,0,0,6,0,0%,0%,7.17,0
https://golfiller.fr/es/products/bolas-entrenamiento-titleist-pro,0,0,6,0,0%,0%,29.67,0
https://golfiller.fr/products/pack-pro-12-v1-4a-24-pro-2a-12-tp5-4a-12-tp5x-4a,0,0,5,27,0%,0%,6,6.48
https://golfiller.fr/products/sachet-coton-100-tees-ou-3-balles,0,0,5,0,0%,0%,7.6,0
https://golfiller.fr/es/pages/collection-bundle,0,0,5,0,0%,0%,8.2,0
https://golfiller.fr/es/products/taylormade-tour-response-stripe-copie,0,0,5,0,0%,0%,8.8,0
https://golfiller.fr/es/blogs/infos/balles-golfiller-vs-balles-neuves,0,0,5,0,0%,0%,23.6,0
https://golfiller.fr/products/titleist-pro-v1?variant=46694100664660&country=FR&currency=EUR&utm_medium=product_sync&utm_source=google&utm_content=sag_organic&utm_campaign=sag_organic,0,3,4,4,0%,75%,4.25,1.5
https://golfiller.fr/es/products/titleist-mix-modeles,0,0,4,0,0%,0%,5.75,0
https://golfiller.fr/es/products/lot-de-balles-mix-marques-modeles-bas-de-gamme,0,0,4,0,0%,0%,6,0
https://golfiller.fr/es/blogs/infos/prix-balles-de-golf-neuf-vs-occasion-comparatif-2026,0,0,4,0,0%,0%,7.5,0
https://golfiller.fr/es/products/pack-de-la-semaine,0,0,4,0,0%,0%,7.5,0
https://golfiller.fr/products/taylormade-tp5-pix?variant=52926921933140&country=FR&currency=EUR&utm_medium=product_sync&utm_source=google&utm_content=sag_organic&utm_campaign=sag_organic,0,1,4,1,0%,100%,10.25,12
https://golfiller.fr/es/collections/balles-de-couleur,0,0,4,0,0%,0%,11.75,0
https://golfiller.fr/es/products/titleist-avx,0,0,4,0,0%,0%,12.25,0
https://golfiller.fr/es/products/balles-de-couleur-orange-mix-marques,0,0,4,0,0%,0%,13.5,0
https://golfiller.fr/collections/black-friday,0,2,3,50,0%,4%,1.67,24.88
https://golfiller.fr/es/pages/partenaire,0,0,3,0,0%,0%,2.33,0
https://golfiller.fr/products/inesis-mix-modeles?variant=46694321422676&country=FR&currency=EUR&utm_medium=product_sync&utm_source=google&utm_content=sag_organic&utm_campaign=sag_organic,0,0,3,1,0%,0%,3.33,2
https://golfiller.fr/es/collections/pro,0,0,3,0,0%,0%,5,0
https://golfiller.fr/products/lot-de-balles-mix-marques-modeles-bas-de-gamme?variant=47630390067540&country=FR&currency=EUR&utm_medium=product_sync&utm_source=google&utm_content=sag_organic&utm_campaign=sag_organic,0,0,3,0,0%,0%,5,0
https://golfiller.fr/products/mix-decouverte-lot-de-3-balles,0,0,3,0,0%,0%,5.67,0
https://golfiller.fr/blogs/infos/luberon,0,0,3,28,0%,0%,6.67,9.89
https://golfiller.fr/es/products/pack-decouverte,0,0,3,0,0%,0%,8.67,0
https://golfiller.fr/es/pages/cgv-mention-legales,0,0,3,0,0%,0%,9,0
https://golfiller.fr/products/titleist-pro-v1?variant=46694100697428&country=FR&currency=EUR&utm_medium=product_sync&utm_source=google&utm_content=sag_organic&utm_campaign=sag_organic,0,0,3,6,0%,0%,9.67,2.33
https://golfiller.fr/es/collections/confirme,0,0,3,0,0%,0%,17.67,0
https://golfiller.fr/products/balles-de-couleur-orange-mix-marques?variant=46694331744596&country=FR&currency=EUR&utm_medium=product_sync&utm_source=google&utm_content=sag_organic&utm_campaign=sag_organic,0,2,2,4,0%,50%,1,5
https://golfiller.fr/products/lot-de-balles-entrainement?variant=46694371819860&country=FR&currency=EUR&utm_medium=product_sync&utm_source=google&utm_content=sag_organic&utm_campaign=sag_organic,0,0,2,3,0%,0%,1,8.67
https://golfiller.fr/products/taylormade-tour-response-copie?variant=52850348720468&country=FR&currency=EUR&utm_medium=product_sync&utm_source=google&utm_content=sag_organic&utm_campaign=sag_organic,0,0,2,0,0%,0%,1,0
https://golfiller.fr/products/titleist-pro-v1?variant=46694100566356&country=FR&currency=EUR&utm_medium=product_sync&utm_source=google&utm_content=sag_organic&utm_campaign=sag_organic,0,1,2,2,0%,50%,1.5,1
https://golfiller.fr/products/titleist-pro-v1?variant=46694100631892&country=FR&currency=EUR&utm_medium=product_sync&utm_source=google&utm_content=sag_organic&utm_campaign=sag_organic,0,1,2,2,0%,50%,1.5,8
https://golfiller.fr/es/pages/qualite-aaaa,0,0,2,0,0%,0%,2,0
https://golfiller.fr/products/inesis-mix-modeles?variant=46694321553748&country=FR&currency=EUR&utm_medium=product_sync&utm_source=google&utm_content=sag_organic&utm_campaign=sag_organic,0,0,2,2,0%,0%,2,3.5
https://golfiller.fr/products/wilson-mix-modeles?variant=46694313754964&country=FR&currency=EUR&utm_medium=product_sync&utm_source=google&utm_content=sag_organic&utm_campaign=sag_organic,0,0,2,0,0%,0%,2,0
https://golfiller.fr/tools/perfect-product-finder/test-trouve-ta-balle-v1,0,0,2,0,0%,0%,3.5,0
https://golfiller.fr/es/pages/nos-aventures,0,0,2,0,0%,0%,4.5,0
https://golfiller.fr/products/taylormade-tp5x?variant=46694180290900&country=FR&currency=EUR&utm_medium=product_sync&utm_source=google&utm_content=sag_organic&utm_campaign=sag_organic,0,0,2,0,0%,0%,4.5,0
https://golfiller.fr/es/products/copie-de-lot-de-balles-mix-marques-modeles-soft,0,0,2,0,0%,0%,5.5,0
https://golfiller.fr/es/products/srixon-ad333,0,0,2,0,0%,0%,5.5,0
https://golfiller.fr/collections/all?page=2,0,0,2,12,0%,0%,7,17.42
https://golfiller.fr/es/products/golfilet-filet-de-rangement-copie,0,0,2,0,0%,0%,7,0
https://golfiller.fr/es/products/wilson-duo-soft,0,0,2,0,0%,0%,7.5,0
https://golfiller.fr/es/products/mix-decouverte-lot-de-3-balles,0,0,2,0,0%,0%,8.5,0
https://golfiller.fr/es/products/wilson-mix-modeles,0,0,2,0,0%,0%,8.5,0
https://golfiller.fr/es/products/pack-srixon,0,0,2,0,0%,0%,9.5,0
https://golfiller.fr/es/collections/toutes-les-balles?page=2,0,0,2,0,0%,0%,10,0
https://golfiller.fr/es/products/callaway-chrome-soft,0,0,2,0,0%,0%,10,0
https://golfiller.fr/products/lot-de-balles-mix-marques-modeles-index-15-0?variant=46705635098964&country=FR&currency=EUR&utm_medium=product_sync&utm_source=google&utm_content=sag_organic&utm_campaign=sag_organic,0,0,2,0,0%,0%,12,0
https://golfiller.fr/es/blogs/infos/tout-ce-que-vous-devez-savoir-sur-us-open-de-golf-2025,0,0,2,0,0%,0%,13.5,0
https://golfiller.fr/products/filet?variant=51449955090772&country=FR&currency=EUR&utm_medium=product_sync&utm_source=google&utm_content=sag_organic&utm_campaign=sag_organic,0,1,2,4,0%,25%,35,3.75
https://golfiller.fr/es/collections/un-lot-achete-un-lot-offert,0,0,1,0,0%,0%,1,0
https://golfiller.fr/es/collections/vendors?page=2&q=golfiller,0,0,1,0,0%,0%,1,0
https://golfiller.fr/es/pages/nos-conditions-general-de-ventes,0,0,1,0,0%,0%,1,0
https://golfiller.fr/products/bridgestone-mix-modeles?variant=42484343701744&country=FR&currency=EUR&utm_medium=product_sync&utm_source=google&utm_content=sag_organic&utm_campaign=sag_organic,0,0,1,0,0%,0%,1,0
https://golfiller.fr/products/callaway-chrome-soft?variant=46694227018068&country=FR&currency=EUR&utm_medium=product_sync&utm_source=google&utm_content=sag_organic&utm_campaign=sag_organic,0,0,1,1,0%,0%,1,1
https://golfiller.fr/products/gant-de-golf-en-cuir-cabretta?variant=52685155598676&country=FR&currency=EUR&utm_medium=product_sync&utm_source=google&utm_content=sag_organic&utm_campaign=sag_organic,0,0,1,0,0%,0%,1,0
https://golfiller.fr/products/inesis-mix-modeles?variant=46694321652052&country=FR&currency=EUR&utm_medium=product_sync&utm_source=google&utm_content=sag_organic&utm_campaign=sag_organic,0,3,1,8,0%,37.5%,1,3.12
https://golfiller.fr/products/inesis-tour-900?variant=46694247858516&country=FR&currency=EUR&utm_medium=product_sync&utm_source=google&utm_content=sag_organic&utm_campaign=sag_organic,0,0,1,0,0%,0%,1,0
https://golfiller.fr/products/lot-de-balles-mix-marques-modeles-index-15-0?variant=47714477310292&country=FR&currency=EUR&utm_medium=product_sync&utm_source=google&utm_content=sag_organic&utm_campaign=sag_organic,0,0,1,0,0%,0%,1,0
https://golfiller.fr/products/lot-de-balles-mix-marques-modeles-index-54-0?variant=46705703223636&country=FR&currency=EUR&utm_medium=product_sync&utm_source=google&utm_content=sag_organic&utm_campaign=sag_organic,0,0,1,2,0%,0%,1,6.5
https://golfiller.fr/products/nike-mix-modeles?variant=46694297600340&country=FR&currency=EUR&utm_medium=product_sync&utm_source=google&utm_content=sag_organic&utm_campaign=sag_organic,0,0,1,0,0%,0%,1,0
https://golfiller.fr/products/nike-mix-modeles?variant=46694297633108&country=FR&currency=EUR&utm_medium=product_sync&utm_source=google&utm_content=sag_organic&utm_campaign=sag_organic,0,0,1,0,0%,0%,1,0
https://golfiller.fr/products/pack-tout-terrain?variant=50847810748756&country=FR&currency=EUR&utm_medium=product_sync&utm_source=google&utm_content=sag_organic&utm_campaign=sag_organic,0,0,1,0,0%,0%,1,0
https://golfiller.fr/products/srixon-mix-modeles?variant=46694288163156&country=FR&currency=EUR&utm_medium=product_sync&utm_source=google&utm_content=sag_organic&utm_campaign=sag_organic,0,1,1,1,0%,100%,1,3
https://golfiller.fr/products/srixon-qstar-tour?variant=46694293406036&country=FR&currency=EUR&utm_medium=product_sync&utm_source=google&utm_content=sag_organic&utm_campaign=sag_organic,0,0,1,0,0%,0%,1,0
https://golfiller.fr/products/srixon-tour-special?variant=46694209421652&country=FR&currency=EUR&utm_medium=product_sync&utm_source=google&utm_content=sag_organic&utm_campaign=sag_organic,0,0,1,1,0%,0%,1,1
https://golfiller.fr/products/taylormade-tour-response-copie?variant=52850348458324&country=FR&currency=EUR&utm_medium=product_sync&utm_source=google&utm_content=sag_organic&utm_campaign=sag_organic,0,0,1,0,0%,0%,1,0
https://golfiller.fr/products/titleist-mix-modeles?variant=46694318047572&country=FR&currency=EUR&utm_medium=product_sync&utm_source=google&utm_content=sag_organic&utm_campaign=sag_organic,0,0,1,0,0%,0%,1,0
https://golfiller.fr/products/wilson-mix-modeles?variant=46694313591124&country=FR&currency=EUR&utm_medium=product_sync&utm_source=google&utm_content=sag_organic&utm_campaign=sag_organic,0,0,1,0,0%,0%,1,0
https://golfiller.fr/es/collections/toutes-les-balles?page=3,0,0,1,0,0%,0%,2,0
https://golfiller.fr/products/callaway-chrome-soft?variant=46694227083604&country=FR&currency=EUR&utm_medium=product_sync&utm_source=google&utm_content=sag_organic&utm_campaign=sag_organic,0,0,1,0,0%,0%,2,0
https://golfiller.fr/products/callaway-mix-modeles?variant=46694308938068&country=FR&currency=EUR&utm_medium=product_sync&utm_source=google&utm_content=sag_organic&utm_campaign=sag_organic,0,0,1,0,0%,0%,2,0
https://golfiller.fr/products/callaway-mix-modeles?variant=46694309069140&country=FR&currency=EUR&utm_medium=product_sync&utm_source=google&utm_content=sag_organic&utm_campaign=sag_organic,0,0,1,2,0%,0%,2,3
https://golfiller.fr/products/callaway-supersoft?variant=46694305726804&country=FR&currency=EUR&utm_medium=product_sync&utm_source=google&utm_content=sag_organic&utm_campaign=sag_organic,0,2,1,4,0%,50%,2,1.5
https://golfiller.fr/products/inesis-tour-900?variant=46694248055124&country=FR&currency=EUR&utm_medium=product_sync&utm_source=google&utm_content=sag_organic&utm_campaign=sag_organic,0,1,1,2,0%,50%,2,3.5
https://golfiller.fr/products/taylormade-tp5?variant=43451661025520&country=FR&currency=EUR&utm_medium=product_sync&utm_source=google&utm_content=sag_organic&utm_campaign=sag_organic,0,0,1,0,0%,0%,2,0
https://golfiller.fr/products/titleist-pro-v1?variant=46694100762964&country=FR&currency=EUR&utm_medium=product_sync&utm_source=google&utm_content=sag_organic&utm_campaign=sag_organic,0,0,1,0,0%,0%,2,0
https://golfiller.fr/products/titleist-pro-v1x?variant=46694132351316&country=FR&currency=EUR&utm_medium=product_sync&utm_source=google&utm_content=sag_organic&utm_campaign=sag_organic,0,0,1,0,0%,0%,2,0
https://golfiller.fr/products/titleist-velocity-1?variant=51051190092116&country=FR&currency=EUR&utm_medium=product_sync&utm_source=google&utm_content=sag_organic&utm_campaign=sag_organic,0,0,1,0,0%,0%,2,0
https://golfiller.fr/products/titleist-velocity-1?variant=51051190190420&country=FR&currency=EUR&utm_medium=product_sync&utm_source=google&utm_content=sag_organic&utm_campaign=sag_organic,0,0,1,0,0%,0%,2,0
https://golfiller.fr/products/wilson-mix-modeles?variant=46694313492820&country=FR&currency=EUR&utm_medium=product_sync&utm_source=google&utm_content=sag_organic&utm_campaign=sag_organic,0,0,1,0,0%,0%,2,0
https://golfiller.fr/cdn/shop/files/2000x2000_0011_Mix_Couleur_Blue.png?v=1688147662&width=2000,0,0,1,0,0%,0%,3,0
https://golfiller.fr/es/products/calendrier-de-lavent,0,0,1,0,0%,0%,3,0
https://golfiller.fr/products/balles-de-couleur-jaune-mix-marques?variant=46694328762708&country=FR&currency=EUR&utm_medium=product_sync&utm_source=google&utm_content=sag_organic&utm_campaign=sag_organic,0,0,1,0,0%,0%,3,0
https://golfiller.fr/products/balles-de-couleur-jaune-mix-marques?variant=46694328795476&country=FR&currency=EUR&utm_medium=product_sync&utm_source=google&utm_content=sag_organic&utm_campaign=sag_organic,0,0,1,3,0%,0%,3,2.67
https://golfiller.fr/products/callaway-supersoft?variant=46694305661268&country=FR&currency=EUR&utm_medium=product_sync&utm_source=google&utm_content=sag_organic&utm_campaign=sag_organic,0,0,1,0,0%,0%,3,0
https://golfiller.fr/products/inesis-mix-modeles?variant=46694321389908&country=FR&currency=EUR&utm_medium=product_sync&utm_source=google&utm_content=sag_organic&utm_campaign=sag_organic,0,0,1,1,0%,0%,3,1
https://golfiller.fr/products/inesis-soft-500?variant=51051115938132&country=FR&currency=EUR&utm_medium=product_sync&utm_source=google&utm_content=sag_organic&utm_campaign=sag_organic,0,1,1,1,0%,100%,3,3
https://golfiller.fr/products/nike-mix-modeles?variant=46694297436500&country=FR&currency=EUR&utm_medium=product_sync&utm_source=google&utm_content=sag_organic&utm_campaign=sag_organic,0,0,1,1,0%,0%,3,4
https://golfiller.fr/products/srixon-mix-modeles?variant=46694287999316&country=FR&currency=EUR&utm_medium=product_sync&utm_source=google&utm_content=sag_organic&utm_campaign=sag_organic,0,1,1,1,0%,100%,3,3
https://golfiller.fr/products/titleist-pro-v1?variant=46694100599124&country=FR&currency=EUR&utm_medium=product_sync&utm_source=google&utm_content=sag_organic&utm_campaign=sag_organic,0,0,1,0,0%,0%,3,0
https://golfiller.fr/products/titleist-pro-v1?variant=46694100730196&country=FR&currency=EUR&utm_medium=product_sync&utm_source=google&utm_content=sag_organic&utm_campaign=sag_organic,0,0,1,3,0%,0%,3,2.33
https://golfiller.fr/products/titleist-pro-v1?variant=46694100894036&country=FR&currency=EUR&utm_medium=product_sync&utm_source=google&utm_content=sag_organic&utm_campaign=sag_organic,0,1,1,2,0%,50%,3,6.5
https://golfiller.fr/products/titleist-pro-v1x?variant=46694132023636&country=FR&currency=EUR&utm_medium=product_sync&utm_source=google&utm_content=sag_organic&utm_campaign=sag_organic,0,1,1,2,0%,50%,3,4
https://golfiller.fr/es/pages/landing-page-email,0,0,1,0,0%,0%,4,0
https://golfiller.fr/products/callaway-mix-modeles?variant=46694309200212&country=FR&currency=EUR&utm_medium=product_sync&utm_source=google&utm_content=sag_organic&utm_campaign=sag_organic,0,1,1,4,0%,25%,4,3
https://golfiller.fr/products/callaway-supersoft?variant=46694305890644&country=FR&currency=EUR&utm_medium=product_sync&utm_source=google&utm_content=sag_organic&utm_campaign=sag_organic,0,0,1,2,0%,0%,4,2
https://golfiller.fr/products/srixon-z-star?variant=46694264865108&country=FR&currency=EUR&utm_medium=product_sync&utm_source=google&utm_content=sag_organic&utm_campaign=sag_organic,0,0,1,0,0%,0%,4,0
https://golfiller.fr/products/taylormade-tour-response-1?variant=52577466319188,0,0,1,0,0%,0%,4,0
https://golfiller.fr/products/titleist-tour-soft-1?variant=51051149230420&country=FR&currency=EUR&utm_medium=product_sync&utm_source=google&utm_content=sag_organic&utm_campaign=sag_organic,0,0,1,0,0%,0%,4,0
https://golfiller.fr/products/wilson-mix-modeles?variant=46694313525588&country=FR&currency=EUR&utm_medium=product_sync&utm_source=google&utm_content=sag_organic&utm_campaign=sag_organic,0,0,1,1,0%,0%,4,4
https://golfiller.fr/cdn/shop/files/2000x2000_0012_Mix_Rose.png?v=1688147570,0,0,1,0,0%,0%,5,0
https://golfiller.fr/collections/all?page=3,0,0,1,1,0%,0%,5,83
https://golfiller.fr/es/blogs/infos/aix-les-bains,0,0,1,0,0%,0%,5,0
https://golfiller.fr/es/blogs/infos/evian-resort,0,0,1,0,0%,0%,6,0
https://golfiller.fr/es/pages/contact,0,0,1,0,0%,0%,6,0
https://golfiller.fr/es/products/e-carte-cadeau?variant=50880479920468,0,0,1,0,0%,0%,6,0
https://golfiller.fr/es/products/lot-de-balles-mix-marques-modeles-index-54-0,0,0,1,0,0%,0%,6,0
https://golfiller.fr/es/products/taylormade-tp5x,0,0,1,0,0%,0%,6,0
https://golfiller.fr/es/products/gant-de-golf-en-cuir-cabretta,0,0,1,0,0%,0%,7,0
https://golfiller.fr/es/products/pack-decouverte?variant=50847752388948,0,0,1,0,0%,0%,7,0
https://golfiller.fr/es/products/taylormade-tp5x?variant=46694180389204,0,0,1,0,0%,0%,7,0
https://golfiller.fr/products/balles-de-couleur-mix-couleur-mix-marques?variant=46694339379540&country=FR&currency=EUR&utm_medium=product_sync&utm_source=google&utm_content=sag_organic&utm_campaign=sag_organic,0,0,1,0,0%,0%,7,0
https://golfiller.fr/products/vice-mix-modeles?variant=46694213550420&country=FR&currency=EUR&utm_medium=product_sync&utm_source=google&utm_content=sag_organic&utm_campaign=sag_organic,0,1,1,1,0%,100%,7,3
https://golfiller.fr/es/products/nike-mix-modeles,0,0,1,0,0%,0%,8,0
https://golfiller.fr/es/products/titleist-pro-v1x,0,0,1,0,0%,0%,8,0
https://golfiller.fr/products/balles-de-couleur-jaune-mix-marques?variant=46694328664404&country=FR&currency=EUR&utm_medium=product_sync&utm_source=google&utm_content=sag_organic&utm_campaign=sag_organic,0,0,1,1,0%,0%,8,13
https://golfiller.fr/es/products/balles-de-couleur-jaune-mix-marques,0,0,1,0,0%,0%,9,0
https://golfiller.fr/es/products/pack-pro-12-v1-4a-24-pro-2a-12-tp5-4a-12-tp5x-4a,0,0,1,0,0%,0%,9,0
https://golfiller.fr/es/products/titleist-avx?variant=46694143689044,0,0,1,0,0%,0%,9,0
https://golfiller.fr/products/bridgestone-mix-modeles?variant=43451669774576&country=FR&currency=EUR&utm_medium=product_sync&utm_source=google&utm_content=sag_organic&utm_campaign=sag_organic,0,0,1,0,0%,0%,9,0
https://golfiller.fr/collections/marques?page=2,0,0,1,0,0%,0%,10,0
https://golfiller.fr/es/products/lot-de-balles-mix-marques-modeles-index-15-0,0,0,1,0,0%,0%,10,0
https://golfiller.fr/products/pack-titleist?variant=50847689081172&country=FR&currency=EUR&utm_medium=product_sync&utm_source=google&utm_content=sag_organic&utm_campaign=sag_organic,0,0,1,0,0%,0%,10,0
https://golfiller.fr/products/wilson-mix-modeles?variant=46694313722196&country=FR&currency=EUR&utm_medium=product_sync&utm_source=google&utm_content=sag_organic&utm_campaign=sag_organic,0,0,1,0,0%,0%,10,0
https://golfiller.fr/products/wilson-mix-modeles?variant=46694313853268&country=FR&currency=EUR&utm_medium=product_sync&utm_source=google&utm_content=sag_organic&utm_campaign=sag_organic,0,0,1,0,0%,0%,10,0
https://golfiller.fr/blogs/nos-ramassages,0,0,1,6,0%,0%,11,76
https://golfiller.fr/cdn/shop/files/2000x2000_0007_Mix_Silver_Blue.png?v=1688558181&width=2000,0,0,1,0,0%,0%,11,0
https://golfiller.fr/es/blogs/nos-golfs-partenaires,0,0,1,0,0%,0%,11,0
https://golfiller.fr/es/products/taylormade-tp5x?variant=46694180290900,0,0,1,0,0%,0%,11,0
https://golfiller.fr/products/inesis-tour-900?variant=46694248022356&country=FR&currency=EUR&utm_medium=product_sync&utm_source=google&utm_content=sag_organic&utm_campaign=sag_organic,0,0,1,2,0%,0%,11,7.5
https://golfiller.fr/products/srixon-z-star?variant=46694264897876&country=FR&currency=EUR&utm_medium=product_sync&utm_source=google&utm_content=sag_organic&utm_campaign=sag_organic,0,0,1,0,0%,0%,11,0
https://golfiller.fr/cdn/shop/files/inesis_500.jpg?v=1763153183&width=2000,0,0,1,0,0%,0%,12,0
https://golfiller.fr/es/products/balles-de-couleur-rose-mix-marques,0,0,1,0,0%,0%,12,0
https://golfiller.fr/products/taylormade-tp5-pix?variant=52926921802068&country=FR&currency=EUR&utm_medium=product_sync&utm_source=google&utm_content=sag_organic&utm_campaign=sag_organic,0,0,1,0,0%,0%,12,0
https://golfiller.fr/products/taylormade-tp5-pix?variant=52926921900372&country=FR&currency=EUR&utm_medium=product_sync&utm_source=google&utm_content=sag_organic&utm_campaign=sag_organic,0,0,1,0,0%,0%,12,0
https://golfiller.fr/products/lot-de-balles-mix-marques-modeles-index-54-0?variant=46705703256404&country=FR&currency=EUR&utm_medium=product_sync&utm_source=google&utm_content=sag_organic&utm_campaign=sag_organic,0,0,1,2,0%,0%,13,7.5
https://golfiller.fr/products/srixon-qstar-tour?variant=46694293504340&country=FR&currency=EUR&utm_medium=product_sync&utm_source=google&utm_content=sag_organic&utm_campaign=sag_organic,0,0,1,0,0%,0%,13,0
https://golfiller.fr/products/wilson-duo-soft?variant=46694172688724&country=FR&currency=EUR&utm_medium=product_sync&utm_source=google&utm_content=sag_organic&utm_campaign=sag_organic,0,0,1,0,0%,0%,13,0
https://golfiller.fr/es/products/taylormade-tp5x?variant=46694180028756,0,0,1,0,0%,0%,14,0
https://golfiller.fr/products/callaway-chrome-soft-truvis-lot-de-3-balles?variant=53125139497300&country=FR&currency=EUR&utm_medium=product_sync&utm_source=google&utm_content=sag_organic&utm_campaign=sag_organic,0,0,1,0,0%,0%,14,0
https://golfiller.fr/es/collections/nos-produits?page=3,0,0,1,0,0%,0%,17,0
https://golfiller.fr/cdn/shop/files/inesis_500_2.png?crop=center&height=746&v=1763153184&width=788,0,0,1,0,0%,0%,23,0
https://golfiller.fr/cdn/shop/files/mix_conf.jpg?v=1770227853&width=2000,0,0,1,0,0%,0%,27,0
https://golfiller.fr/products/calendrier-de-lavent?variant=50708979220820&country=FR&currency=EUR&utm_medium=product_sync&utm_source=google&utm_content=sag_organic&utm_campaign=sag_organic,0,29,0,69,0%,42.03%,0,19.72
https://golfiller.fr/products/callaway-chrome-soft?variant=46694227247444&country=FR&currency=EUR&utm_medium=product_sync&utm_source=google&utm_content=sag_organic&utm_campaign=sag_organic,0,6,0,8,0%,75%,0,7.88
https://golfiller.fr/products/srixon-tour-special?variant=46694209356116&country=FR&currency=EUR&utm_medium=product_sync&utm_source=google&utm_content=sag_organic&utm_campaign=sag_organic,0,3,0,6,0%,50%,0,2.67
https://golfiller.fr/products/balles-de-couleur-mix-couleur-mix-marques?variant=46694339314004&country=FR&currency=EUR&utm_medium=product_sync&utm_source=google&utm_content=sag_organic&utm_campaign=sag_organic,0,2,0,10,0%,20%,0,5.6
https://golfiller.fr/products/balles-de-couleur-rose-mix-marques?variant=46694335807828&country=FR&currency=EUR&utm_medium=product_sync&utm_source=google&utm_content=sag_organic&utm_campaign=sag_organic,0,2,0,6,0%,33.33%,0,2.5
https://golfiller.fr/products/lot-de-balles-mix-marques-modeles-index-15-0?variant=46705635393876&country=FR&currency=EUR&utm_medium=product_sync&utm_source=google&utm_content=sag_organic&utm_campaign=sag_organic&gQT=1,0,2,0,4,0%,50%,0,13.5
https://golfiller.fr/products/titleist-pro-v1?variant=46694100533588&country=FR&currency=EUR&utm_medium=product_sync&utm_source=google&utm_content=sag_organic&utm_campaign=sag_organic&gQT=2,0,2,0,3,0%,66.67%,0,1.67
https://golfiller.fr/products/taylormade-tp5?variant=43451661156592&country=FR&currency=EUR&utm_medium=product_sync&utm_source=google&utm_content=sag_organic&utm_campaign=sag_organic,0,2,0,2,0%,100%,0,1
https://golfiller.fr/products/taylormade-tp5?variant=43451661091056&country=FR&currency=EUR&utm_medium=product_sync&utm_source=google&utm_content=sag_organic&utm_campaign=sag_organic,0,2,0,2,0%,100%,0,2.5
https://golfiller.fr/products/titleist-tour-soft-1?variant=51051149328724&country=FR&currency=EUR&utm_medium=product_sync&utm_source=google&utm_content=sag_organic&utm_campaign=sag_organic,0,2,0,2,0%,100%,0,8
https://golfiller.fr/products/taylormade-tp5?variant=43451661189360&country=FR&currency=EUR&utm_medium=product_sync&utm_source=google&utm_content=sag_organic&utm_campaign=sag_organic,0,1,0,27,0%,3.7%,0,4.67
https://golfiller.fr/products/nike-mix-modeles?variant=46694297567572&country=FR&currency=EUR&utm_medium=product_sync&utm_source=google&utm_content=sag_organic&utm_campaign=sag_organic,0,1,0,7,0%,14.29%,0,3.29
https://golfiller.fr/products/titleist-mix-modeles?variant=46694318276948&country=FR&currency=EUR&utm_medium=product_sync&utm_source=google&utm_content=sag_organic&utm_campaign=sag_organic,0,1,0,5,0%,20%,0,6.6
https://golfiller.fr/products/nike-mix-modeles?variant=46694297567572&country=FR&currency=EUR&utm_medium=product_sync&utm_source=google&utm_content=sag_organic&utm_campaign=sag_organic&gQT=1,0,1,0,4,0%,25%,0,5
https://golfiller.fr/products/wilson-duo-soft?variant=46694172524884&country=FR&currency=EUR&utm_medium=product_sync&utm_source=google&utm_content=sag_organic&utm_campaign=sag_organic,0,1,0,4,0%,25%,0,7.5
https://golfiller.fr/products/taylormade-mix-modeles?variant=46694204080468&country=FR&currency=EUR&utm_medium=product_sync&utm_source=google&utm_content=sag_organic&utm_campaign=sag_organic,0,1,0,3,0%,33.33%,0,3
https://golfiller.fr/products/titleist-pro-v1?variant=46694100795732&country=FR&currency=EUR&utm_medium=product_sync&utm_source=google&utm_content=sag_organic&utm_campaign=sag_organic&gQT=2,0,1,0,3,0%,33.33%,0,6.33
https://golfiller.fr/products/titleist-pro-v1x?variant=46694132285780&country=FR&currency=EUR&utm_medium=product_sync&utm_source=google&utm_content=sag_organic&utm_campaign=sag_organic&gQT=2,0,1,0,3,0%,33.33%,0,8
https://golfiller.fr/products/titleist-mix-modeles?variant=46694318113108&country=FR&currency=EUR&utm_medium=product_sync&utm_source=google&utm_content=sag_organic&utm_campaign=sag_organic,0,1,0,3,0%,33.33%,0,9.33
https://golfiller.fr/products/inesis-soft-500?variant=51051115643220&country=FR&currency=EUR&utm_medium=product_sync&utm_source=google&utm_content=sag_organic&utm_campaign=sag_organic,0,1,0,2,0%,50%,0,2.5
https://golfiller.fr/products/inesis-soft-500?variant=51051115774292&country=FR&currency=EUR&utm_medium=product_sync&utm_source=google&utm_content=sag_organic&utm_campaign=sag_organic,0,1,0,2,0%,50%,0,2.5
https://golfiller.fr/products/balles-de-couleur-mix-couleur-mix-marques?variant=46694339150164&country=FR&currency=EUR&utm_medium=product_sync&utm_source=google&utm_content=sag_organic&utm_campaign=sag_organic,0,1,0,2,0%,50%,0,6
https://golfiller.fr/products/lot-de-balles-mix-marques-modeles-index-54-0?variant=46705702895956&country=FR&currency=EUR&utm_medium=product_sync&utm_source=google&utm_content=sag_organic&utm_campaign=sag_organic,0,1,0,2,0%,50%,0,7
https://golfiller.fr/products/lot-de-balles-mix-marques-modeles-index-54-0?variant=46705703190868&country=FR&currency=EUR&utm_medium=product_sync&utm_source=google&utm_content=sag_organic&utm_campaign=sag_organic,0,1,0,2,0%,50%,0,8
https://golfiller.fr/products/wilson-ultra?variant=46694302253396&country=FR&currency=EUR&utm_medium=product_sync&utm_source=google&utm_content=sag_organic&utm_campaign=sag_organic&gQT=2,0,1,0,2,0%,50%,0,8
https://golfiller.fr/products/titleist-mix-modeles?variant=46694318309716&country=FR&currency=EUR&utm_medium=product_sync&utm_source=google&utm_content=sag_organic&utm_campaign=sag_organic,0,1,0,2,0%,50%,0,8.5
https://golfiller.fr/products/balles-de-couleur-mix-couleur-mix-marques?variant=46694339248468&country=FR&currency=EUR&utm_medium=product_sync&utm_source=google&utm_content=sag_organic&utm_campaign=sag_organic,0,1,0,2,0%,50%,0,9.5
https://golfiller.fr/products/balles-de-couleur-rose-mix-marques?variant=46694336102740&country=FR&currency=EUR&utm_medium=product_sync&utm_source=google&utm_content=sag_organic&utm_campaign=sag_organic,0,1,0,1,0%,100%,0,1
https://golfiller.fr/products/lot-de-balles-entrainement?variant=46694371852628&country=FR&currency=EUR&utm_medium=product_sync&utm_source=google&utm_content=sag_organic&utm_campaign=sag_organic,0,1,0,1,0%,100%,0,1
https://golfiller.fr/products/srixon-qstar-tour?variant=46694293438804&country=FR&currency=EUR&utm_medium=product_sync&utm_source=google&utm_content=sag_organic&utm_campaign=sag_organic,0,1,0,1,0%,100%,0,1
https://golfiller.fr/products/titleist-avx?variant=46694143656276&country=FR&currency=EUR&utm_medium=product_sync&utm_source=google&utm_content=sag_organic&utm_campaign=sag_organic,0,1,0,1,0%,100%,0,1
https://golfiller.fr/products/titleist-mix-modeles?variant=46694318342484&country=FR&currency=EUR&utm_medium=product_sync&utm_source=google&utm_content=sag_organic&utm_campaign=sag_organic,0,1,0,1,0%,100%,0,1
https://golfiller.fr/products/lot-de-balles-mix-marques-modeles-bas-de-gamme?variant=47630390264148&country=FR&currency=EUR&utm_medium=product_sync&utm_source=google&utm_content=sag_organic&utm_campaign=sag_organic,0,1,0,1,0%,100%,0,2
https://golfiller.fr/products/wilson-mix-modeles?variant=46694313820500&country=FR&currency=EUR&utm_medium=product_sync&utm_source=google&utm_content=sag_organic&utm_campaign=sag_organic,0,1,0,1,0%,100%,0,2
https://golfiller.fr/products/lot-de-balles-mix-marques-modeles-index-15-0?variant=46745266127188&country=FR&currency=EUR&utm_medium=product_sync&utm_source=google&utm_content=sag_organic&utm_campaign=sag_organic,0,1,0,1,0%,100%,0,3
https://golfiller.fr/products/pack-decouverte?variant=50847752388948&country=FR&currency=EUR&utm_medium=product_sync&utm_source=google&utm_content=sag_organic&utm_campaign=sag_organic,0,1,0,1,0%,100%,0,3
https://golfiller.fr/products/srixon-tour-special?variant=46694209225044&country=FR&currency=EUR&utm_medium=product_sync&utm_source=google&utm_content=sag_organic&utm_campaign=sag_organic&gQT=1,0,1,0,1,0%,100%,0,3
https://golfiller.fr/products/nike-mix-modeles?variant=46694297665876&country=FR&currency=EUR&utm_medium=product_sync&utm_source=google&utm_content=sag_organic&utm_campaign=sag_organic,0,1,0,1,0%,100%,0,4
https://golfiller.fr/products/taylormade-tour-response-copie?variant=52850348523860&country=FR&currency=EUR&utm_medium=product_sync&utm_source=google&utm_content=sag_organic&utm_campaign=sag_organic,0,1,0,1,0%,100%,0,4
https://golfiller.fr/products/callaway-chrome-soft?variant=46694226985300&country=FR&currency=EUR&utm_medium=product_sync&utm_source=google&utm_content=sag_organic&utm_campaign=sag_organic,0,1,0,1,0%,100%,0,5
https://golfiller.fr/products/lot-de-balles-mix-marques-modeles-index-54-0?variant=46705702863188&country=FR&currency=EUR&utm_medium=product_sync&utm_source=google&utm_content=sag_organic&utm_campaign=sag_organic&gQT=1,0,1,0,1,0%,100%,0,5
https://golfiller.fr/products/titleist-mix-modeles?variant=46694318244180&country=FR&currency=EUR&utm_medium=product_sync&utm_source=google&utm_content=sag_organic&utm_campaign=sag_organic,0,1,0,1,0%,100%,0,5
https://golfiller.fr/products/taylormade-tp5?variant=43451661189360&country=FR&currency=EUR&utm_medium=product_sync&utm_source=google&utm_content=sag_organic&utm_campaign=sag_organic&gQT=2,0,1,0,1,0%,100%,0,10
https://golfiller.fr/products/titleist-mix-modeles?variant=46694318080340&country=FR&currency=EUR&utm_medium=product_sync&utm_source=google&utm_content=sag_organic&utm_campaign=sag_organic,0,1,0,1,0%,100%,0,11
https://golfiller.fr/products/callaway-chrome-soft?variant=46694227116372&country=FR&currency=EUR&utm_medium=product_sync&utm_source=google&utm_content=sag_organic&utm_campaign=sag_organic,0,1,0,1,0%,100%,0,12
https://golfiller.fr/products/inesis-mix-modeles?variant=46694321717588&country=FR&currency=EUR&utm_medium=product_sync&utm_source=google&utm_content=sag_organic&utm_campaign=sag_organic&gQT=1,0,1,0,1,0%,100%,0,12
https://golfiller.fr/products/lot-de-balles-entrainement?variant=46694371819860&country=FR&currency=EUR&utm_medium=product_sync&utm_source=google&utm_content=sag_organic&utm_campaign=sag_organic&gQT=1,0,1,0,1,0%,100%,0,12
https://golfiller.fr/policies/refund-policy,0,0,0,5069,0%,0%,0,5.84
https://golfiller.fr/pages/faq,0,0,0,29,0%,0%,0,5.76
https://golfiller.fr/products/wilson-duo-soft?variant=46694172590420&country=FR&currency=EUR&utm_medium=product_sync&utm_source=google&utm_content=sag_organic&utm_campaign=sag_organic,0,0,0,23,0%,0%,0,5.74
https://golfiller.fr/products/wilson-duo-soft?variant=46694172492116&country=FR&currency=EUR&utm_medium=product_sync&utm_source=google&utm_content=sag_organic&utm_campaign=sag_organic,0,0,0,18,0%,0%,0,7.94
https://golfiller.fr/products/srixon-ad333?variant=46694278070612&country=FR&currency=EUR&utm_medium=product_sync&utm_source=google&utm_content=sag_organic&utm_campaign=sag_organic,0,0,0,12,0%,0%,0,5.83
https://golfiller.fr/products/srixon-ad333?variant=46694278201684&country=FR&currency=EUR&utm_medium=product_sync&utm_source=google&utm_content=sag_organic&utm_campaign=sag_organic,0,0,0,12,0%,0%,0,5.83
https://golfiller.fr/collections/un-lot-achete-un-lot-offert?page=2&phcursor=eyJhbGciOiJIUzI1NiJ9.eyJzayI6InByb2R1Y3RfbGluZV9pdGVtc19jb3VudCIsInN2Ijo3MCwiZCI6ImYiLCJ1aWQiOjQyNjM5MTEwNzAxMzk2LCJsIjoyMCwibyI6MCwiciI6IkNEUCJ9.WCBB_Kh9eO_UobpoZUW2S8qlZKRnHdE9UjKDBB4jCaQ,0,0,0,7,0%,0%,0,8.86
https://golfiller.fr/products/callaway-chrome-soft?variant=46694227280212&country=FR&currency=EUR&utm_medium=product_sync&utm_source=google&utm_content=sag_organic&utm_campaign=sag_organic,0,0,0,6,0%,0%,0,5.17
https://golfiller.fr/products/wilson-duo-soft?variant=46694172361044&country=FR&currency=EUR&utm_medium=product_sync&utm_source=google&utm_content=sag_organic&utm_campaign=sag_organic,0,0,0,6,0%,0%,0,10.17
https://golfiller.fr/collections/vendors?page=3&phcursor=eyJhbGciOiJIUzI1NiJ9.eyJzayI6InByb2R1Y3RfdGl0bGUiLCJzdiI6IlRlZXMgZGUgZ29sZiIsImQiOiJmIiwidWlkIjoxMTkwMjYyNDI2ODYyOCwibCI6MjAsIm8iOjAsInIiOiJDViIsInYiOjF9._jclVGKnvvs4Pokp3NePQEpyMJJPAULQKZul65PHgDo&q=golfiller,0,0,0,5,0%,0%,0,4.8
https://golfiller.fr/products/balles-de-couleur-mix-couleur-mix-marques?variant=46694339281236&country=FR&currency=EUR&utm_medium=product_sync&utm_source=google&utm_content=sag_organic&utm_campaign=sag_organic,0,0,0,5,0%,0%,0,4.8
https://golfiller.fr/products/lot-de-balles-mix-marques-modeles-index-15-0?variant=46705635230036&country=FR&currency=EUR&utm_medium=product_sync&utm_source=google&utm_content=sag_organic&utm_campaign=sag_organic&gQT=1,0,0,0,5,0%,0%,0,8.4
https://golfiller.fr/collections/toutes-les-marques?page=2,0,0,0,4,0%,0%,0,5.5
https://golfiller.fr/products/wilson-duo-soft?variant=46694172655956&country=FR&currency=EUR&utm_medium=product_sync&utm_source=google&utm_content=sag_organic&utm_campaign=sag_organic,0,0,0,4,0%,0%,0,5.5
https://golfiller.fr/products/lot-de-balles-mix-marques-modeles-index-15-0?variant=46705635066196&country=FR&currency=EUR&utm_medium=product_sync&utm_source=google&utm_content=sag_organic&utm_campaign=sag_organic&gQT=1,0,0,0,4,0%,0%,0,6.25
https://golfiller.fr/products/srixon-ad333?variant=46694278103380&country=FR&currency=EUR&utm_medium=product_sync&utm_source=google&utm_content=sag_organic&utm_campaign=sag_organic,0,0,0,4,0%,0%,0,9
https://golfiller.fr/products/titleist-pro-v1x?variant=46694132253012&country=FR&currency=EUR&utm_medium=product_sync&utm_source=google&utm_content=sag_organic&utm_campaign=sag_organic,0,0,0,3,0%,0%,0,3.33
https://golfiller.fr/products/balles-de-couleur-rose-mix-marques?variant=46694336069972&country=FR&currency=EUR&utm_medium=product_sync&utm_source=google&utm_content=sag_organic&utm_campaign=sag_organic&gQT=1,0,0,0,3,0%,0%,0,4
https://golfiller.fr/products/balles-de-couleur-mix-couleur-mix-marques?variant=46694339182932&country=FR&currency=EUR&utm_medium=product_sync&utm_source=google&utm_content=sag_organic&utm_campaign=sag_organic,0,0,0,3,0%,0%,0,5.67
https://golfiller.fr/products/wilson-ultra?variant=46694302253396&country=FR&currency=EUR&utm_medium=product_sync&utm_source=google&utm_content=sag_organic&utm_campaign=sag_organic,0,0,0,3,0%,0%,0,5.67
https://golfiller.fr/collections/vendors?page=2&phcursor=eyJhbGciOiJIUzI1NiJ9.eyJzayI6InByb2R1Y3RfdGl0bGUiLCJzdiI6IkxvdHMgZGUgYmFsbGVzIGRlIGNvdWxldXIgSmF1bmUgLSBNaXggbWFycXVlcyIsImQiOiJmIiwidWlkIjo4NDM3NDMwMDU5MzQ4LCJsIjoyMCwibyI6MCwiciI6IkNWIn0.8WLXZVMnK2lo70EInNqV6Oy6ZfdG-l6GPhxPilOFUl0&q=golfiller,0,0,0,3,0%,0%,0,7.33
https://golfiller.fr/products/titleist-pro-v1x?variant=46694132285780&country=FR&currency=EUR&utm_medium=product_sync&utm_source=google&utm_content=sag_organic&utm_campaign=sag_organic,0,0,0,3,0%,0%,0,8
https://golfiller.fr/products/srixon-ad333?variant=46694278037844&country=FR&currency=EUR&utm_medium=product_sync&utm_source=google&utm_content=sag_organic&utm_campaign=sag_organic,0,0,0,3,0%,0%,0,8.67
https://golfiller.fr/products/titleist-velocity-1?variant=51051190354260&country=FR&currency=EUR&utm_medium=product_sync&utm_source=google&utm_content=sag_organic&utm_campaign=sag_organic,0,0,0,3,0%,0%,0,10.33
https://golfiller.fr/products/srixon-ad333?variant=46694278234452&country=FR&currency=EUR&utm_medium=product_sync&utm_source=google&utm_content=sag_organic&utm_campaign=sag_organic,0,0,0,3,0%,0%,0,11.67
https://golfiller.fr/products/balles-de-couleur-rose-mix-marques?variant=46694335807828&country=FR&currency=EUR&utm_medium=product_sync&utm_source=google&utm_content=sag_organic&utm_campaign=sag_organic&gQT=1,0,0,0,2,0%,0%,0,1
https://golfiller.fr/products/callaway-supersoft?variant=46694305726804&country=FR&currency=EUR&utm_medium=product_sync&utm_source=google&utm_content=sag_organic&utm_campaign=sag_organic&gQT=2,0,0,0,2,0%,0%,0,1
https://golfiller.fr/products/balles-de-couleur-mix-couleur-mix-marques?variant=46694339051860&country=FR&currency=EUR&utm_medium=product_sync&utm_source=google&utm_content=sag_organic&utm_campaign=sag_organic,0,0,0,2,0%,0%,0,1.5
https://golfiller.fr/products/inesis-mix-modeles?variant=46694321520980&country=FR&currency=EUR&utm_medium=product_sync&utm_source=google&utm_content=sag_organic&utm_campaign=sag_organic&gQT=2,0,0,0,2,0%,0%,0,2.5
https://golfiller.fr/products/inesis-mix-modeles?variant=46694321652052&country=FR&currency=EUR&utm_medium=product_sync&utm_source=google&utm_content=sag_organic&utm_campaign=sag_organic&gQT=1,0,0,0,2,0%,0%,0,2.5
https://golfiller.fr/products/balles-de-couleur-orange-mix-marques?variant=46694331875668&country=FR&currency=EUR&utm_medium=product_sync&utm_source=google&utm_content=sag_organic&utm_campaign=sag_organic&gQT=1,0,0,0,2,0%,0%,0,4
https://golfiller.fr/products/vice-mix-modeles?variant=46694213648724&country=FR&currency=EUR&utm_medium=product_sync&utm_source=google&utm_content=sag_organic&utm_campaign=sag_organic,0,0,0,2,0%,0%,0,4
https://golfiller.fr/products/inesis-soft-500?variant=51051115970900&country=FR&currency=EUR&utm_medium=product_sync&utm_source=google&utm_content=sag_organic&utm_campaign=sag_organic,0,0,0,2,0%,0%,0,6.5
https://golfiller.fr/products/wilson-ultra?variant=46694302286164&country=FR&currency=EUR&utm_medium=product_sync&utm_source=google&utm_content=sag_organic&utm_campaign=sag_organic,0,0,0,2,0%,0%,0,6.5
https://golfiller.fr/products/titleist-mix-modeles?variant=46694318145876&country=FR&currency=EUR&utm_medium=product_sync&utm_source=google&utm_content=sag_organic&utm_campaign=sag_organic,0,0,0,2,0%,0%,0,7
https://golfiller.fr/products/balles-de-couleur-mix-couleur-mix-marques?variant=46694339281236&country=FR&currency=EUR&utm_medium=product_sync&utm_source=google&utm_content=sag_organic&utm_campaign=sag_organic&gQT=1,0,0,0,2,0%,0%,0,8
https://golfiller.fr/products/callaway-mix-modeles?variant=46694309232980&country=FR&currency=EUR&utm_medium=product_sync&utm_source=google&utm_content=sag_organic&utm_campaign=sag_organic,0,0,0,2,0%,0%,0,8
https://golfiller.fr/products/titleist-mix-modeles?variant=46694318276948&country=FR&currency=EUR&utm_medium=product_sync&utm_source=google&utm_content=sag_organic&utm_campaign=sag_organic&gQT=1,0,0,0,2,0%,0%,0,8
https://golfiller.fr/products/lot-de-balles-mix-marques-modeles-index-54-0?variant=46705702863188&country=FR&currency=EUR&utm_medium=product_sync&utm_source=google&utm_content=sag_organic&utm_campaign=sag_organic,0,0,0,2,0%,0%,0,8.5
https://golfiller.fr/products/balles-de-couleur-orange-mix-marques?variant=46694331613524&country=FR&currency=EUR&utm_medium=product_sync&utm_source=google&utm_content=sag_organic&utm_campaign=sag_organic&gQT=1,0,0,0,1,0%,0%,0,1
https://golfiller.fr/products/balles-de-couleur-orange-mix-marques?variant=46694331679060&country=FR&currency=EUR&utm_medium=product_sync&utm_source=google&utm_content=sag_organic&utm_campaign=sag_organic,0,0,0,1,0%,0%,0,1
https://golfiller.fr/products/balles-de-couleur-orange-mix-marques?variant=46694331777364&country=FR&currency=EUR&utm_medium=product_sync&utm_source=google&utm_content=sag_organic&utm_campaign=sag_organic,0,0,0,1,0%,0%,0,1
https://golfiller.fr/products/balles-de-couleur-rose-mix-marques?variant=46694336037204&country=FR&currency=EUR&utm_medium=product_sync&utm_source=google&utm_content=sag_organic&utm_campaign=sag_organic,0,0,0,1,0%,0%,0,1
https://golfiller.fr/products/callaway-mix-modeles?variant=46694309101908&country=FR&currency=EUR&utm_medium=product_sync&utm_source=google&utm_content=sag_organic&utm_campaign=sag_organic,0,0,0,1,0%,0%,0,1
https://golfiller.fr/products/callaway-mix-modeles?variant=46694309298516&country=FR&currency=EUR&utm_medium=product_sync&utm_source=google&utm_content=sag_organic&utm_campaign=sag_organic,0,0,0,1,0%,0%,0,1
https://golfiller.fr/products/callaway-supersoft?variant=46694305595732&country=FR&currency=EUR&utm_medium=product_sync&utm_source=google&utm_content=sag_organic&utm_campaign=sag_organic,0,0,0,1,0%,0%,0,1
https://golfiller.fr/products/callaway-supersoft?variant=46694305759572&country=FR&currency=EUR&utm_medium=product_sync&utm_source=google&utm_content=sag_organic&utm_campaign=sag_organic,0,0,0,1,0%,0%,0,1
https://golfiller.fr/products/callaway-supersoft?variant=46694305792340&country=FR&currency=EUR&utm_medium=product_sync&utm_source=google&utm_content=sag_organic&utm_campaign=sag_organic,0,0,0,1,0%,0%,0,1
https://golfiller.fr/products/copie-de-lot-de-balles-mix-marques-modeles-soft?variant=47935786680660&country=FR&currency=EUR&utm_medium=product_sync&utm_source=google&utm_content=sag_organic&utm_campaign=sag_organic&gQT=1,0,0,0,1,0%,0%,0,1
https://golfiller.fr/products/inesis-mix-modeles?variant=46694321684820&country=FR&currency=EUR&utm_medium=product_sync&utm_source=google&utm_content=sag_organic&utm_campaign=sag_organic&gQT=2,0,0,0,1,0%,0%,0,1
https://golfiller.fr/products/srixon-qstar-tour?variant=46694293307732&country=FR&currency=EUR&utm_medium=product_sync&utm_source=google&utm_content=sag_organic&utm_campaign=sag_organic,0,0,0,1,0%,0%,0,1
https://golfiller.fr/products/taylormade-mix-modeles?variant=46694203785556&country=FR&currency=EUR&utm_medium=product_sync&utm_source=google&utm_content=sag_organic&utm_campaign=sag_organic,0,0,0,1,0%,0%,0,1
https://golfiller.fr/products/taylormade-mix-modeles?variant=46694203916628&country=FR&currency=EUR&utm_medium=product_sync&utm_source=google&utm_content=sag_organic&utm_campaign=sag_organic,0,0,0,1,0%,0%,0,1
https://golfiller.fr/products/taylormade-mix-modeles?variant=46694204080468&country=FR&currency=EUR&utm_medium=product_sync&utm_source=google&utm_content=sag_organic&utm_campaign=sag_organic&gQT=2,0,0,0,1,0%,0%,0,1
https://golfiller.fr/products/taylormade-mix-modeles?variant=46694204146004&country=FR&currency=EUR&utm_medium=product_sync&utm_source=google&utm_content=sag_organic&utm_campaign=sag_organic,0,0,0,1,0%,0%,0,1
https://golfiller.fr/products/titleist-pro-v1?variant=46694100861268&country=FR&currency=EUR&utm_medium=product_sync&utm_source=google&utm_content=sag_organic&utm_campaign=sag_organic&gQT=2,0,0,0,1,0%,0%,0,1
https://golfiller.fr/products/vice-mix-modeles?variant=46694213288276&country=FR&currency=EUR&utm_medium=product_sync&utm_source=google&utm_content=sag_organic&utm_campaign=sag_organic,0,0,0,1,0%,0%,0,1
https://golfiller.fr/products/vice-mix-modeles?variant=46694213353812&country=FR&currency=EUR&utm_medium=product_sync&utm_source=google&utm_content=sag_organic&utm_campaign=sag_organic,0,0,0,1,0%,0%,0,1
https://golfiller.fr/products/vice-mix-modeles?variant=46694213583188&country=FR&currency=EUR&utm_medium=product_sync&utm_source=google&utm_content=sag_organic&utm_campaign=sag_organic,0,0,0,1,0%,0%,0,1
https://golfiller.fr/products/balles-de-couleur-orange-mix-marques?variant=46694331973972&country=FR&currency=EUR&utm_medium=product_sync&utm_source=google&utm_content=sag_organic&utm_campaign=sag_organic,0,0,0,1,0%,0%,0,2
https://golfiller.fr/products/inesis-soft-500?variant=51051115970900&country=FR&currency=EUR&utm_medium=product_sync&utm_source=google&utm_content=sag_organic&utm_campaign=sag_organic&gQT=1,0,0,0,1,0%,0%,0,2
https://golfiller.fr/products/lot-de-balles-entrainement?variant=46694371885396&country=FR&currency=EUR&utm_medium=product_sync&utm_source=google&utm_content=sag_organic&utm_campaign=sag_organic,0,0,0,1,0%,0%,0,2
https://golfiller.fr/products/lot-de-balles-mix-marques-modeles-bas-de-gamme?variant=47630390100308&country=FR&currency=EUR&utm_medium=product_sync&utm_source=google&utm_content=sag_organic&utm_campaign=sag_organic,0,0,0,1,0%,0%,0,2
https://golfiller.fr/products/lot-de-balles-mix-marques-modeles-bas-de-gamme?variant=47630390100308&country=FR&currency=EUR&utm_medium=product_sync&utm_source=google&utm_content=sag_organic&utm_campaign=sag_organic&gQT=1,0,0,0,1,0%,0%,0,2
https://golfiller.fr/products/taylormade-mix-modeles?variant=46694203851092&country=FR&currency=EUR&utm_medium=product_sync&utm_source=google&utm_content=sag_organic&utm_campaign=sag_organic,0,0,0,1,0%,0%,0,2
https://golfiller.fr/products/taylormade-mix-modeles?variant=46694203851092&country=FR&currency=EUR&utm_medium=product_sync&utm_source=google&utm_content=sag_organic&utm_campaign=sag_organic&gQT=1,0,0,0,1,0%,0%,0,2
https://golfiller.fr/products/taylormade-tp5?variant=43451661189360&country=FR&currency=EUR&utm_medium=product_sync&utm_source=google&utm_content=sag_organic&utm_campaign=sag_organic&gQT=1,0,0,0,1,0%,0%,0,2
https://golfiller.fr/products/balles-de-couleur-jaune-mix-marques?variant=46694328795476&country=FR&currency=EUR&utm_medium=product_sync&utm_source=google&utm_content=sag_organic&utm_campaign=sag_organic&gQT=1,0,0,0,1,0%,0%,0,3
https://golfiller.fr/products/balles-de-couleur-mix-couleur-mix-marques?variant=46694339150164&country=FR&currency=EUR&utm_medium=product_sync&utm_source=google&utm_content=sag_organic&utm_campaign=sag_organic&gQT=0,0,0,0,1,0%,0%,0,3
https://golfiller.fr/products/balles-de-couleur-orange-mix-marques?variant=46694331908436&country=FR&currency=EUR&utm_medium=product_sync&utm_source=google&utm_content=sag_organic&utm_campaign=sag_organic&gQT=1,0,0,0,1,0%,0%,0,3
https://golfiller.fr/products/balles-de-couleur-rose-mix-marques?variant=46694335938900&country=FR&currency=EUR&utm_medium=product_sync&utm_source=google&utm_content=sag_organic&utm_campaign=sag_organic&gQT=1,0,0,0,1,0%,0%,0,3
https://golfiller.fr/products/inesis-soft-500?variant=51051115872596&country=FR&currency=EUR&utm_medium=product_sync&utm_source=google&utm_content=sag_organic&utm_campaign=sag_organic&gQT=1,0,0,0,1,0%,0%,0,3
https://golfiller.fr/products/inesis-soft-500?variant=51051115872596&country=FR&currency=EUR&utm_medium=product_sync&utm_source=google&utm_content=sag_organic&utm_campaign=sag_organic&gQT=2,0,0,0,1,0%,0%,0,3
https://golfiller.fr/products/inesis-soft-500?variant=51051115905364&country=FR&currency=EUR&utm_medium=product_sync&utm_source=google&utm_content=sag_organic&utm_campaign=sag_organic,0,0,0,1,0%,0%,0,3
https://golfiller.fr/products/inesis-soft-500?variant=51051115938132&country=FR&currency=EUR&utm_medium=product_sync&utm_source=google&utm_content=sag_organic&utm_campaign=sag_organic&gQT=2,0,0,0,1,0%,0%,0,3
https://golfiller.fr/products/inesis-tour-900?variant=46694248087892&country=FR&currency=EUR&utm_medium=product_sync&utm_source=google&utm_content=sag_organic&utm_campaign=sag_organic,0,0,0,1,0%,0%,0,3
https://golfiller.fr/products/inesis-tour-900?variant=46694248120660&country=FR&currency=EUR&utm_medium=product_sync&utm_source=google&utm_content=sag_organic&utm_campaign=sag_organic,0,0,0,1,0%,0%,0,3
https://golfiller.fr/products/pack-debutant-50-inesis-4a-50-wilson-3a-100-ultra-2a?variant=50847234294100&country=FR&currency=EUR&utm_medium=product_sync&utm_source=google&utm_content=sag_organic&utm_campaign=sag_organic,0,0,0,1,0%,0%,0,3
https://golfiller.fr/products/taylormade-tp5x?variant=46694180061524&country=FR&currency=EUR&utm_medium=product_sync&utm_source=google&utm_content=sag_organic&utm_campaign=sag_organic,0,0,0,1,0%,0%,0,3
https://golfiller.fr/products/titleist-tour-soft-1?variant=51051149328724&country=FR&currency=EUR&utm_medium=product_sync&utm_source=google&utm_content=sag_organic&utm_campaign=sag_organic&gQT=2,0,0,0,1,0%,0%,0,3
https://golfiller.fr/products/wilson-ultra?variant=46694302318932&country=FR&currency=EUR&utm_medium=product_sync&utm_source=google&utm_content=sag_organic&utm_campaign=sag_organic,0,0,0,1,0%,0%,0,3
https://golfiller.fr/products/bridgestone-mix-modeles?variant=42484343996656&country=FR&currency=EUR&utm_medium=product_sync&utm_source=google&utm_content=sag_organic&utm_campaign=sag_organic,0,0,0,1,0%,0%,0,4
https://golfiller.fr/products/callaway-mix-modeles?variant=46694309003604&country=FR&currency=EUR&utm_medium=product_sync&utm_source=google&utm_content=sag_organic&utm_campaign=sag_organic,0,0,0,1,0%,0%,0,4
https://golfiller.fr/products/inesis-soft-500?variant=51051115610452&country=FR&currency=EUR&utm_medium=product_sync&utm_source=google&utm_content=sag_organic&utm_campaign=sag_organic,0,0,0,1,0%,0%,0,4
https://golfiller.fr/products/srixon-mix-modeles?variant=46694288261460&country=FR&currency=EUR&utm_medium=product_sync&utm_source=google&utm_content=sag_organic&utm_campaign=sag_organic,0,0,0,1,0%,0%,0,4
https://golfiller.fr/products/srixon-mix-modeles?variant=46694288261460&country=FR&currency=EUR&utm_medium=product_sync&utm_source=google&utm_content=sag_organic&utm_campaign=sag_organic&gQT=1,0,0,0,1,0%,0%,0,4
https://golfiller.fr/products/taylormade-tp5?variant=42561812988144&country=FR&currency=EUR&utm_medium=product_sync&utm_source=google&utm_content=sag_organic&utm_campaign=sag_organic,0,0,0,1,0%,0%,0,4
https://golfiller.fr/products/taylormade-tp5?variant=42561812988144&country=FR&currency=EUR&utm_medium=product_sync&utm_source=google&utm_content=sag_organic&utm_campaign=sag_organic&gQT=2,0,0,0,1,0%,0%,0,4
https://golfiller.fr/products/taylormade-tp5?variant=42561813250288&amp;country=FR&amp;currency=EUR&amp;utm_medium=product_sync&amp;utm_source=google&amp;utm_content=sag_organic&amp;utm_campaign=sag_organic,0,0,0,1,0%,0%,0,4
https://golfiller.fr/products/taylormade-tp5?variant=43451661189360&amp;country=FR&amp;currency=EUR&amp;utm_medium=product_sync&amp;utm_source=google&amp;utm_content=sag_organic&amp;utm_campaign=sag_organic,0,0,0,1,0%,0%,0,4
https://golfiller.fr/products/wilson-ultra?variant=46694302351700&country=FR&currency=EUR&utm_medium=product_sync&utm_source=google&utm_content=sag_organic&utm_campaign=sag_organic,0,0,0,1,0%,0%,0,4
https://golfiller.fr/products/callaway-chrome-soft?variant=46694226985300&country=FR&currency=EUR&utm_medium=product_sync&utm_source=google&utm_content=sag_organic&utm_campaign=sag_organic&gQT=2,0,0,0,1,0%,0%,0,5
https://golfiller.fr/products/copie-de-lot-de-balles-mix-marques-modeles-soft?variant=47935787008340&country=FR&currency=EUR&utm_medium=product_sync&utm_source=google&utm_content=sag_organic&utm_campaign=sag_organic,0,0,0,1,0%,0%,0,5
https://golfiller.fr/products/srixon-z-star?variant=46694264832340&country=FR&currency=EUR&utm_medium=product_sync&utm_source=google&utm_content=sag_organic&utm_campaign=sag_organic,0,0,0,1,0%,0%,0,5
https://golfiller.fr/products/taylormade-mix-modeles?variant=46694203949396&country=FR&currency=EUR&utm_medium=product_sync&utm_source=google&utm_content=sag_organic&utm_campaign=sag_organic,0,0,0,1,0%,0%,0,5
https://golfiller.fr/products/taylormade-mix-modeles?variant=46694204080468&country=FR&currency=EUR&utm_medium=product_sync&utm_source=google&utm_content=sag_organic&utm_campaign=sag_organic&gQT=1,0,0,0,1,0%,0%,0,5
https://golfiller.fr/products/titleist-mix-modeles?variant=46694318113108&country=FR&currency=EUR&utm_medium=product_sync&utm_source=google&utm_content=sag_organic&utm_campaign=sag_organic&gQT=2,0,0,0,1,0%,0%,0,5
https://golfiller.fr/products/titleist-mix-modeles?variant=46694318375252&country=FR&currency=EUR&utm_medium=product_sync&utm_source=google&utm_content=sag_organic&utm_campaign=sag_organic&gQT=2,0,0,0,1,0%,0%,0,5
https://golfiller.fr/products/wilson-mix-modeles?variant=46694313787732&country=FR&currency=EUR&utm_medium=product_sync&utm_source=google&utm_content=sag_organic&utm_campaign=sag_organic,0,0,0,1,0%,0%,0,5
https://golfiller.fr/products/balles-de-couleur-orange-mix-marques?variant=46694331744596&country=FR&currency=EUR&utm_medium=product_sync&utm_source=google&utm_content=sag_organic&utm_campaign=sag_organic&gQT=1,0,0,0,1,0%,0%,0,6
https://golfiller.fr/products/bridgestone-mix-modeles?variant=43451669807344&country=FR&currency=EUR&utm_medium=product_sync&utm_source=google&utm_content=sag_organic&utm_campaign=sag_organic,0,0,0,1,0%,0%,0,6
https://golfiller.fr/products/copie-de-lot-de-balles-mix-marques-modeles-soft?variant=47935786746196&country=FR&currency=EUR&utm_medium=product_sync&utm_source=google&utm_content=sag_organic&utm_campaign=sag_organic,0,0,0,1,0%,0%,0,6
https://golfiller.fr/products/inesis-tour-900?variant=46694248022356&country=FR&currency=EUR&utm_medium=product_sync&utm_source=google&utm_content=sag_organic&utm_campaign=sag_organic&gQT=2,0,0,0,1,0%,0%,0,6
https://golfiller.fr/products/lot-de-balles-mix-marques-modeles-index-54-0?variant=46705703059796&country=FR&currency=EUR&utm_medium=product_sync&utm_source=google&utm_content=sag_organic&utm_campaign=sag_organic,0,0,0,1,0%,0%,0,6
https://golfiller.fr/products/titleist-pro-v1x?variant=46694132220244&country=FR&currency=EUR&utm_medium=product_sync&utm_source=google&utm_content=sag_organic&utm_campaign=sag_organic,0,0,0,1,0%,0%,0,6
https://golfiller.fr/products/wilson-duo-soft?variant=46694172459348&country=FR&currency=EUR&utm_medium=product_sync&utm_source=google&utm_content=sag_organic&utm_campaign=sag_organic,0,0,0,1,0%,0%,0,6
https://golfiller.fr/products/filet?variant=51449955090772&country=FR&currency=EUR&utm_medium=product_sync&utm_source=google&utm_content=sag_organic&utm_campaign=sag_organic&gQT=1,0,0,0,1,0%,0%,0,7
https://golfiller.fr/products/nike-mix-modeles?variant=46694297305428&country=FR&currency=EUR&utm_medium=product_sync&utm_source=google&utm_content=sag_organic&utm_campaign=sag_organic,0,0,0,1,0%,0%,0,7
https://golfiller.fr/products/callaway-chrome-soft?variant=46694227050836&country=FR&currency=EUR&utm_medium=product_sync&utm_source=google&utm_content=sag_organic&utm_campaign=sag_organic,0,0,0,1,0%,0%,0,8
https://golfiller.fr/products/inesis-mix-modeles?variant=46694321652052&country=FR&currency=EUR&utm_medium=product_sync&utm_source=google&utm_content=sag_organic&utm_campaign=sag_organic&gQT=2,0,0,0,1,0%,0%,0,8
https://golfiller.fr/products/inesis-soft-500?variant=51051115708756&country=FR&currency=EUR&utm_medium=product_sync&utm_source=google&utm_content=sag_organic&utm_campaign=sag_organic,0,0,0,1,0%,0%,0,8
https://golfiller.fr/products/titleist-mix-modeles?variant=46694318276948&country=FR&currency=EUR&utm_medium=product_sync&utm_source=google&utm_content=sag_organic&utm_campaign=sag_organic&gQT=2,0,0,0,1,0%,0%,0,8
https://golfiller.fr/products/titleist-pro-v1x?variant=46694132384084&country=FR&currency=EUR&utm_medium=product_sync&utm_source=google&utm_content=sag_organic&utm_campaign=sag_organic,0,0,0,1,0%,0%,0,8
https://golfiller.fr/products/balles-de-couleur-mix-couleur-mix-marques?variant=46694339150164&country=FR&currency=EUR&utm_medium=product_sync&utm_source=google&utm_content=sag_organic&utm_campaign=sag_organic&gQT=1,0,0,0,1,0%,0%,0,9
https://golfiller.fr/products/nike-mix-modeles?variant=46694297370964&country=FR&currency=EUR&utm_medium=product_sync&utm_source=google&utm_content=sag_organic&utm_campaign=sag_organic,0,0,0,1,0%,0%,0,9
https://golfiller.fr/products/nike-mix-modeles?variant=46694297370964&country=FR&currency=EUR&utm_medium=product_sync&utm_source=google&utm_content=sag_organic&utm_campaign=sag_organic&gQT=1,0,0,0,1,0%,0%,0,9
https://golfiller.fr/products/balles-de-couleur-rose-mix-marques?variant=46694336135508&country=FR&currency=EUR&utm_medium=product_sync&utm_source=google&utm_content=sag_organic&utm_campaign=sag_organic,0,0,0,1,0%,0%,0,10
https://golfiller.fr/products/bridgestone-mix-modeles?variant=43451669840112&country=FR&currency=EUR&utm_medium=product_sync&utm_source=google&utm_content=sag_organic&utm_campaign=sag_organic,0,0,0,1,0%,0%,0,10
https://golfiller.fr/products/inesis-tour-900?variant=46694247891284&country=FR&currency=EUR&utm_medium=product_sync&utm_source=google&utm_content=sag_organic&utm_campaign=sag_organic,0,0,0,1,0%,0%,0,10
https://golfiller.fr/products/inesis-tour-900?variant=46694247891284&country=FR&currency=EUR&utm_medium=product_sync&utm_source=google&utm_content=sag_organic&utm_campaign=sag_organic&gQT=2,0,0,0,1,0%,0%,0,10
https://golfiller.fr/products/lot-de-balles-mix-marques-modeles-index-54-0?variant=46705703256404&country=FR&currency=EUR&utm_medium=product_sync&utm_source=google&utm_content=sag_organic&utm_campaign=sag_organic&gQT=1,0,0,0,1,0%,0%,0,10
https://golfiller.fr/products/wilson-ultra?variant=46694302286164&country=FR&currency=EUR&utm_medium=product_sync&utm_source=google&utm_content=sag_organic&utm_campaign=sag_organic&gQT=2,0,0,0,1,0%,0%,0,10
https://golfiller.fr/products/inesis-soft-500?variant=51051115970900&country=FR&currency=EUR&utm_medium=product_sync&utm_source=google&utm_content=sag_organic&utm_campaign=sag_organic&gQT=2,0,0,0,1,0%,0%,0,11
https://golfiller.fr/products/lot-de-balles-mix-marques-modeles-index-15-0?variant=47714477343060&country=FR&currency=EUR&utm_medium=product_sync&utm_source=google&utm_content=sag_organic&utm_campaign=sag_organic,0,0,0,1,0%,0%,0,11
https://golfiller.fr/products/lot-de-balles-mix-marques-modeles-index-54-0?variant=46705702895956&country=FR&currency=EUR&utm_medium=product_sync&utm_source=google&utm_content=sag_organic&utm_campaign=sag_organic&gQT=1,0,0,0,1,0%,0%,0,12
https://golfiller.fr/products/lot-de-balles-mix-marques-modeles-index-54-0?variant=46705703092564&country=FR&currency=EUR&utm_medium=product_sync&utm_source=google&utm_content=sag_organic&utm_campaign=sag_organic,0,0,0,1,0%,0%,0,12
https://golfiller.fr/products/srixon-ad333?variant=46694277939540&country=FR&currency=EUR&utm_medium=product_sync&utm_source=google&utm_content=sag_organic&utm_campaign=sag_organic,0,0,0,1,0%,0%,0,12
https://golfiller.fr/products/titleist-pro-v1?variant=46694100894036&country=FR&currency=EUR&utm_medium=product_sync&utm_source=google&utm_content=sag_organic&utm_campaign=sag_organic&gQT=1,0,0,0,1,0%,0%,0,12
https://golfiller.fr/products/titleist-velocity-1?variant=51051190321492&country=FR&currency=EUR&utm_medium=product_sync&utm_source=google&utm_content=sag_organic&utm_campaign=sag_organic&gQT=2,0,0,0,1,0%,0%,0,12
https://golfiller.fr/products/titleist-velocity-1?variant=51051190354260&country=FR&currency=EUR&utm_medium=product_sync&utm_source=google&utm_content=sag_organic&utm_campaign=sag_organic&gQT=2,0,0,0,1,0%,0%,0,12
https://golfiller.fr/products/titleist-tour-soft-1?variant=51051149197652&country=FR&currency=EUR&utm_medium=product_sync&utm_source=google&utm_content=sag_organic&utm_campaign=sag_organic,0,0,0,1,0%,0%,0,13
https://golfiller.fr/products/titleist-tour-soft-1?variant=51051149394260&country=FR&currency=EUR&utm_medium=product_sync&utm_source=google&utm_content=sag_organic&utm_campaign=sag_organic,0,0,0,1,0%,0%,0,13
https://golfiller.fr/products/titleist-mix-modeles?variant=46694318309716&country=FR&currency=EUR&utm_medium=product_sync&utm_source=google&utm_content=sag_organic&utm_campaign=sag_organic&gQT=1,0,0,0,1,0%,0%,0,14
https://golfiller.fr/products/callaway-chrome-soft?variant=46694227247444&country=FR&currency=EUR&utm_medium=product_sync&utm_source=google&utm_content=sag_organic&utm_campaign=sag_organic&gQT=2,0,0,0,1,0%,0%,0,15
https://golfiller.fr/products/callaway-supersoft?variant=46694305956180&country=FR&currency=EUR&utm_medium=product_sync&utm_source=google&utm_content=sag_organic&utm_campaign=sag_organic,0,0,0,1,0%,0%,0,15
https://golfiller.fr/products/titleist-avx?variant=46694143557972&country=FR&currency=EUR&utm_medium=product_sync&utm_source=google&utm_content=sag_organic&utm_campaign=sag_organic,0,0,0,1,0%,0%,0,40
https://golfiller.fr/collections/toutes-les-marques?page=2&phcursor=eyJhbGciOiJIUzI1NiJ9.eyJzayI6InByb2R1Y3RfdGl0bGUiLCJzdiI6IlZpY2UgLSBNaXggTW9kw6hsZXMiLCJkIjoiZiIsInVpZCI6NDU4NTQzODA1NTY2MjgsImwiOjIwLCJvIjowLCJyIjoiQ0RQIiwidiI6MX0.Z93RxdZxibCs0Id5Ru-SLTXBx481IkyR7683Te_HGtg,0,0,0,1,0%,0%,0,61