Requêtes les plus fréquentes,Les 6 derniers mois Clics,6 mois précédents Clics,Les 6 derniers mois Impressions,6 mois précédents Impressions,Les 6 derniers mois CTR,6 mois précédents CTR,Les 6 derniers mois Position,6 mois précédents Position
golfiller,2524,2276,9865,8473,25.59%,26.86%,1.99,1.1
balle de golf,698,771,26574,30354,2.63%,2.54%,8.54,6.23
golf filler,466,272,902,625,51.66%,43.52%,1.47,1.26
golfiller balle de golf,363,14,703,54,51.64%,25.93%,01.04,1
golfiler,359,303,1412,1213,25.42%,24.98%,01.05,1.16
balles de golf,260,403,13562,13552,1.92%,2.97%,17.58,9.6
golffiller,182,148,737,690,24.69%,21.45%,01.09,01.01
balles de golf occasion,145,244,2561,3414,5.66%,7.15%,5.64,2.43
balle de golf occasion,128,228,2397,2967,5.34%,7.68%,05.03,2.33
compression balle de golf,116,205,441,836,26.3%,24.52%,1.52,1.82
tableau comparatif balles de golf,113,204,1288,1925,8.77%,10.6%,5.31,1.27
balle golf occasion,102,130,1099,1583,9.28%,8.21%,3.75,1.93
golf filer,86,41,115,73,74.78%,56.16%,1.1,1.14
balle golf,77,95,3071,3102,2.51%,3.06%,5.84,6.16
balles golf occasion,77,100,1065,1327,7.23%,7.54%,4.74,2.13
golfiller avis,71,73,205,254,34.63%,28.74%,1.43,1.14
balle de golf reconditionné,66,69,638,879,10.34%,7.85%,2.83,5.11
balles de golf reconditionnées,65,100,965,1399,6.74%,7.15%,2.86,2.53
tableau compression balle de golf 2025,60,28,228,74,26.32%,37.84%,1.32,1.22
comparatif balles de golf,59,56,487,341,12.11%,16.42%,24.24,6.29
golfiller fr,59,13,79,20,74.68%,65%,1,1
titleist pro v1,55,80,2883,3524,1.91%,2.27%,4.62,5.21
simulateur calcul index golf 2023,53,131,902,1509,5.88%,8.68%,5.25,4.86
calcul index golf,47,56,2333,2600,2.01%,2.15%,9.24,08.01
gofiller,47,18,75,38,62.67%,47.37%,1.16,1.58
golffiler,46,37,225,188,20.44%,19.68%,01.03,1.22
srixon ad333,44,41,2028,2102,2.17%,1.95%,7.46,7.23
callaway chrome soft,42,26,1231,1142,3.41%,2.28%,10.15,8.25
quelle balle de golf choisir,42,36,523,306,8.03%,11.76%,4.35,5.51
tableau compression balle de golf,41,131,688,1585,5.96%,8.26%,4.11,1.14
srixon z star,37,38,871,904,4.25%,4.2%,3.89,6.34
calcul index golf en ligne,37,23,341,127,10.85%,18.11%,3.39,3.39
comparatif balle de golf,37,47,282,236,13.12%,19.92%,20.66,4.19
simulateur calcul index golf 2025,36,31,609,258,5.91%,12.02%,4.55,04.06
compression balles de golf,35,56,108,342,32.41%,16.37%,2.24,1.74
callaway supersoft,32,42,1504,1630,2.13%,2.58%,05.04,3.9
balle de golf nike,32,34,589,604,5.43%,5.63%,2.26,1.9
pro v1,30,35,1159,1528,2.59%,2.29%,3.73,4
balles golf,28,45,2180,2261,1.28%,1.99%,11.18,6.39
calculette golf,28,15,1173,1990,2.39%,0.75%,3.84,3.88
balle de golf compression 80,28,31,89,98,31.46%,31.63%,1.43,1.76
titleist tour soft,27,40,772,812,3.5%,4.93%,5.39,5.16
golfillet,27,9,88,49,30.68%,18.37%,01.03,1.22
prix balle de golf,25,14,2579,2902,0.97%,0.48%,9.78,6.61
gofiler,25,25,234,243,10.68%,10.29%,2.14,1.99
golfiter,24,2,72,9,33.33%,22.22%,2,1.89
balle de golf vice,23,18,447,507,5.15%,3.55%,5.29,4.25
balle de golf d'occasion,22,40,391,496,5.63%,8.06%,5.21,5.23
srixon q star tour,21,23,857,903,2.45%,2.55%,5.12,4.93
titleist velocity,21,15,489,523,4.29%,2.87%,8.38,6.64
meilleures balles de golf pour joueur moyen,20,15,227,332,8.81%,4.52%,4.21,7.18
balle golf reconditionné,20,45,172,266,11.63%,16.92%,1.75,2
titleist avx,19,28,738,781,2.57%,3.59%,8.59,7.59
balles de golf d'occasion,19,33,518,728,3.67%,4.53%,10.55,7.6
calcul index golf 9 trous,19,1,375,68,5.07%,1.47%,7.71,15.99
calculette index golf,19,19,203,402,9.36%,4.73%,3.59,3.57
golf healer,19,0,38,0,50%,0%,3.95,0
golfiller.fr,19,0,28,0,67.86%,0%,1,0
ad333,18,11,398,395,4.52%,2.78%,3.39,4.5
balle de golf callaway supersoft,18,6,298,272,6.04%,2.21%,4.18,4.94
balles de golf vice,17,14,258,298,6.59%,4.7%,5.22,2.3
balle de golf couleur,16,35,406,557,3.94%,6.28%,4.39,02.06
balle golf vice,16,9,167,156,9.58%,5.77%,3.56,2.33
calendrier de l'avent golf,16,934,105,4151,15.24%,22.5%,1.47,02.06
tableau comparatif compression balles de golf,16,0,38,0,42.11%,0%,01.03,0
inesis tour 900,15,24,549,989,2.73%,2.43%,6.8,6.48
golf balle,15,9,516,603,2.91%,1.49%,06.02,3.83
ball de golf,15,2,416,328,3.61%,0.61%,12.37,7.55
balle de golf de couleur,15,17,204,211,7.35%,8.06%,4.24,4.51
balles golf reconditionnées,15,27,169,311,8.88%,8.68%,2.31,2.1
balle titleist pro v1,14,11,269,403,5.2%,2.73%,5.86,4.67
balle de golf orange,14,16,188,253,7.45%,6.32%,2.88,1.96
taylormade tp5,13,8,743,766,1.75%,1.04%,5.63,9.11
titleist pro v1x,13,13,535,704,2.43%,1.85%,3.93,4.64
tableau vitesse swing golf,13,0,162,129,8.02%,0%,08.04,22.14
golfileur,13,0,43,0,30.23%,0%,01.09,0
balles de golf pas cher,12,22,715,734,1.68%,3%,10.03,4.69
balle de golf pas cher,12,28,628,776,1.91%,3.61%,13.42,4
meilleur balle de golf,12,10,419,625,2.86%,1.6%,9.47,6.6
balle callaway supersoft,12,4,270,348,4.44%,1.15%,5.4,4.59
balles de golf callaway supersoft,12,12,247,272,4.86%,4.41%,04.06,4.7
simulateur calcul index golf,12,38,158,227,7.59%,16.74%,4.56,4.33
balles de golf orange,12,9,114,121,10.53%,7.44%,3.34,3.59
calculer index golf,12,10,95,171,12.63%,5.85%,5.48,6.84
balle occasion golf,12,13,87,106,13.79%,12.26%,1.6,1.43
compression titleist pro v1,12,8,39,39,30.77%,20.51%,2.36,2.36
grade balle de golf,12,46,25,90,48%,51.11%,01.08,1.46
balle de golf callaway,11,15,1820,2097,0.6%,0.72%,9.2,7.13
balle de golf prix,11,14,1514,1777,0.73%,0.79%,10.03,6.42
balle de golf rose,11,9,255,479,4.31%,1.88%,3.36,3.94
balle de golf taylormade tp5,11,5,241,261,4.56%,1.92%,5.68,6.44
balles de golf couleur,11,8,129,302,8.53%,2.65%,3.57,1.61
inesis 900 balles,11,5,125,204,8.8%,2.45%,3.24,04.06
compression pro v1,11,12,50,71,22%,16.9%,1.98,3.94
balle de golf rolex,10,17,2015,2068,0.5%,0.82%,9.48,8.77
golf ball,10,5,857,911,1.17%,0.55%,6.86,6.75
logiciel gratuit calcul handicap golf,10,1,420,13,2.38%,7.69%,9.81,17.54
slope golf,10,0,402,7,2.49%,0%,5.65,2
balle pro v1,10,15,393,429,2.54%,3.5%,7.67,05.07
calcul handicap golf gratuit,10,40,244,737,4.1%,5.43%,5.44,6.22
balle inesis tour 900 avis,10,12,126,224,7.94%,5.36%,3.83,7.19
choisir sa balle de golf,10,18,95,108,10.53%,16.67%,4.27,5.51
comment choisir sa balle de golf,10,17,93,114,10.75%,14.91%,4.15,5.25
titleist tour soft compression,10,2,84,44,11.9%,4.55%,6.3,6.77
compression tp5,10,5,26,25,38.46%,20%,2,3.76
golfill,10,6,24,27,41.67%,22.22%,3.5,5.48
marque balle golf,9,3,1070,388,0.84%,0.77%,10.63,13.64
tp5,9,11,769,812,1.17%,1.35%,4.83,4.68
pro v1x,9,7,410,735,2.2%,0.95%,4.19,4
balle de golf titleist pro v1,9,10,370,480,2.43%,2.08%,8.11,7.36
tp5x,9,16,353,346,2.55%,4.62%,3.39,3.85
balles callaway supersoft,9,18,310,377,2.9%,4.77%,4.14,3.29
srixon q star,9,12,230,300,3.91%,4%,6.26,6.49
balle de golf tour special,9,12,203,203,4.43%,5.91%,3.57,3.41
calculateur index golf,9,14,188,351,4.79%,3.99%,06.03,5.62
calculette de jeu golf,9,3,155,280,5.81%,1.07%,4.96,4.99
balles de golf occasion pas cher,9,9,124,201,7.26%,4.48%,3.43,3.25
simulation index golf,9,11,108,132,8.33%,8.33%,7.5,4.31
srixon z-star,9,3,89,90,10.11%,3.33%,4.93,8.88
balle de golf compression,9,25,66,324,13.64%,7.72%,3.83,2.34
meilleure balle de golf,8,10,401,386,2%,2.59%,17.47,9.41
pro v1 titleist,8,5,306,156,2.61%,3.21%,3.6,3.49
calcul index golf ffg,8,8,302,373,2.65%,2.14%,11.89,8.54
balle de golf recyclé,8,5,205,266,3.9%,1.88%,10.99,14.77
q star tour,8,12,202,190,3.96%,6.32%,3.69,3.42
calculette de golf,8,5,196,385,4.08%,1.3%,3.75,3.72
inesis soft 500,8,9,181,350,4.42%,2.57%,3.89,4.94
achat balles de golf,8,14,125,183,6.4%,7.65%,3.76,2.42
balles de golf nike,8,10,94,165,8.51%,6.06%,03.09,2.19
simulateur calcul index golf 2026,8,0,84,0,9.52%,0%,3.79,0
vitesse de swing golf,8,0,41,0,19.51%,0%,3.15,0
choisir balle de golf,7,9,1143,431,0.61%,2.09%,19.94,30.46
100 balles de golf occasion,7,20,838,861,0.84%,2.32%,7.37,6.62
calcul handicap golf,7,8,790,1180,0.89%,0.68%,14.65,14.42
balle de golf inesis,7,11,754,901,0.93%,1.22%,06.04,3.13
meilleures balles de golf,7,20,434,482,1.61%,4.15%,16.26,8.41
taylormade tp5x,7,11,280,407,2.5%,2.7%,4.91,6.16
achat balle de golf,7,12,260,235,2.69%,5.11%,14.18,7.75
index golf calcul,7,12,233,754,3%,1.59%,9.17,9.72
titleist pro v1 prix,7,19,208,298,3.37%,6.38%,3.81,2.41
golf balles,7,11,188,172,3.72%,6.4%,7.7,5.22
balle vice,7,4,181,142,3.87%,2.82%,5.95,3.8
balle de golf inesis soft 500,7,9,149,238,4.7%,3.78%,3.54,4.66
callaway super soft,7,3,144,163,4.86%,1.84%,3.49,3.88
balle de golf inesis 900,7,4,131,133,5.34%,3.01%,4.27,3.47
balle de gold,7,1,117,138,5.98%,0.72%,3.87,4.48
balle golf nike,7,6,90,175,7.78%,3.43%,2.77,4.39
balles titleist tour soft,7,4,66,85,10.61%,4.71%,3.65,3.6
golfier,7,0,36,6,19.44%,0%,6.42,9.67
magasin de golf,6,2,1213,1001,0.49%,0.2%,5.4,7.21
magasin golf,6,9,1057,677,0.57%,1.33%,6.22,7.83
bal de golf,6,11,359,319,1.67%,3.45%,3.97,05.03
calcul carte score golf,6,8,303,406,1.98%,1.97%,7.34,6.86
index golf débutant,6,2,295,536,2.03%,0.37%,11.64,11.93
balles titleist pro v1,6,11,288,299,2.08%,3.68%,4.31,03.01
magasin golf lyon,6,3,287,143,2.09%,2.1%,4.82,4.5
meilleur balle de golf pour la distance,6,2,265,241,2.26%,0.83%,14.51,9.11
calculette handicap golf,6,3,199,354,3.02%,0.85%,4.5,5.85
calcul score golf,6,7,193,428,3.11%,1.64%,9.37,12.28
balles de golf titleist pro v1,6,2,165,205,3.64%,0.98%,5.37,4.97
balle de golf tp5,6,5,142,116,4.23%,4.31%,4.22,3.11
balles de golf tour special,6,12,129,200,4.65%,6%,3.31,2.95
balles inesis 900,6,5,117,120,5.13%,4.17%,5.34,3.82
balles tp5,6,8,112,125,5.36%,6.4%,04.08,3.73
titleist tour soft avis,6,1,104,132,5.77%,0.76%,6.12,6.27
wilson dx2,6,4,87,74,6.9%,5.41%,5.3,04.04
tour soft titleist,6,3,86,68,6.98%,4.41%,4.23,5.26
z star srixon,6,2,81,95,7.41%,2.11%,2.44,3.98
balles golf vice,6,5,72,94,8.33%,5.32%,4.65,2.21
wilson dx2 soft,6,3,53,96,11.32%,3.12%,9.11,11.24
pro v1 compression,6,8,42,58,14.29%,13.79%,5.64,6.5
golfillee,6,0,36,0,16.67%,0%,1.19,0
calendrier avent golf,6,233,29,991,20.69%,23.51%,1.62,2.31
calcul score differentiel golf,6,3,27,136,22.22%,2.21%,06.07,7.88
golfhealer,6,0,14,0,42.86%,0%,2.5,0
inesis,5,4,7807,8676,0.06%,0.05%,7.69,7.28
balles de golf callaway,5,6,873,1180,0.57%,0.51%,12.54,11.17
trouver index joueur golf,5,19,830,2179,0.6%,0.87%,7.21,7.39
prix d'une balle de golf,5,4,705,1011,0.71%,0.4%,7.25,11.06
combien coûte une balle de golf,5,0,524,579,0.95%,0%,5.88,7.27
ad333 srixon,5,3,409,215,1.22%,1.4%,4,7.72
calcul index,5,13,405,812,1.23%,1.6%,11.14,9.77
balle callaway,5,5,381,539,1.31%,0.93%,6.91,6.23
balle srixon ad333,5,2,309,515,1.62%,0.39%,12.49,12.36
balles de golf recyclées,5,25,302,450,1.66%,5.56%,11.45,12.35
calculette golf ffg,5,0,202,47,2.48%,0%,5.69,8.81
balle tour special,5,6,199,246,2.51%,2.44%,4.42,4.5
vice balles de golf,5,0,190,0,2.63%,0%,4.94,0
srixon balle de golf,5,3,187,239,2.67%,1.26%,7.33,7.62
balles de golf titleist pro v1 pas cher,5,11,166,325,3.01%,3.38%,11.75,10.56
comment calculer son index au golf,5,9,149,300,3.36%,3%,7.78,7.59
balle de golf srixon ad333,5,2,134,224,3.73%,0.89%,5.81,6.59
balle titleist avx,5,2,95,82,5.26%,2.44%,6.15,4.76
simulateur index golf,5,21,89,222,5.62%,9.46%,4.13,04.02
balle golf rose,5,3,79,117,6.33%,2.56%,2.52,2.92
balles vice golf,5,3,75,80,6.67%,3.75%,3.76,2.71
balle titleist tour soft,5,3,72,140,6.94%,2.14%,4.11,4.91
qstar tour,5,0,59,25,8.47%,0%,2.51,3
srixon qstar,5,0,53,63,9.43%,0%,06.06,05.06
golf le plus cher de france,5,0,50,0,10%,0%,5.46,0
slope parcours de golf,5,0,46,1,10.87%,0%,6.76,51
achat balles de golf reconditionnées,5,0,41,1,12.2%,0%,2.15,1
balle golf couleur,5,9,37,97,13.51%,9.28%,1.57,1.96
titleist pro v1 compression,5,7,32,57,15.62%,12.28%,2.12,4.86
golf ball compression,5,4,20,40,25%,10%,4.55,2.23
vitesse swing golf,5,0,19,1,26.32%,0%,2.68,2
index golf,4,7,1328,1051,0.3%,0.67%,12.16,14.29
balle de golf bridgestone,4,3,383,589,1.04%,0.51%,11.06,09.01
prov1,4,7,330,561,1.21%,1.25%,5.37,3.28
balle de golf pro v1,4,10,324,375,1.23%,2.67%,6.38,5.43
ball golf,4,1,266,195,1.5%,0.51%,20.95,12.06
vice golf france,4,2,251,407,1.59%,0.49%,5.79,6.25
calculer son index au golf,4,6,200,299,2%,2.01%,11.76,7.56
recyclage balle de golf,4,0,178,66,2.25%,0%,26.03,18.65
tour special golf,4,8,175,347,2.29%,2.31%,4.75,3.72
lot de balle de golf,4,3,170,306,2.35%,0.98%,3.66,2.26
balle tp5,4,2,163,143,2.45%,1.4%,4.66,4.15
taylor made tp5,4,1,156,118,2.56%,0.85%,4.59,6.76
simulateur calcul index golf 2022,4,14,144,448,2.78%,3.12%,5.48,4.85
wilson ultra golf,4,2,143,193,2.8%,1.04%,5.64,6.38
balles reconditionnées golf,4,6,142,219,2.82%,2.74%,2.63,1.21
balles tour special,4,5,141,230,2.84%,2.17%,4.41,4.67
100 balles de golf d'occasion,4,5,132,140,3.03%,3.57%,5.69,3.7
srixon q-star tour,4,2,130,113,3.08%,1.77%,7.22,5.78
lot balle de golf,4,12,121,164,3.31%,7.32%,3.4,1.44
balle callaway chrome soft,4,7,118,163,3.39%,4.29%,5.92,5.94
marques balles de golf,4,1,111,108,3.6%,0.93%,11.82,7.44
balles d'occasion golf,4,3,105,267,3.81%,1.12%,02.06,1.21
magasin de golf autour de moi,4,5,96,60,4.17%,8.33%,3.85,3.45
balles de golf wilson duo soft,4,2,93,71,4.3%,2.82%,5.96,7.48
balle de golf wilson duo soft,4,0,87,67,4.6%,0%,06.06,9.22
balle srixon z star,4,6,77,111,5.19%,5.41%,4.14,4.42
comment choisir ses balles de golf,4,8,70,106,5.71%,7.55%,3.49,5.85
pro v1 x,4,5,70,133,5.71%,3.76%,4.16,4.65
srixon zstar,4,1,66,104,6.06%,0.96%,1.86,3.21
balle inesis,4,1,49,73,8.16%,1.37%,2.92,3.16
les meilleures balles de golf,4,2,48,86,8.33%,2.33%,6.17,7.8
balle de golf orange fluo,4,0,38,1,10.53%,0%,2.37,1
compression taylormade tour response,4,1,25,12,16%,8.33%,4.24,5.67
taylormade tour response compression,4,0,20,3,20%,0%,6,8.67
test balles de golf,4,15,19,51,21.05%,29.41%,2.84,2.51
vitesse de swing,4,0,16,0,25%,0%,2.19,0
us open golf,3,4,1570,1555,0.19%,0.26%,10.01,11.79
vice golf,3,5,1566,1219,0.19%,0.41%,6.11,07.09
vitesse balle de golf,3,0,1011,853,0.3%,0%,8.7,12.11
balle de golf wilson,3,6,974,1086,0.31%,0.55%,11.99,6.66
srixon,3,4,762,1751,0.39%,0.23%,12.92,9.73
balles pro v1,3,6,679,494,0.44%,1.21%,10.77,2.56
promo balles de golf,3,2,593,676,0.51%,0.3%,18.93,10.6
prix d une balle de golf,3,0,535,478,0.56%,0%,18.5,10.73
balles de golf colorées,3,6,344,360,0.87%,1.67%,8.91,6.97
meilleur balle de golf pour senior,3,2,331,594,0.91%,0.34%,9.89,7.9
balle golf callaway,3,1,325,295,0.92%,0.34%,11.48,8.55
balle de golfe,3,4,285,266,1.05%,1.5%,7.15,8.41
balle de golf les plus cher,3,3,276,309,1.09%,0.97%,18.61,4.61
wilson duo soft,3,0,246,50,1.22%,0%,8.82,14.62
tour special,3,7,234,168,1.28%,4.17%,7.25,8.59
balle de golf reconditionnée,3,3,229,214,1.31%,1.4%,16.57,10.56
prix des balles de golf,3,3,228,346,1.32%,0.87%,6.97,13.03
balles srixon ad333,3,2,170,214,1.76%,0.93%,6.25,6.22
balle golf pro v1,3,8,157,175,1.91%,4.57%,4.92,3.58
balles de golf pro v1,3,8,154,156,1.95%,5.13%,5.62,4.85
balle golf titleist pro v1,3,4,125,189,2.4%,2.12%,7.44,5.14
balle golf tour special,3,7,110,155,2.73%,4.52%,05.03,4.4
balles taylormade tp5,3,6,109,124,2.75%,4.84%,4.42,5.42
taylormade tp5 pix,3,4,109,163,2.75%,2.45%,7.22,6.92
z star,3,3,108,121,2.78%,2.48%,3.56,5.9
balles callaway chrome soft,3,5,105,117,2.86%,4.27%,3.77,6.42
balle de golf soft,3,1,101,92,2.97%,1.09%,7.16,12.42
balle inesis 900,3,6,96,129,3.12%,4.65%,3.23,4.17
avx titleist,3,1,96,83,3.12%,1.2%,7.86,7.4
balles de golf taylormade tp5,3,4,95,99,3.16%,4.04%,4.76,5.86
balles titleist avx,3,1,95,27,3.16%,3.7%,4.89,2.19
balle de.golf,3,2,93,96,3.23%,2.08%,06.02,5.6
balles de golf wilson staff dx2 soft,3,12,80,145,3.75%,8.28%,5.2,2.55
supersoft callaway,3,1,77,86,3.9%,1.16%,3.9,4.98
balle inesis 500 avis,3,5,73,142,4.11%,3.52%,3.49,5.25
ad 333,3,2,67,81,4.48%,2.47%,2.33,3.52
calculer handicap golf,3,0,66,129,4.55%,0%,14.82,32.18
calcul slope golf,3,0,56,99,5.36%,0%,4.59,8.37
magasin de golf lyon,3,0,56,9,5.36%,0%,5.7,5.22
balle de golf recuperation,3,2,52,38,5.77%,5.26%,5.52,04.05
calcul index golf excel,3,4,42,70,7.14%,5.71%,06.02,7.97
balle golf srixon ad333,3,0,41,40,7.32%,0%,5.49,6.7
golf slope,3,0,27,0,11.11%,0%,6,0
vitesse de swing senior,3,0,25,3,12%,0%,1.84,2
balle golf recyclée,3,7,23,42,13.04%,16.67%,3.91,4.62
titleist pro v1 x,3,0,21,38,14.29%,0%,3.52,5.39
vitesse de swing driver,3,0,17,0,17.65%,0%,3.76,0
calendrier de l'avant golf,3,106,16,589,18.75%,18%,3.56,2.73
tp5 compression,3,0,13,12,23.08%,0%,4.23,6.92
taylormade tp5 compression,3,0,8,2,37.5%,0%,6.12,7.5
compression des balles de golf,3,40,7,82,42.86%,48.78%,1.14,1.4
calendrier avant golf,3,42,5,246,60%,17.07%,3,2.61
balle de golf titleist,2,6,1346,1583,0.15%,0.38%,14.69,10.41
balles callaway,2,6,1209,1069,0.17%,0.56%,14.66,6.44
titleist,2,3,1111,1881,0.18%,0.16%,13.77,9.81
balle de golf srixon,2,5,1006,1394,0.2%,0.36%,11.31,7.41
inesis 900,2,0,749,604,0.27%,0%,7.89,11.86
balles de golf titleist,2,4,698,1028,0.29%,0.39%,19.7,15.34
balle de golf taylormade,2,5,648,1021,0.31%,0.49%,15.1,8.93
balle taylormade,2,11,471,911,0.42%,1.21%,10.82,6.82
prix balles de golf,2,3,425,392,0.47%,0.77%,17.99,7.75
inesis 500,2,1,329,153,0.61%,0.65%,9.73,8.94
vice golf balls,2,4,302,495,0.66%,0.81%,6.6,4
balle srixon,2,1,293,345,0.68%,0.29%,10.22,8.5
callaway balle de golf,2,1,228,320,0.88%,0.31%,7.57,7.9
prov1x,2,3,196,255,1.02%,1.18%,5.18,5.53
balles de golf inesis,2,7,190,242,1.05%,2.89%,5.5,3.17
tp5 pix,2,4,182,265,1.1%,1.51%,7.61,4.93
balle de golf srixon prix,2,6,172,298,1.16%,2.01%,6.63,5.1
balle taylormade tp5,2,1,166,174,1.2%,0.57%,5.67,6.99
prix balle de golf occasion,2,6,165,265,1.21%,2.26%,5.58,3.55
bridgestone golf,2,2,165,252,1.21%,0.79%,10.09,5.69
balle golf wilson,2,2,160,181,1.25%,1.1%,7.96,5.52
golf calcul index,2,2,146,310,1.37%,0.65%,8.55,12.13
marque balles de golf,2,2,146,144,1.37%,1.39%,8.75,7.6
q star,2,1,132,96,1.52%,1.04%,4.8,3.34
meilleurs balles de golf,2,2,129,107,1.55%,1.87%,6.8,7.63
vitesse balle de golf km/h,2,0,123,3,1.63%,0%,7.82,1.33
chrome soft callaway,2,1,121,121,1.65%,0.83%,4.31,06.07
scott scheffler,2,54,119,1301,1.68%,4.15%,3.82,3.6
titleist prov1,2,6,113,138,1.77%,4.35%,3.18,4.57
balle de golf bleu,2,0,113,58,1.77%,0%,5.27,9.62
bale de golf,2,3,101,104,1.98%,2.88%,4.22,4.13
callaway supersoft golf balls,2,4,99,134,2.02%,2.99%,5.54,3.64
balle de golf promo,2,3,95,120,2.11%,2.5%,9.37,6.65
balles srixon z star,2,2,91,108,2.2%,1.85%,4.32,5.6
srixon ad 333,2,1,83,88,2.41%,1.14%,4.98,5.97
balles de golf promo,2,2,83,105,2.41%,1.9%,15.04,8.29
titleist pro v1 pas cher,2,2,82,33,2.44%,6.06%,15.44,33.97
srixon tour special,2,3,78,106,2.56%,2.83%,7.67,16.69
fédération française de golf index,2,0,77,34,2.6%,0%,8.1,9.24
tp5x golf balls,2,3,73,84,2.74%,3.57%,4.59,5.17
balle de golf inesis 100,2,4,73,117,2.74%,3.42%,5.3,4.1
balle de golf callaway prix,2,5,73,167,2.74%,2.99%,5.45,5.81
balle de golf callaway chrome soft,2,1,72,99,2.78%,1.01%,5.49,6.83
tp5 golf balls,2,1,69,67,2.9%,1.49%,6.39,04.07
balle de golf pro v1x,2,1,66,74,3.03%,1.35%,7.45,05.09
balle de folf,2,2,65,64,3.08%,3.12%,3.2,3.7
balle de golf vice pro plus,2,3,65,74,3.08%,4.05%,7.14,8.38
balle de golf taylor made,2,0,62,111,3.23%,0%,9.87,8.59
calculette golf index,2,0,61,0,3.28%,0%,3.36,0
balles de golf pas chères,2,6,60,221,3.33%,2.71%,11.78,18.02
vice pro golf balls,2,2,59,35,3.39%,5.71%,4.15,5.2
balles inesis 500,2,2,55,82,3.64%,2.44%,4.56,5.24
balle de golf haut de gamme,2,0,55,53,3.64%,0%,7.96,08.02
inesis 2,2,2,54,116,3.7%,1.72%,3.28,1.8
wilson staff dx2 soft,2,3,54,56,3.7%,5.36%,4.91,8.29
balle de golf inesis 3,2,5,52,121,3.85%,4.13%,03.06,2.98
srixon q-star tour avis,2,5,52,109,3.85%,4.59%,07.04,5.1
vice golf ball,2,2,51,55,3.92%,3.64%,7.41,3.8
magasin golf autour de moi,2,1,46,13,4.35%,7.69%,4.74,4.31
srixon z-star xv,2,2,45,69,4.44%,2.9%,9.13,7.17
balle de golf inesis 2,2,2,37,84,5.41%,2.38%,04.05,2.37
balle srixon q star tour,2,0,37,110,5.41%,0%,05.08,08.09
balle de golf titleist 4 prix,2,4,37,99,5.41%,4.04%,5.19,3.49
srixon q-star,2,2,36,22,5.56%,9.09%,24.86,9.27
combien coute une partie de golf,2,0,35,0,5.71%,0%,3.51,0
balle de golf inesis 500,2,2,33,28,6.06%,7.14%,3.58,3.93
balles de golf fluorescentes,2,1,32,73,6.25%,1.37%,4.44,6.11
calcul handicap de jeu golf,2,0,32,11,6.25%,0%,6.31,9.82
code promo golfiller,2,1,30,19,6.67%,5.26%,4.5,3.63
balles golf callaway supersoft,2,4,26,65,7.69%,6.15%,4.38,05.08
calculer son handicap au golf,2,0,26,52,7.69%,0%,9.15,10.42
golf marque balle,2,0,26,12,7.69%,0%,9.5,8.5
combien coûte une partie de golf,2,0,25,0,8%,0%,3.44,0
quelle balle de golf pour debutant,2,2,25,28,8%,7.14%,5.92,4.93
tour response compression,2,1,23,14,8.7%,7.14%,6.26,08.07
prov1 x,2,1,22,21,9.09%,4.76%,2.64,3.81
tarif golf nîmes campagne,2,0,21,0,9.52%,0%,09.05,0
balle de golf fluo,2,10,20,130,10%,7.69%,3.3,3.92
combien coûte le golf à l année,2,0,20,0,10%,0%,07.05,0
callaway supersoft compression,2,0,19,8,10.53%,0%,5.84,14.38
calendrier de l avent golf,2,89,18,414,11.11%,21.5%,1.33,1.39
vitesse balle de golf fer 7,2,0,17,0,11.76%,0%,2.59,0
balles golf inesis,2,8,17,109,11.76%,7.34%,2.82,2.76
balles inesis,2,3,17,76,11.76%,3.95%,3.41,2.82
balle de golf colorée,2,1,16,7,12.5%,14.29%,1.56,3.71
q star tour srixon,2,1,16,13,12.5%,7.69%,4.62,4.15
srixon 333,2,0,16,16,12.5%,0%,5.5,6.88
inesis 3,2,1,15,43,13.33%,2.33%,3.67,4.35
compression titleist tour soft,2,3,15,19,13.33%,15.79%,4.73,5.37
achat balle de golf occasion,2,2,14,37,14.29%,5.41%,1,02.08
titleist pro v1 promotion,2,1,13,8,15.38%,12.5%,2.23,2
prix parcours golf,2,0,10,0,20%,0%,2.4,0
vitesse club golf,2,0,7,0,28.57%,0%,2.14,0
compression tour response,2,1,6,12,33.33%,8.33%,3,6.58
vice pro soft golf balls,2,0,6,4,33.33%,0%,9.5,6.5
compression golf balls,2,7,5,19,40%,36.84%,20.2,2.95
golf balls compression,2,1,4,1,50%,100%,2.75,2
golf hiller,2,0,3,0,66.67%,0%,1,0
golfyer,2,0,3,2,66.67%,0%,4,2
golf montpellier massane tarif,2,0,2,0,100%,0%,3.5,0
balles de golf srixon,1,1,1464,1496,0.07%,0.07%,23.12,19.73
balles de golf taylormade,1,6,823,1050,0.12%,0.57%,20.2,11.59
us open golf 2025,1,34,809,21867,0.12%,0.16%,6.75,10.18
50 balles,1,4,697,862,0.14%,0.46%,5.23,4.52
balle titleist,1,1,694,748,0.14%,0.13%,11.54,9.35
compresser balle golf,1,1,509,526,0.2%,0.19%,12.48,6.75
magasin condrieu,1,0,251,241,0.4%,0%,2.62,2.56
golf us open 2025,1,10,224,6571,0.45%,0.15%,7.8,10.23
balles de golf d occasion,1,4,219,199,0.46%,2.01%,9.18,5.65
balle golf rolex,1,1,218,113,0.46%,0.88%,10.22,8.88
balle golf titleist,1,2,208,290,0.48%,0.69%,08.01,7.41
balles de golf occasion titleist,1,4,203,211,0.49%,1.9%,13.25,10.55
balles de golf rose,1,4,199,464,0.5%,0.86%,12.76,08.08
formule calcul coups rendus golf,1,0,194,55,0.52%,0%,6.29,25.4
vitesse d'une balle de golf,1,0,190,297,0.53%,0%,22.48,22.07
acheter balle de golf,1,2,187,53,0.53%,3.77%,34.33,9.6
prix balle golf,1,5,182,211,0.55%,2.37%,6.6,6.58
balle de golf jaune,1,2,174,233,0.57%,0.86%,5.48,4.11
choisir balle golf,1,1,172,206,0.58%,0.49%,8.83,04.03
balle de golf fluorescente,1,1,155,113,0.65%,0.88%,6.53,8.45
calcul coups rendus golf,1,0,149,263,0.67%,0%,11.97,38.66
balles de golf prix,1,2,146,153,0.68%,1.31%,8.99,7.46
balle golf srixon,1,1,145,205,0.69%,0.49%,10.02,7.75
balles golf callaway,1,4,143,228,0.7%,1.75%,6.12,7.25
chrome soft,1,4,137,154,0.73%,2.6%,3.69,5.29
filet balle de golf,1,0,134,91,0.75%,0%,7.58,58.81
combien coute une balle de golf,1,0,134,123,0.75%,0%,8.94,6.88
vice balle de golf,1,4,133,261,0.75%,1.53%,6.79,5.12
golf plus,1,0,132,64,0.76%,0%,03.05,06.06
titleist pro v1 golf balls,1,1,131,29,0.76%,3.45%,6.48,6.76
balles de golf jaunes,1,4,130,293,0.77%,1.37%,10.56,12.3
prix balle de golf rolex,1,1,129,349,0.78%,0.29%,10.53,9.13
titleist balle de golf,1,0,127,77,0.79%,0%,8.87,7.66
carte score golf,1,0,127,179,0.79%,0%,21.64,21.12
inesis golf,1,0,120,388,0.83%,0%,37.24,10.53
balle golf inesis,1,1,117,150,0.85%,0.67%,3.71,3.47
balle de golf vice pro,1,5,116,76,0.86%,6.58%,4.2,2.71
slope au golf,1,0,116,0,0.86%,0%,8.51,0
golfy,1,0,108,91,0.93%,0%,2.79,2.93
balles golf srixon,1,1,105,126,0.95%,0.79%,9.48,10.02
compression golf balls chart,1,0,105,21,0.95%,0%,71.37,89.9
balle d'o golf,1,0,101,0,0.99%,0%,7.25,0
callaway france,1,0,97,11,1.03%,0%,13.25,6.27
inesis golf balls,1,0,96,91,1.04%,0%,18.64,13.95
vitesse balle de golf moyenne,1,1,95,98,1.05%,1.02%,5.43,5.31
balle de golf composition,1,0,95,118,1.05%,0%,40.53,69.14
index debutant golf,1,1,94,57,1.06%,1.75%,10.46,6.11
calcul coup rendu golf,1,1,92,149,1.09%,0.67%,9.99,9.37
calcul du handicap au golf,1,0,88,172,1.14%,0%,18.43,37.87
classement golf index,1,1,83,193,1.2%,0.52%,15.36,19.27
balle de golf titleist 3,1,0,75,107,1.33%,0%,3.99,4.51
balle de golf originale,1,1,75,112,1.33%,0.89%,7.84,5.13
comment est calculé l'index au golf,1,4,74,217,1.35%,1.84%,9.81,7.49
balles de golf neuves pas cheres,1,3,73,74,1.37%,4.05%,6.26,6.74
mon index au golf,1,0,73,0,1.37%,0%,12.27,0
materiel golf occasion,1,1,72,188,1.39%,0.53%,28.94,51.39
taylormade balles de golf,1,1,71,108,1.41%,0.93%,11.35,10.02
combien vaut une balle de golf,1,0,67,98,1.49%,0%,4.27,6.49
pro v1 golf balls,1,1,64,113,1.56%,0.88%,9.28,5.77
inesis 900 occasion,1,1,63,153,1.59%,0.65%,6.65,9.78
calcul carte de score golf,1,7,62,117,1.61%,5.98%,7.21,6.86
balles de golf promotion,1,1,62,137,1.61%,0.73%,9.94,9.14
classement slope golf france,1,0,60,0,1.67%,0%,05.03,0
srixon ad333 tour,1,2,59,75,1.69%,2.67%,4.68,10.99
tp 5,1,0,59,78,1.69%,0%,5.29,4.5
balles de golf rolex,1,0,59,87,1.69%,0%,10.47,9.56
zstar,1,1,58,56,1.72%,1.79%,4.31,03.09
srixon z star xv,1,5,58,110,1.72%,4.55%,10.12,6.68
calcul golf index,1,0,55,239,1.82%,0%,11.55,16.64
golf ball compression chart,1,0,53,59,1.89%,0%,52.85,56.44
tour 900 inesis,1,2,51,96,1.96%,2.08%,4.18,05.01
golf autour de moi,1,1,50,22,2%,4.55%,2.8,1.95
ad333 tour,1,0,50,48,2%,0%,4.82,9.44
balles golf pro v1,1,1,49,66,2.04%,1.52%,5.63,03.03
callaway golf balls,1,0,49,27,2.04%,0%,9.53,42.19
inesis distance 100,1,1,48,73,2.08%,1.37%,9.77,7.77
velocity titleist,1,0,48,48,2.08%,0%,10.29,8.92
handicap golf débutant,1,1,47,62,2.13%,1.61%,36.57,33.74
callaway chrome soft triple track,1,5,46,93,2.17%,5.38%,9.87,5.43
balles de golf callaway chrome soft,1,3,45,38,2.22%,7.89%,05.07,05.08
index moyen golf france,1,0,45,28,2.22%,0%,9.11,20.07
poids d'une balle de golf,1,0,45,80,2.22%,0%,43.11,74.06
prix balle de golf callaway,1,1,44,121,2.27%,0.83%,6.3,07.07
balle de golf pas chere,1,3,43,57,2.33%,5.26%,2.44,2.7
compression golf,1,3,43,71,2.33%,4.23%,06.09,5.69
titleist velocity golf balls,1,0,43,27,2.33%,0%,6.33,8.44
tarif abonnement golf cabot bordeaux,1,0,40,0,2.5%,0%,08.05,0
balle de golf tour special avis,1,0,40,30,2.5%,0%,9.9,15.03
balle taylormade tp5x,1,2,37,55,2.7%,3.64%,4.68,6.42
balle golf callaway supersoft,1,7,35,115,2.86%,6.09%,4.51,04.03
used golf balls,1,0,34,22,2.94%,0%,1.5,20.32
tour soft,1,0,34,48,2.94%,0%,05.09,4.46
balle golf bridgestone,1,1,34,57,2.94%,1.75%,8.62,11.89
balles de golf decathlon,1,0,33,18,3.03%,0%,5.3,10.5
pro v 1,1,0,33,67,3.03%,0%,5.82,5.52
srixon 3,1,4,32,47,3.12%,8.51%,4.22,2.87
golf meilleure balle,1,0,32,33,3.12%,0%,4.34,7.73
nike golf ball,1,3,32,52,3.12%,5.77%,10.41,10.31
balle de golf professionnel,1,1,31,23,3.23%,4.35%,06.03,6.91
quelle différence entre index et niveau au golf,1,0,30,24,3.33%,0%,8.17,10.88
inesis tour 900 compression,1,0,29,33,3.45%,0%,8.34,8.85
calcul index au golf,1,2,29,30,3.45%,6.67%,10.14,7.4
srixon qstar tour,1,2,28,28,3.57%,7.14%,4.25,15.32
prix pour faire du golf,1,0,28,0,3.57%,0%,5.68,0
balle golf wilson duo soft,1,1,28,46,3.57%,2.17%,6.36,11.26
callaway super soft golf balls,1,0,27,10,3.7%,0%,4.67,4.9
balle de golf cher,1,0,26,80,3.85%,0%,2.19,4.89
balles srixon q star tour,1,0,26,56,3.85%,0%,04.08,5.98
prov 1,1,1,26,10,3.85%,10%,4.19,4
prix balle de golf titleist pro v1,1,0,26,103,3.85%,0%,5,3.32
callaway soft,1,2,26,33,3.85%,6.06%,5.92,6.33
sba golf,1,0,26,4,3.85%,0%,9.27,2
golfleader,1,0,25,2,4%,0%,2.36,2.5
balle inesis 500,1,3,25,111,4%,2.7%,03.04,4.34
qstar srixon,1,3,25,29,4%,10.34%,3.48,3.52
prix d un parcours de golf,1,0,25,0,4%,0%,3.52,0
golf de valescure,1,0,24,0,4.17%,0%,2.92,0
compression balle de golf ralenti,1,0,24,50,4.17%,0%,8.67,8.38
boutique golf,1,0,24,11,4.17%,0%,9.75,09.09
balle de golf d occasion,1,0,23,8,4.35%,0%,2.22,1.62
q-star tour,1,2,23,19,4.35%,10.53%,3.17,02.05
balle vice golf,1,1,23,20,4.35%,5%,4.35,02.05
prix pour jouer au golf,1,0,22,0,4.55%,0%,4.91,0
balle golf pas cher,1,6,21,58,4.76%,10.34%,3.19,2.14
golf pro v1,1,0,21,40,4.76%,0%,3.81,7.88
prix,1,0,21,8,4.76%,0%,6.71,11.38
balles de golf en gros,1,2,21,206,4.76%,0.97%,14.9,34.6
balles golf orange,1,2,20,14,5%,14.29%,2,2.43
faire du golf prix,1,0,20,0,5%,0%,9.8,0
golf hcp index,1,0,20,19,5%,0%,10.6,22.16
matériel golf occasion,1,0,20,69,5%,0%,28.65,41
inesis 500 balle,1,1,19,74,5.26%,1.35%,3.32,4.45
balle de golf tp5x,1,1,19,34,5.26%,2.94%,4.89,3.85
slope en golf,1,0,19,0,5.26%,0%,7.79,0
balle de golf vice avis,1,0,19,23,5.26%,0%,9.79,11.57
compter les points au golf pour un débutant,1,0,19,17,5.26%,0%,17.53,43.65
titleist toursoft,1,0,18,15,5.56%,0%,4.28,4.4
wilson staff duo soft,1,0,18,18,5.56%,0%,6,10.17
qstar,1,0,18,0,5.56%,0%,9.56,0
calcul pcc golf,1,1,18,14,5.56%,7.14%,9.83,39.29
balle de golf rouge,1,0,18,24,5.56%,0%,16.94,26.67
q star tour golf balls,1,0,17,16,5.88%,0%,11.76,22.19
soft 500,1,1,16,33,6.25%,3.03%,3.25,6
matsuyama golf,1,0,16,1,6.25%,0%,4.44,4
calcul d'index golf,1,3,16,81,6.25%,3.7%,4.62,6.96
golf bal,1,0,16,22,6.25%,0%,5.12,06.09
balles golf titleist pro v1 occasion,1,10,15,95,6.67%,10.53%,2.27,1.43
balle prov1,1,1,15,61,6.67%,1.64%,2.73,2.98
titleist pro v1 occasion,1,5,15,56,6.67%,8.93%,4.53,1.64
orange golf balls,1,0,15,22,6.67%,0%,9.27,51.64
fitleist 3,1,0,14,17,7.14%,0%,2,1.76
vitesse balle de golf driver,1,0,14,3,7.14%,0%,2.79,50.33
meilleur balles de golf,1,0,14,30,7.14%,0%,4.29,6.53
golf ball vice,1,2,14,21,7.14%,9.52%,4.86,2.9
wilson ultra golf ball,1,2,14,18,7.14%,11.11%,18.36,40.11
calculer index,1,0,13,17,7.69%,0%,9.62,10.71
balle taylormade tour response,1,0,13,0,7.69%,0%,11.46,0
fitting golf,1,0,12,14,8.33%,0%,1.25,4.93
calendrier de l'avent balle de golf,1,60,12,212,8.33%,28.3%,2,2.71
balle golf orange,1,1,12,104,8.33%,0.96%,2.75,4.91
balle de golf rory mcilroy,1,0,12,1,8.33%,0%,3.92,1
balles de golf tp5,1,0,12,7,8.33%,0%,4.92,4.29
golf tarif,1,0,12,0,8.33%,0%,6,0
tarif abonnement golf aix-les-bains,1,0,12,0,8.33%,0%,8.58,0
tour special srixon,1,0,12,14,8.33%,0%,9.33,29.79
promotion balle de golf,1,0,12,0,8.33%,0%,25.75,0
vitesse golf,1,0,11,1,9.09%,0%,4.55,1
balle de golf titleist avx,1,1,11,40,9.09%,2.5%,4.82,2.52
balles golf pas cher,1,9,11,82,9.09%,10.98%,6.45,2
balle golf vice pro,1,0,11,0,9.09%,0%,7.27,0
grade golf,1,0,10,16,10%,0%,2.2,3.88
srixon 4 golf balls,1,0,10,14,10%,0%,2.4,1.64
balles de golf usagées à vendre,1,0,10,4,10%,0%,3.3,2.75
callaway soft chrome,1,1,10,8,10%,12.5%,3.7,12
inesis tour 900 vs pro v1,1,1,10,14,10%,7.14%,6.3,12.57
calculateur handicap golf gratuit,1,0,10,23,10%,0%,11,7.35
compression golf ball,1,3,10,11,10%,27.27%,14.2,10.45
calendrier de l'avent taylormade,1,13,9,53,11.11%,24.53%,2,2.15
golf île maurice tarif,1,0,9,0,11.11%,0%,2,0
ball test,1,0,9,5,11.11%,0%,5.89,4.2
srixon q star divide,1,1,9,9,11.11%,11.11%,8.78,5.44
golf open us,1,0,9,9,11.11%,0%,9.11,6.89
decathlon balle de golf,1,0,9,8,11.11%,0%,9.67,10.75
balle tp5x,1,4,8,57,12.5%,7.02%,3.62,4.51
magasin article de golf,1,0,8,0,12.5%,0%,4.5,0
seixon ad333,1,0,8,11,12.5%,0%,7,6.82
avx titleist golf balls,1,0,8,5,12.5%,0%,7.38,6.4
balles taylormade tour response,1,0,8,1,12.5%,0%,13.25,2
vitesse swing golf fer 7,1,0,7,0,14.29%,0%,1.14,0
50 balles de golf,1,1,7,40,14.29%,2.5%,1.71,3.3
golfiel,1,0,7,3,14.29%,0%,2.29,1.33
titleist 4 pro v1x,1,0,7,3,14.29%,0%,2.57,3
calendrier de l’avent golf,1,28,7,154,14.29%,18.18%,2.71,1.93
golf anglet tarifs,1,0,7,0,14.29%,0%,3.57,0
titleist soft tour golf balls,1,0,7,5,14.29%,0%,3.86,5.2
q star tour balls,1,0,7,0,14.29%,0%,4.29,0
taylor made tp5 x,1,0,7,2,14.29%,0%,4.57,5.5
callaway supersoft vs srixon ad333,1,0,7,2,14.29%,0%,4.71,6
callaway chrome.soft,1,0,7,3,14.29%,0%,4.86,4.33
vente balle de golf occasion,1,3,6,93,16.67%,3.23%,1.5,1.74
titleist pro v1x compression,1,6,6,16,16.67%,37.5%,2.33,3.94
golf de vaugouard tarifs,1,0,6,0,16.67%,0%,3.17,0
golf vitesse de swing,1,0,6,0,16.67%,0%,3.17,0
pink golf balls,1,0,6,0,16.67%,0%,3.33,0
callaway chrome soft compression,1,0,6,4,16.67%,0%,3.67,2
wilson duo soft compression,1,0,6,3,16.67%,0%,3.83,2.67
calaway chrome soft,1,1,6,8,16.67%,12.5%,4,4.25
calaway super soft,1,0,6,5,16.67%,0%,4.33,4
vitesse de club golf,1,0,6,0,16.67%,0%,4.33,0
tour soft compression,1,0,6,12,16.67%,0%,5.5,7.42
srixon q star tour 5,1,0,6,11,16.67%,0%,6.67,3.91
golf ball compression chart 2026,1,0,6,0,16.67%,0%,8.67,0
golf norges tarif,1,0,5,0,20%,0%,2,0
golf marseille tarif,1,0,5,0,20%,0%,2.2,0
titlest prov1,1,0,5,13,20%,0%,3.2,4.23
titeleist pro v1,1,1,5,8,20%,12.5%,3.8,6.5
titleist avc,1,0,5,7,20%,0%,3.8,4.29
choix balle de golf,1,8,5,47,20%,17.02%,4,4.43
tp5 taylormade golf balls,1,0,5,3,20%,0%,4.8,7.33
srixon ad333 vs callaway supersoft,1,1,5,6,20%,16.67%,5,5.33
taylormade tp 5,1,0,5,3,20%,0%,5,6
golf ball orange,1,0,4,1,25%,0%,1.75,4
pro v1x compression,1,6,4,15,25%,40%,2.5,4.87
balls test,1,0,4,1,25%,0%,4.25,3
swing golf ralenti,1,0,4,0,25%,0%,4.25,0
golf ball tp5,1,0,4,1,25%,0%,4.75,3
magasin golf france,1,1,4,5,25%,20%,4.75,32.8
prov1 compression,1,1,4,4,25%,25%,7.5,6
pro v1 titleist golf balls,1,1,4,7,25%,14.29%,8,5.57
titleist avx rct,1,0,4,1,25%,0%,12.25,11
wilson duo soft red,1,0,4,0,25%,0%,13,0
taylore made,1,0,4,13,25%,0%,13.25,12.15
calendrier de l'avent 2025 golf,1,18,3,115,33.33%,15.65%,1,2.51
golf 4 domaines tarifs,1,0,3,0,33.33%,0%,1,0
golf indoor,1,0,3,0,33.33%,0%,1.33,0
balle de golf trust,1,0,3,1,33.33%,0%,2,2
compression balle golf,1,17,3,65,33.33%,26.15%,2,1.91
greensome golf,1,1,3,2,33.33%,50%,2,2
tarif golf chiberta,1,0,3,0,33.33%,0%,2,0
tempo swing golf,1,0,3,0,33.33%,0%,2,0
ad333 tour golf balls,1,0,3,2,33.33%,0%,2.33,8
vice 1 golf ball,1,0,3,5,33.33%,0%,2.33,5
golf ball test,1,0,3,7,33.33%,0%,3,2.86
golf de saint-jean-de-monts photos,1,0,3,0,33.33%,0%,3,0
golf advent calendar,1,1,3,68,33.33%,1.47%,3.33,07.03
golf valescure,1,0,3,1,33.33%,0%,3.67,12
srixon star,1,0,3,6,33.33%,0%,3.67,2
balle de golf srixon 3,1,2,3,109,33.33%,1.83%,4,8.87
balle golf tp5,1,2,3,34,33.33%,5.88%,4,3.24
srixion q star,1,0,3,0,33.33%,0%,4.33,0
peo v1,1,0,3,3,33.33%,0%,6,3.33
titleist pro v1 2026,1,0,3,0,33.33%,0%,6,0
pro v1 recycled golf balls,1,1,3,1,33.33%,100%,8.67,1
wilson dx2 golf balls,1,0,3,1,33.33%,0%,25,4
balle de golf compression 70,1,0,2,0,50%,0%,1,0
balle de golf compression 90,1,30,2,107,50%,28.04%,2,2.25
balles volvik,1,0,2,1,50%,0%,2,2
chrome soft compression,1,0,2,2,50%,0%,2,5
golf ball compression swing speed chart,1,0,2,0,50%,0%,2,0
golf rive-sud carte,1,0,2,0,50%,0%,2,0
taylormade speedsoft compression,1,1,2,3,50%,33.33%,2,2
tiger woods ball,1,0,2,0,50%,0%,2,0
golf balls taylormade tp5x,1,0,2,2,50%,0%,2.5,3.5
golf cherbourg tarif,1,0,2,0,50%,0%,2.5,0
taylormade tps5,1,0,2,1,50%,0%,2.5,7
vice pro ball,1,0,2,4,50%,0%,2.5,1
golf balls on sale,1,1,2,2,50%,50%,3,25.5
golf balls second hand,1,2,2,3,50%,66.67%,3,1
golf de rochefort tarifs,1,0,2,0,50%,0%,3,0
golf soufflenheim tarif,1,0,2,0,50%,0%,3,0
rb tour golf ball,1,0,2,0,50%,0%,3,0
swing scottie scheffler,1,0,2,4,50%,0%,3,3
z star ball,1,0,2,0,50%,0%,3,0
golf limoges tarif,1,0,2,0,50%,0%,3.5,0
seixon q star,1,0,2,1,50%,0%,3.5,1
ball filler,1,0,2,0,50%,0%,4,0
golf gueux tarif,1,0,2,0,50%,0%,4,0
supersoft balls,1,0,2,1,50%,0%,4.5,10
golf de champlong tarif,1,0,2,0,50%,0%,5,0
tp5 compression rating,1,0,2,0,50%,0%,5,0
where can i buy golf balls,1,0,2,0,50%,0%,7.5,0
golf de fontainebleau prix green fee,1,0,2,0,50%,0%,9.5,0
tirleist avx,1,0,2,0,50%,0%,9.5,0
balle de golf rolex prix neuf,1,0,2,0,50%,0%,10.5,0
tp5 darts,1,0,2,0,50%,0%,11.5,0
e12 contact compression,1,0,1,0,100%,0%,1,0
golf ball compression impact,1,0,1,0,100%,0%,1,0
golf balls with 70 compression,1,0,1,0,100%,0%,1,0
1ère série golf index,1,0,1,14,100%,0%,2,5.14
bourgenay golf club photos,1,0,1,0,100%,0%,2,0
brad faxon,1,0,1,0,100%,0%,2,0
bridgestone e6 compression,1,0,1,0,100%,0%,2,0
callaway paradym,1,0,1,0,100%,0%,2,0
compression callaway chrome soft,1,0,1,0,100%,0%,2,0
effortless swing golf,1,0,1,0,100%,0%,2,0
magasin seconde main,1,0,1,0,100%,0%,2,0
maxfli tour s,1,0,1,0,100%,0%,2,0
pro v1 pro v1x difference,1,0,1,0,100%,0%,2,0
spin golf définition,1,0,1,0,100%,0%,2,0
srixon q star tour lake balls,1,0,1,1,100%,0%,2,1
swin golf,1,0,1,2,100%,0%,2,3
taylormade tp5 vs srixon z star,1,0,1,0,100%,0%,2,0
titleist pro vix,1,0,1,1,100%,0%,2,2
titleist tour soft ball,1,0,1,0,100%,0%,2,0
tour soft titleist compression,1,0,1,1,100%,0%,2,9
golf lys chantilly tarifs,1,0,1,0,100%,0%,3,0
refurbished golf,1,0,1,0,100%,0%,3,0
swing tempo golf,1,0,1,0,100%,0%,3,0
titleist ball promotion,1,0,1,1,100%,0%,3,8
titleist tour aoft,1,0,1,0,100%,0%,3,0
vetement golf decathlon,1,0,1,0,100%,0%,3,0
golf balls srixon z star,1,0,1,1,100%,0%,4,9
golf de cabourg,1,0,1,0,100%,0%,4,0
golf du coudray montceaux,1,0,1,0,100%,0%,4,0
golf hammamet prix,1,0,1,0,100%,0%,4,0
golf matt kuchar,1,0,1,0,100%,0%,4,0
golf national travaux,1,0,1,0,100%,0%,4,0
golf royan tarif,1,0,1,0,100%,0%,4,0
golf saint jean de luz,1,0,1,1,100%,0%,4,7
mac il roy,1,0,1,2,100%,0%,4,3.5
set de golf wilson,1,0,1,0,100%,0%,4,0
slope 130 golf,1,0,1,0,100%,0%,4,0
srxon,1,0,1,1,100%,0%,4,10
tarif golf forêt d'orient,1,0,1,0,100%,0%,4,0
titleist tour soft golf ball compression,1,0,1,0,100%,0%,4,0
coca cola golf swing tempo,1,0,1,0,100%,0%,5,0
golf de raray,1,0,1,0,100%,0%,5,0
pro v1 used golf balls,1,0,1,0,100%,0%,5,0
tarif golf epherra,1,0,1,0,100%,0%,5,0
titleist pro avx golf balls,1,0,1,0,100%,0%,5,0
tp5pix,1,0,1,0,100%,0%,5,0
vice fireball tracer,1,0,1,0,100%,0%,6,0
carte cadeau golf town,1,0,1,0,100%,0%,7,0
golf d'aix les bains,1,0,1,0,100%,0%,7,0
sac de golf avec roues intégrées,1,0,1,0,100%,0%,7,0
wilson stripe golf ball,1,0,1,0,100%,0%,7,0
eurogolf la garde,1,0,1,0,100%,0%,9,0
golf saint emilion tarif,1,0,1,0,100%,0%,10,0
callaway,0,3,2447,2284,0%,0.13%,12.95,10.12
balles,0,0,1745,1694,0%,0%,14.22,13.25
balles titleist,0,2,954,669,0%,0.3%,18.5,11.12
srixon golf,0,1,782,1671,0%,0.06%,12.52,7.98
balles srixon,0,2,768,570,0%,0.35%,17.64,10.34
mon index golf,0,0,615,445,0%,0%,8.97,11.68
product,0,0,518,0,0%,0%,2.11,0
balle,0,0,485,46,0%,0%,11.05,06.07
us open 2025 golf,0,5,476,1736,0%,0.29%,7.13,10.24
taylormade,0,2,458,4346,0%,0.05%,20.37,7.6
balles de golf novelty,0,0,442,375,0%,0%,39.55,40.57
balles de golf d'entraînement,0,0,386,377,0%,0%,45.85,47.55
golf rose,0,0,379,551,0%,0%,8.66,5.96
golf balls,0,9,357,585,0%,1.54%,26.37,32.31
boule de golf,0,4,332,264,0%,1.52%,7.11,8.49
marque balle de golf,0,0,328,376,0%,0%,15.7,10.54
poids balle de golf,0,0,326,710,0%,0%,11.49,22.42
balle de,0,0,325,315,0%,0%,7.86,8.63
balles de golf wilson,0,1,295,436,0%,0.23%,12.18,10.46
100 balles,0,0,275,331,0%,0%,9.7,9.82
balle rose,0,1,264,276,0%,0.36%,6.76,4.8
us open de golf,0,1,261,809,0%,0.12%,10.92,10.54
balles de golf promotionnelles,0,0,255,223,0%,0%,36.42,11.95
balle de golf personnalisée,0,0,253,183,0%,0%,56.06,60.39
promo golf,0,0,246,362,0%,0%,24.57,15.73
des balles,0,0,245,62,0%,0%,8.14,2.9
golf magasin,0,0,243,140,0%,0%,8.16,9.26
meilleure balle,0,0,235,37,0%,0%,13.54,10.57
balles golf titleist,0,1,229,238,0%,0.42%,13.68,8.8
vitesse balle golf,0,1,226,398,0%,0.25%,13.81,17.43
balle nike,0,0,222,83,0%,0%,8.64,20.22
tp5 taylormade,0,2,219,280,0%,0.71%,3.91,10.63
golf us open,0,0,205,154,0%,0%,10.22,14
comment compter les points au golf,0,0,198,161,0%,0%,56.12,47.08
balle de couleur,0,0,195,219,0%,0%,3.51,2.85
balles de golf bridgestone,0,1,193,360,0%,0.28%,18.51,15.61
balles taylormade,0,3,192,419,0%,0.72%,11.95,9.13
handicap golf,0,1,191,264,0%,0.38%,27.08,35.49
ballon golf,0,0,190,151,0%,0%,6.78,9.46
balle de golf rolex prix,0,1,188,280,0%,0.36%,9.81,9.5
balles de golf logotées,0,0,184,48,0%,0%,61.67,49.19
golf ballon,0,0,183,176,0%,0%,5.3,3
balle de golf rare,0,5,182,253,0%,1.98%,7.46,3.8
balles de golf personnalisées,0,0,174,543,0%,0%,55.44,45.3
balle et birdie,0,0,173,198,0%,0%,45.53,63.73
balles promotion golf,0,0,169,181,0%,0%,10.02,05.04
balles de golf pour débutants,0,0,167,205,0%,0%,12.75,15.85
marque inesis,0,0,163,104,0%,0%,07.02,6.22
carte de score golf,0,1,152,299,0%,0.33%,28.07,21.2
matiere balle de golf,0,0,149,265,0%,0%,35.85,61.09
vitesse de balle de golf,0,1,146,86,0%,1.16%,5.35,5.88
balle golf personnalisée,0,0,138,32,0%,0%,62.47,71.03
golf,0,0,136,34,0%,0%,4.46,7.85
marque de balle de golf,0,1,136,209,0%,0.48%,6.68,7.25
magasins de golf,0,0,136,34,0%,0%,10.21,6.76
vice pro,0,3,133,200,0%,1.5%,5.95,4.17
handicap golf calcul,0,1,133,174,0%,0.57%,12.32,27.25
soft chrome,0,0,128,6,0%,0%,8.25,4.17
balle de golf en gros,0,0,127,196,0%,0%,6.4,8.11
replay golf,0,0,127,67,0%,0%,38.13,72.87
balle orange,0,0,126,201,0%,0%,02.03,5.91
balle couleur,0,0,120,94,0%,0%,4.17,3.91
équipement de golf,0,0,119,3,0%,0%,14.92,11
composition balle de golf,0,0,119,184,0%,0%,51.95,72.3
poids balle golf,0,0,118,124,0%,0%,5.72,13.33
balle golf rolex prix,0,1,118,154,0%,0.65%,10.38,9.71
nike golf,0,1,116,8,0%,12.5%,25.66,8.75
une balle de golf,0,0,115,100,0%,0%,7.42,8.2
balles de golf callaway occasion,0,3,115,173,0%,1.73%,10.01,9.36
balles de golf srixon ad333,0,2,114,167,0%,1.2%,5.75,5.84
balles golf wilson,0,1,114,124,0%,0.81%,8.24,6.31
ballon de golf,0,0,112,72,0%,0%,3.43,8.11
callaway golf,0,0,111,59,0%,0%,15.44,9.24
sous la balle de golf,0,0,110,271,0%,0%,5.73,5.18
balle bridgestone,0,2,109,80,0%,2.5%,6.84,10.4
balle de golf logotée,0,0,107,42,0%,0%,58.78,54.88
balles golf occasion pas cher,0,0,106,120,0%,0%,4.73,14.94
prix de balle de golf,0,1,105,113,0%,0.88%,9.48,7.69
handicap au golf,0,0,105,152,0%,0%,40.81,45.61
calcul de l'index au golf,0,2,104,321,0%,0.62%,9.13,7.87
golf index,0,2,104,296,0%,0.68%,18.9,20.99
balle de golf second chance,0,0,102,0,0%,0%,5.41,0
index golf matériel,0,0,102,0,0%,0%,16.3,0
golfcontact,0,0,102,260,0%,0%,26.43,31.94
volume balle de golf,0,0,101,65,0%,0%,4.95,12.02
balle wilson,0,0,101,259,0%,0%,11.72,10.4
index au golf,0,2,101,341,0%,0.59%,12.86,10.81
balle de golf vitesse,0,0,100,277,0%,0%,15.35,13.08
accessoires de golf personnalisés,0,0,99,0,0%,0%,20.26,0
comment s'appelle la balle de golf,0,0,99,20,0%,0%,44.12,44.7
balle golf taylormade,0,1,98,247,0%,0.4%,12.04,08.04
score au golf,0,0,98,75,0%,0%,54.2,40.44
balles vice,0,1,96,71,0%,1.41%,5.56,4.59
mes balles de golf,0,0,96,179,0%,0%,10.53,6.45
des balles et des birdies,0,0,95,134,0%,0%,22.96,21.99
balle golf logo,0,0,94,159,0%,0%,64.57,71.98
balles de golf pour entreprise,0,0,93,76,0%,0%,36.12,11.68
special,0,0,92,2,0%,0%,11.48,5.5
calcul de l index au golf,0,1,91,136,0%,0.74%,19.12,8.37
chaussures de golf haut de gamme sur mesure,0,0,91,6,0%,0%,41.91,43.5
compression golf ball chart,0,0,91,9,0%,0%,68.64,59.78
callaway balles de golf,0,1,90,100,0%,1%,9.86,9.12
golf ball compression charts,0,0,90,22,0%,0%,68.28,91.64
prix balle,0,0,89,46,0%,0%,6.73,06.04
magasin ouvert,0,0,88,95,0%,0%,2.33,2.17
titleist golf,0,1,88,656,0%,0.15%,15.19,9.59
meilleur balle,0,0,87,20,0%,0%,5.84,6.4
golf jaune,0,0,85,41,0%,0%,9.31,11.39
balle de golf entreprise,0,0,84,0,0%,0%,5.19,0
classement index golf france,0,0,84,273,0%,0%,12.15,17.04
wilson golf,0,0,83,229,0%,0%,34.12,19.56
chrome soft triple track,0,1,81,58,0%,1.72%,7.42,5.83
balles de,0,0,81,88,0%,0%,08.05,5.27
balles de golf haut de gamme,0,0,81,184,0%,0%,9.95,36.14
balle de golf vitesse maximale,0,0,80,25,0%,0%,22.1,54.68
clubs de golf callaway,0,0,80,155,0%,0%,45.83,42.47
"tu es le moteur d'analyse du swing analyzer 9ua compétitif. mission: 
analyser une vidéo de swing de baseball pour un joueur 9ua et générer deux 
niveaux de coaching: 1. vue joueur (9 ans) : simple, positif, 1 correction 
max, cue mémorisable. 2. vue coach :",0,0,78,0,0%,0%,02.08,0
inesis balle de golf,0,5,78,143,0%,3.5%,3.63,3.49
taylormade balle de golf,0,1,78,79,0%,1.27%,10.86,11.84
tableau balle de golf,0,0,77,7,0%,0%,3.79,7.43
us open 2025 golf offres hospitalités,0,0,77,51,0%,0%,12.86,6.76
golf proshop,0,0,77,1,0%,0%,14.16,13
balle de golf occasion aaa,0,1,76,88,0%,1.14%,5.57,9.67
score differentiel golf,0,0,76,94,0%,0%,8.95,9.41
srixon ad333 avis,0,1,76,58,0%,1.72%,12.74,11.5
srixon golf balls,0,2,76,153,0%,1.31%,27.2,16.81
balle de golf usagé,0,0,74,45,0%,0%,6.24,10.29
inessis,0,0,73,83,0%,0%,6.53,6.99
balles golf taylormade,0,3,73,149,0%,2.01%,10.48,7.19
golf handicap,0,0,73,86,0%,0%,62.49,65.36
taylormade golf,0,0,72,230,0%,0%,33.94,21.58
prix d'une balle,0,0,70,131,0%,0%,5.59,5.39
des birdies et des balles,0,0,70,149,0%,0%,26.1,27.43
souliers golf,0,0,70,2,0%,0%,33.9,42.5
golf occasion,0,0,69,0,0%,0%,10.78,0
promotion balles de golf,0,0,69,41,0%,0%,13.67,7.83
titleist balles,0,0,68,168,0%,0%,12.32,8.62
compresser fers golf,0,0,68,66,0%,0%,89.91,41.95
photo balle de golf,0,0,67,81,0%,0%,2.22,1.59
titleist balle,0,0,67,105,0%,0%,8.49,9.95
tableau handicap golf,0,0,67,74,0%,0%,19.49,55.86
magasin,0,0,65,68,0%,0%,2.25,2.31
chaussures de golf pas cher,0,0,65,0,0%,0%,25.94,0
taylormade golf balls,0,1,64,43,0%,2.33%,8.75,22
serviettes golf,0,0,64,7,0%,0%,14.8,62.43
meilleur balle de golf qualité-prix,0,1,62,18,0%,5.56%,4.82,5.39
wilson 2,0,0,61,8,0%,0%,8.15,7.25
callaway supersoft avis,0,0,61,33,0%,0%,9.95,10.58
balle de golf jaune fluo,0,2,60,99,0%,2.02%,4.83,3.6
balles de golf couleur occasion,0,4,60,135,0%,2.96%,6.72,5.31
titleist golf balls,0,0,60,70,0%,0%,10.4,14.09
golf shop,0,0,60,31,0%,0%,12.57,04.03
tour special golf balls,0,1,60,111,0%,0.9%,14.37,23.86
balles de golf occasion le bon coin,0,0,60,93,0%,0%,20.95,25.19
les balles de golf,0,0,59,99,0%,0%,05.02,05.09
fitleist,0,0,59,194,0%,0%,12.58,12.79
24 mix,0,0,58,7,0%,0%,5.38,7.29
nike balls golf,0,0,58,19,0%,0%,09.05,7.84
balles wilson,0,0,57,212,0%,0%,31.47,27.44
matériel de golf pas cher,0,0,57,11,0%,0%,47.46,58.91
supersoft,0,0,55,36,0%,0%,5.35,4.33
balle de golf range prix,0,0,55,71,0%,0%,12.31,14.3
vainqueur us open golf 2025,0,0,55,21,0%,0%,12.47,12.1
nike golf balls,0,0,55,58,0%,0%,34.87,23.64
taylor made,0,0,55,335,0%,0%,38.71,30.73
balle de golf top flite,0,0,55,21,0%,0%,53.95,39.33
la balle de golf,0,1,54,55,0%,1.82%,6.44,07.09
equipement de golf,0,0,54,17,0%,0%,11.48,11.47
lot de balle,0,0,54,30,0%,0%,16.61,6.8
balle de golf beegolf,0,0,54,0,0%,0%,25.2,0
vitesse max balle de golf,0,0,54,34,0%,0%,55.69,25.74
inesis golf prix,0,1,53,174,0%,0.57%,07.08,6.77
indice golf,0,2,53,43,0%,4.65%,8.32,8.44
balles srixon ad333 personnalisées,0,0,53,25,0%,0%,28.43,50.64
chaussures de golf de qualité sur mesure,0,0,53,0,0%,0%,38.53,0
insesis,0,0,52,42,0%,0%,6.35,6.88
balles de golf soft,0,2,52,90,0%,2.22%,6.54,9.43
vitesse d une balle de golf,0,0,52,28,0%,0%,15.25,16.25
carte de score parcours de golf,0,0,52,59,0%,0%,43,51.59
composition d'une balle de golf,0,0,52,34,0%,0%,56.1,49.62
balles taylor made,0,1,51,62,0%,1.61%,8.1,8
golf vienne,0,0,51,1,0%,0%,9.12,13
whs,0,0,51,0,0%,0%,9.22,0
tarif golf national,0,0,51,0,0%,0%,10.1,0
golf wilson,0,0,51,45,0%,0%,15.04,17.62
jeu de golf pas cher,0,0,51,59,0%,0%,20.14,56.47
taylormade tp5 golf balls,0,0,50,15,0%,0%,4.72,6
ffgolf calcul index,0,1,50,57,0%,1.75%,9.96,10.68
golf achat,0,0,50,87,0%,0%,24.26,21.61
balles de couleurs,0,0,49,41,0%,0%,4.65,4.37
balle de golf la plus cher,0,0,49,169,0%,0%,6.18,4.88
balles de golf taylor made personnalisées,0,0,49,18,0%,0%,25.39,24.5
balle de golf prix unité,0,0,48,100,0%,0%,5.1,9.27
taylor made tp5x,0,1,48,26,0%,3.85%,5.38,9.5
v1x,0,0,48,56,0%,0%,06.04,6.48
balle de golf occasion prix,0,3,48,136,0%,2.21%,7,6.5
golf national tarif,0,0,48,1,0%,0%,9.79,3
vêtements de golf,0,0,48,6,0%,0%,18.5,13.83
q-star,0,1,47,67,0%,1.49%,5.74,3.48
prix balle de golf srixon,0,2,47,127,0%,1.57%,7.15,6.44
titleist france,0,0,47,46,0%,0%,8.51,12.74
balles chrome soft personnalisées,0,0,46,26,0%,0%,47.13,39.88
golfbalhengels,0,0,46,12,0%,0%,83.74,70
balle de golf titleist pro v1x,0,2,45,105,0%,1.9%,5.27,3.38
pro v1 balls,0,0,45,31,0%,0%,6.2,5.29
u.s. open golf 2025,0,1,45,550,0%,0.18%,7.11,10.18
comment calculer son handicap au golf,0,1,45,49,0%,2.04%,10.22,14.57
taylormade balle,0,0,45,204,0%,0%,10.78,9.8
tarif golf,0,0,45,0,0%,0%,13.56,0
balles hommes golf,0,0,45,89,0%,0%,16.11,49.07
acheter clubs de golf,0,0,45,0,0%,0%,16.33,0
compression chart for golf balls,0,0,45,1,0%,0%,68.07,8
tous les lots,0,0,44,67,0%,0%,6.57,5.34
matériel de golf,0,0,44,13,0%,0%,17.34,37.38
vetements de golf,0,0,44,0,0%,0%,17.77,0
balles tour soft personnalisées,0,0,44,30,0%,0%,42.45,39.33
compression chart golf balls,0,0,44,2,0%,0%,67.84,8
ball of golf,0,0,43,11,0%,0%,3.28,3
golfiller pappers,0,0,43,0,0%,0%,3.91,0
titleist tour soft golf balls,0,0,43,26,0%,0%,4.42,7.88
slopes golf,0,0,43,3,0%,0%,5.58,20
inesid,0,0,43,2,0%,0%,6.47,9
balle titleist velocity,0,2,43,84,0%,2.38%,08.02,8.2
index golf ffg,0,1,43,64,0%,1.56%,8.16,9.8
balles de golf pas cheres,0,4,43,68,0%,5.88%,9.65,6.87
balle de golf wilson premium,0,0,43,122,0%,0%,10.21,7.3
golf couleur,0,0,43,128,0%,0%,14.02,6.81
balles de golf de qualité,0,0,43,187,0%,0%,17.72,29.97
golf+,0,0,43,3,0%,0%,17.95,11
balle de golf lumineuse,0,0,43,43,0%,0%,21.23,27.21
balle de golf personnalisée pas cher,0,0,43,270,0%,0%,35.33,30.08
titleist prov1x,0,0,42,47,0%,0%,4,4.17
tour 900,0,0,42,40,0%,0%,05.02,04.08
vice ball,0,1,42,34,0%,2.94%,5.38,5.29
ma balle de golf,0,0,42,52,0%,0%,7.6,10.1
callaway balles,0,0,42,56,0%,0%,08.05,11.54
balles srixon qstar personnalisées,0,0,42,24,0%,0%,37.67,36.46
calculette handicap de jeu golf,0,0,41,0,0%,0%,05.05,0
srixon ad333 golf balls,0,0,41,11,0%,0%,5.17,5.55
balle de golf titleist velocity,0,7,41,80,0%,8.75%,5.37,08.07
balle de golf marque,0,0,41,77,0%,0%,7.95,6.79
balles de golf taylor made,0,2,41,95,0%,2.11%,9.66,7.97
balles de golf occasion decathlon,0,1,41,49,0%,2.04%,9.9,21.43
v1 pro,0,0,41,169,0%,0%,13.37,7.68
produit golf,0,0,41,237,0%,0%,25.51,34.86
titlest pro v1,0,1,40,54,0%,1.85%,4.17,4.76
bridgestone golf balls,0,0,40,64,0%,0%,8.78,6.3
golf titleist,0,0,40,97,0%,0%,17.6,17.8
balles golf personnalisées,0,0,40,5,0%,0%,57.08,54.8
whs golf,0,0,39,0,0%,0%,5.67,0
original golf balls,0,0,39,42,0%,0%,7.69,9.48
srixon golf ball,0,0,39,28,0%,0%,13.49,8.86
interieur balle de golf,0,0,39,52,0%,0%,14.9,25.98
promotions golf,0,0,39,12,0%,0%,17.41,20.08
balles de golf vice pro,0,9,38,91,0%,9.89%,4.79,1.63
golf store,0,0,38,18,0%,0%,10.26,6.72
wilson dx2 optix,0,0,38,5,0%,0%,12.66,30.8
classement index golf,0,0,38,240,0%,0%,19.5,20.13
accessoires de golf pas cher,0,0,38,0,0%,0%,26.68,0
balle de golf poids,0,0,38,74,0%,0%,61.26,64.77
magasin ouvert le 1er mai,0,0,37,0,0%,0%,6.11,0
balle wilson duo soft,0,0,37,37,0%,0%,6.65,11.73
shop golf,0,0,37,2,0%,0%,18.68,1.5
calculette index,0,0,36,0,0%,0%,03.06,0
balle de golf srixon q star tour,0,1,36,81,0%,1.23%,4.86,08.05
balle de golf tour special soft feeling,0,2,36,83,0%,2.41%,5.94,8.98
inesis golf park,0,0,36,2,0%,0%,6.64,9.5
calculette ffg,0,0,36,31,0%,0%,7.86,10.68
balle golf faible compression,0,70,0,140,0%,50%,0,01.09
balle de golf faible compression,0,60,0,114,0%,52.63%,0,1.11
calendrier de lavent golf,0,59,13,329,0%,17.93%,2.62,3.17
calendrier de l'avent golfeur,0,51,7,298,0%,17.11%,1.57,2.48
calendrier de l'avent golf 2025,0,51,8,280,0%,18.21%,2.5,2.38
balle de golf a faible compression,0,34,0,67,0%,50.75%,0,01.07
calendrier de lavent golf 2025,0,25,2,144,0%,17.36%,1.5,1.27
avis golfiller,0,24,10,90,0%,26.67%,1.5,01.06
calendrier de lavant golf,0,21,3,154,0%,13.64%,1.33,3.64
calendrier de l'avent pour golfeur,0,21,2,119,0%,17.65%,6.5,02.08
test balle de golf,0,19,0,66,0%,28.79%,0,3.26
classement golf,0,17,22,214,0%,7.94%,2.36,2.15
calendrier de l avent golfeur,0,14,0,145,0%,9.66%,0,3.29
balles de golf faible compression,0,14,0,31,0%,45.16%,0,1.16
calendrier balle de golf,0,13,5,34,0%,38.24%,4.2,2.15
calendrier de l avent golf 2025,0,12,3,76,0%,15.79%,1,2.53
calendrier avent golfeur,0,12,1,52,0%,23.08%,1,3.67
calendrier de l'avent de golf,0,11,3,119,0%,9.24%,9.67,04.08
calendrier avent golf 2025,0,11,0,83,0%,13.25%,0,2.76
calendrier de l'avent,0,11,0,27,0%,40.74%,0,32.3
balle de golf inesis 4 prix,0,10,4,83,0%,12.05%,4,2.59
pro v1 occasion,0,9,0,91,0%,9.89%,0,1.37
scheffler,0,8,18,124,0%,6.45%,4.39,4.66
federation francaise de golf,0,8,4,62,0%,12.9%,2,2.26
calendrier de l avent balles de golf,0,8,1,37,0%,21.62%,3,4.35
calendrier de l'avent homme golf,0,8,0,25,0%,32%,0,1.24
balle de golf recyclée,0,7,18,133,0%,5.26%,5.67,4.65
balle de golf ultra,0,6,0,90,0%,6.67%,0,1.54
balles golf tour special,0,6,0,87,0%,6.9%,0,05.05
ffgolf index,0,6,28,81,0%,7.41%,26.68,3.94
srixon ad333 occasion,0,6,5,46,0%,13.04%,1.6,1.8
us open de golf 2025,0,5,13,253,0%,1.98%,5.38,10.46
vente balle de golf,0,5,4,44,0%,11.36%,1,6.16
balle pro v1x,0,5,0,41,0%,12.2%,0,3.1
meilleur balle de golf 2025,0,5,0,32,0%,15.62%,0,7.62
us open 2025,0,4,2,3317,0%,0.12%,73.5,12.05
tableau compression balles de golf,0,4,0,145,0%,2.76%,0,1.16
balles de golf de couleur,0,4,19,92,0%,4.35%,9.95,3.8
balle de golf srixon 4 prix,0,4,0,90,0%,4.44%,0,3.89
balle de golf wilson ultra,0,4,0,63,0%,6.35%,0,3.73
3 tour special golf ball,0,4,0,59,0%,6.78%,0,1.41
meilleures balles de golf 2025,0,4,0,52,0%,7.69%,0,7.63
balles occasion golf,0,4,6,38,0%,10.53%,1.17,01.08
calendrier de l avant golf,0,4,1,34,0%,11.76%,1,1.59
srixon tour special compression,0,4,1,29,0%,13.79%,12,9.48
calendrier de l'avent titleist,0,4,1,21,0%,19.05%,1,01.05
compression pro v1x,0,4,6,21,0%,19.05%,4.5,1.76
balle de golf seconde main,0,4,0,21,0%,19.05%,0,2
compression prov1,0,4,0,9,0%,44.44%,0,3
calendrier de l avent golfiller,0,4,1,8,0%,50%,1,1
golfiller calendrier de l avent,0,4,0,7,0%,57.14%,0,1
balle de golf titleist prix,0,3,0,95,0%,3.16%,0,4.33
meilleur balle de golf débutant,0,3,1,83,0%,3.61%,7,08.05
balle.de golf,0,3,14,81,0%,3.7%,5,5.46
balle de golf la plus chère du monde,0,3,0,79,0%,3.8%,0,6.73
balle de golf taylormade tp5x,0,3,28,55,0%,5.45%,4.96,4.44
tarif balle de golf,0,3,0,47,0%,6.38%,0,5.64
balle de golf chrome soft,0,3,0,37,0%,8.11%,0,3.41
quelle est la meilleure balle de golf,0,3,0,34,0%,8.82%,0,5.12
tiger woods,0,3,1,32,0%,9.38%,3,5
prix titleist pro v1,0,3,0,29,0%,10.34%,0,2.69
golf handicap index,0,3,11,29,0%,10.34%,10.82,11.76
rachat balle de golf,0,3,0,25,0%,12%,0,05.04
calendrier de l'avent golf taylormade,0,3,2,16,0%,18.75%,2,2
carte verte golf,0,3,1,14,0%,21.43%,2,2.71
calendrier de lavent titleist,0,3,0,13,0%,23.08%,0,1
comment choisir une balle de golf,0,3,4,13,0%,23.08%,2.25,6.31
balles golf couleur,0,3,0,8,0%,37.5%,0,2.62
golf ball advent calendar,0,3,0,8,0%,37.5%,0,3.88
golf shop near me,0,3,2,5,0%,60%,8,2.8
scottie scheffler,0,2,5,253,0%,0.79%,4.8,4.46
srixon 4,0,2,31,170,0%,1.18%,3.97,2.8
tableau comparatif balle de golf,0,2,0,111,0%,1.8%,0,1.63
balle de golf premium,0,2,0,100,0%,2%,0,5.76
srixon golf france,0,2,17,93,0%,2.15%,13.88,9.9
pro v1 ou pro v1x,0,2,24,84,0%,2.38%,13.79,11.92
titleist velocity avis,0,2,27,54,0%,3.7%,9.67,10.15
vice pro soft,0,2,17,52,0%,3.85%,5.71,5.48
favoris us open golf,0,2,0,48,0%,4.17%,0,5.21
score golf calcul,0,2,0,46,0%,4.35%,0,7.74
2025 us open golf,0,2,29,44,0%,4.55%,6.59,10
balle de golf titleist 2,0,2,0,37,0%,5.41%,0,5.49
5 tour special golf ball,0,2,9,36,0%,5.56%,4.56,4.72
balle de golf titleist tour soft,0,2,8,35,0%,5.71%,5.75,3.51
open golf,0,2,0,33,0%,6.06%,0,3.67
calendrier de l'avent callaway,0,2,6,33,0%,6.06%,7.5,05.06
balles de golfs,0,2,12,32,0%,6.25%,4.42,3.69
cut us open golf 2025,0,2,0,32,0%,6.25%,0,11.53
titleist 4,0,2,16,29,0%,6.9%,3.31,8.72
classement golf trump,0,2,0,25,0%,8%,0,2.96
golf balls france,0,2,0,23,0%,8.7%,0,6.3
callaway chrome,0,2,20,22,0%,9.09%,4.45,4.82
fitleist 2,0,2,12,21,0%,9.52%,2.92,1.67
super soft callaway,0,2,6,21,0%,9.52%,9.67,6.14
obama golf index,0,2,1,20,0%,10%,2,2.15
balle de golf titleist 2 prix,0,2,0,18,0%,11.11%,0,3.44
callaway chromesoft,0,2,9,18,0%,11.11%,4.89,5.11
balle de golf callaway chrome soft triple track,0,2,0,17,0%,11.76%,0,3.88
srixon zstar xv,0,2,8,17,0%,11.76%,11,7.59
handicap index golf,0,2,3,17,0%,11.76%,3.67,9.12
inesis 900 golf balls,0,2,10,16,0%,12.5%,10.1,8.69
wilson dx2 soft golf balls,0,2,15,14,0%,14.29%,4.93,4.86
srixon soft feel compression,0,2,6,13,0%,15.38%,4.83,7.77
comment choisir balle de golf,0,2,0,11,0%,18.18%,0,3.82
srixon soft feel,0,2,16,11,0%,18.18%,48.12,4
matériel de golf en solde,0,2,14,6,0%,33.33%,19.36,2
wilson ultra 3 golf ball,0,2,4,6,0%,33.33%,8.25,32.5
taylormade 2 ball,0,2,1,4,0%,50%,4,6
qualif us open 2025,0,1,0,592,0%,0.17%,0,7.51
debut us open 2025,0,1,0,435,0%,0.23%,0,7.28
balles de golf usagées,0,1,36,262,0%,0.38%,15.33,16.64
srixon france,0,1,25,196,0%,0.51%,13.6,08.04
tableau distance club de golf homme,0,1,3,137,0%,0.73%,50.33,39.02
special noel,0,1,5,122,0%,0.82%,57.4,11.34
mondial relay,0,1,0,109,0%,0.92%,0,2.54
open golf 2025,0,1,2,99,0%,1.01%,10.5,10.64
balle taylor made,0,1,15,89,0%,1.12%,10.07,7.69
balle de golf callaway 4,0,1,18,84,0%,1.19%,4.11,3.62
quelles sont les meilleures balles de golf,0,1,35,80,0%,1.25%,5.71,5.17
open us golf 2025,0,1,0,80,0%,1.25%,0,9.62
balles de golf pro v,0,1,0,79,0%,1.27%,0,26.48
offre callaway,0,1,0,76,0%,1.32%,0,7.11
comment calculer l'index au golf,0,1,0,74,0%,1.35%,0,6.77
balles titleist velocity,0,1,25,72,0%,1.39%,4.32,9.86
q star srixon,0,1,31,71,0%,1.41%,6.94,11.04
vice pro plus,0,1,10,67,0%,1.49%,18.6,15.67
balle de golf vice pro soft,0,1,0,66,0%,1.52%,0,2.77
comment calculer index golf,0,1,0,65,0%,1.54%,0,7.11
balle de golf callaway 3,0,1,9,63,0%,1.59%,9,6.49
balle de golf a vendre,0,1,26,62,0%,1.61%,9.62,14
boule golf,0,1,27,60,0%,1.67%,2.52,3.52
balle de golf nike prix,0,1,0,55,0%,1.82%,0,2.91
rory mcilroy,0,1,4,54,0%,1.85%,3.75,5.3
balle golf prix,0,1,28,52,0%,1.92%,5.96,6
bridgestone balle de golf,0,1,25,45,0%,2.22%,9.48,12.62
balles de golf callaway triple track,0,1,0,44,0%,2.27%,0,10.11
vendre balle de golf,0,1,0,43,0%,2.33%,0,8.53
titleist 3,0,1,14,42,0%,2.38%,2.36,1.79
marque golf titleist,0,1,7,40,0%,2.5%,5.14,06.08
titleist 2,0,1,13,39,0%,2.56%,2.62,1.33
balles de golf premium,0,1,2,39,0%,2.56%,3,3.92
index de golf,0,1,21,37,0%,2.7%,10.19,9.38
balle de golf super soft,0,1,5,36,0%,2.78%,7,4.42
golf compression,0,1,15,34,0%,2.94%,4.87,2.24
prix balles de golf occasion,0,1,7,34,0%,2.94%,21,2.71
golf calcul handicap,0,1,23,34,0%,2.94%,8,13.76
comment baisser son index au golf,0,1,0,34,0%,2.94%,0,60.56
callaway chrome soft truvis,0,1,24,31,0%,3.23%,4.79,4.65
index au golf definition,0,1,6,31,0%,3.23%,4.17,5.71
inesis 4,0,1,18,30,0%,3.33%,2.72,1.67
code promo titleist,0,1,12,30,0%,3.33%,10.83,8.7
balle de practice golf,0,1,9,30,0%,3.33%,51.89,38
balle de golf promotion,0,1,8,29,0%,3.45%,8.62,9.34
balle de golf inesis 1,0,1,0,28,0%,3.57%,0,2.14
vice tour golf balls,0,1,10,28,0%,3.57%,8.8,6.75
fitleist pro v1,0,1,18,27,0%,3.7%,3.78,4.48
marques de balles de golf,0,1,3,26,0%,3.85%,8.33,5.12
wilson ultra golf balls,0,1,18,26,0%,3.85%,19.78,30.92
acheter balles de golf,0,1,3,25,0%,4%,3.33,3.28
dx2 soft,0,1,19,25,0%,4%,4.42,8.2
callaway 4,0,1,9,25,0%,4%,8.11,8.88
open de golf,0,1,0,24,0%,4.17%,0,03.08
calendrier de l'avent du golfeur,0,1,3,23,0%,4.35%,2.67,3
revendre balle de golf,0,1,0,23,0%,4.35%,0,9.26
prix balle de golf inesis,0,1,0,22,0%,4.55%,0,03.09
balle golf inesis 900,0,1,0,22,0%,4.55%,0,04.05
stroke index golf,0,1,13,22,0%,4.55%,7.31,8.23
inesis tour 900 golf balls,0,1,19,22,0%,4.55%,11.26,26.23
calcul nouvel index golf,0,1,0,21,0%,4.76%,0,9.29
wilson ultra 500,0,1,4,21,0%,4.76%,9.5,48
balles de golf inesis 500,0,1,6,20,0%,5%,3.83,5.2
calendrier de l'avant de golf,0,1,0,20,0%,5%,0,6.1
meilleur balle golf,0,1,0,20,0%,5%,0,6.75
inesis 2 golf ball price,0,1,12,18,0%,5.56%,2.17,1.61
bal golf,0,1,18,18,0%,5.56%,5.44,3.67
equipement golf,0,1,35,18,0%,5.56%,17.74,09.06
titleist trufeel compression,0,1,7,18,0%,5.56%,11.57,38.78
hcp golf,0,1,3,17,0%,5.88%,2,1.65
pro v1 price,0,1,4,17,0%,5.88%,7.5,4.71
tour soft golf balls,0,1,8,17,0%,5.88%,3.88,6.24
vetement golf,0,1,24,17,0%,5.88%,9.38,9.53
club de golf inesis,0,1,3,17,0%,5.88%,3.67,18.82
titleist pro v1 decathlon,0,1,5,17,0%,5.88%,22.6,19.06
prov1 golf,0,1,9,16,0%,6.25%,4.67,5
calculateur de handicap golf,0,1,0,16,0%,6.25%,0,12.19
balles de golf liquidation,0,1,7,16,0%,6.25%,11.29,17.44
inesis 4 golf ball price,0,1,16,15,0%,6.67%,4.94,2.47
compression balle de golf titleist pro v1,0,1,0,14,0%,7.14%,0,3
tp5 golf,0,1,12,14,0%,7.14%,4.33,4.64
ffgolf index joueur,0,1,3,14,0%,7.14%,13.67,9.93
used golf ball,0,1,3,14,0%,7.14%,1.67,28.64
q star divide,0,1,4,12,0%,8.33%,8.5,4.25
classement balle de golf,0,1,9,12,0%,8.33%,17.44,4.42
titleist one,0,1,0,12,0%,8.33%,0,6.5
fitleist 4,0,1,12,12,0%,8.33%,2.92,8.75
golf pro v1 balls,0,1,5,11,0%,9.09%,5,4.73
balle golf callaway chrome soft,0,1,0,11,0%,9.09%,0,5.82
taylormade tpx5,0,1,14,11,0%,9.09%,4.93,7.64
taylor made ball,0,1,6,11,0%,9.09%,8.83,08.09
idx golf,0,1,24,10,0%,10%,9.17,3.6
calcul hcp golf,0,1,2,10,0%,10%,8,9
fabrication balle de golf,0,1,3,10,0%,10%,33,65.3
stableford golf,0,1,3,9,0%,11.11%,2,2
titleis pro v1,0,1,10,9,0%,11.11%,4,3
tpx5 golf balls,0,1,5,9,0%,11.11%,4.8,4.44
balle de golf prix maroc,0,1,2,9,0%,11.11%,6,4.56
les index au golf,0,1,1,9,0%,11.11%,2,6.33
tableau des coups rendus au golf,0,1,13,9,0%,11.11%,41.77,42.22
2 tour special golf ball,0,1,0,8,0%,12.5%,0,2.5
index golf licencié,0,1,1,8,0%,12.5%,2,2.62
qstar tour golf balls,0,1,4,8,0%,12.5%,5.25,4.75
pga tour 2025,0,1,0,8,0%,12.5%,0,5.12
wilson ultra 3,0,1,1,8,0%,12.5%,7,5.38
srixon q star tour divide,0,1,0,8,0%,12.5%,0,7.12
70 compression golf balls,0,1,0,8,0%,12.5%,0,8.12
stroke play,0,1,0,7,0%,14.29%,0,2.14
cheap golf balls,0,1,8,7,0%,14.29%,10.75,6.86
pro vx1,0,1,4,7,0%,14.29%,32.25,8.14
80 compression golf balls list,0,1,2,7,0%,14.29%,7.5,14.29
vice 2 golf ball,0,1,6,6,0%,16.67%,6.33,1.17
wilson ultra 4 golf balls,0,1,4,6,0%,16.67%,1,1.5
wilson ultra 2 golf ball,0,1,2,6,0%,16.67%,1.5,1.67
taille scottie scheffler,0,1,0,6,0%,16.67%,0,2.33
super soft callaway golf balls,0,1,6,6,0%,16.67%,8.17,3.83
soft tour,0,1,1,6,0%,16.67%,4,4.83
titleist advent calendar,0,1,0,6,0%,16.67%,0,4.83
to5x,0,1,6,6,0%,16.67%,6.33,5.17
5 tour special golf balls,0,1,0,6,0%,16.67%,0,5.83
flyer,0,1,0,6,0%,16.67%,0,7.67
golf ball titleist,0,1,3,6,0%,16.67%,8.67,7.83
difference entre index et niveau de jeu au golf,0,1,0,5,0%,20%,0,1.6
tpx 5,0,1,7,5,0%,20%,4.57,3
balle volvik,0,1,3,5,0%,20%,2.33,3.4
john daly,0,1,1,5,0%,20%,4,3.8
srixon q-star divide,0,1,3,5,0%,20%,8.33,6.6
titleist pro v1 pack of 3,0,1,0,5,0%,20%,0,7.2
titleist tour soft yellow,0,1,1,5,0%,20%,11,9
srixon ad333 compression,0,1,8,5,0%,20%,20.75,31.4
carte de score golf excel,0,1,6,5,0%,20%,18.83,46
index handicap,0,1,6,4,0%,25%,4.83,2
numero sur balle de golf,0,1,0,4,0%,25%,0,2
golf shop open now,0,1,0,4,0%,25%,0,2.5
calloway super soft,0,1,2,4,0%,25%,7.5,2.75
titleist pro v4,0,1,1,4,0%,25%,4,3
titleist tour soft balls,0,1,3,4,0%,25%,6,4.25
tp 5 golf balls,0,1,2,4,0%,25%,6,4.25
classement golfeur,0,1,0,4,0%,25%,0,4.5
soft compression,0,1,5,4,0%,25%,13,4.5
golf grade,0,1,2,4,0%,25%,4,5
golf 4 balles meilleure balle,0,1,1,4,0%,25%,1,18
marqueur de balle de golf,0,1,1,4,0%,25%,48,34.25
callaway supersoft 2,0,1,0,3,0%,33.33%,0,1.67
handicap 28 golf,0,1,0,3,0%,33.33%,0,1.67
distance golf 70 ans,0,1,0,3,0%,33.33%,0,2
golf difference entre index et niveau,0,1,0,3,0%,33.33%,0,2
nombre licencies golf,0,1,0,3,0%,33.33%,0,2
où habite rory mcilroy,0,1,0,3,0%,33.33%,0,2
titeist avx,0,1,0,3,0%,33.33%,0,2
callaway 4 ball,0,1,1,3,0%,33.33%,11,2.67
srixon q-star tour 4,0,1,0,3,0%,33.33%,0,2.67
tournoi golf us open,0,1,0,3,0%,33.33%,0,3
prov v1,0,1,6,3,0%,33.33%,5,3.33
classement mérite senior golf,0,1,0,3,0%,33.33%,0,4.33
golf scheffler,0,1,0,3,0%,33.33%,0,4.67
srixon z-ur,0,1,0,3,0%,33.33%,0,4.67
callaway triple track chrome soft,0,1,0,3,0%,33.33%,0,6.33
onoff golf,0,1,0,3,0%,33.33%,0,6.33
titleist ball compression chart,0,1,0,3,0%,33.33%,0,6.33
golf us open 2025 cut,0,1,0,3,0%,33.33%,0,9.67
srixon canada,0,1,1,3,0%,33.33%,4,9.67
balle de golf taylormade rbz,0,1,0,3,0%,33.33%,0,10
golf promos,0,1,0,3,0%,33.33%,0,12.67
nike ball golf,0,1,5,3,0%,33.33%,35.2,30
outlet golf,0,1,1,2,0%,50%,8,1
titleist ball compression,0,1,0,2,0%,50%,0,1
vice 3 golf balls,0,1,2,2,0%,50%,1,1
difference entre pro v1 et pro v1x,0,1,0,2,0%,50%,0,1.5
club golf titleist,0,1,0,2,0%,50%,0,2
club tableau comparatif balles de golf 2021,0,1,0,2,0%,50%,0,2
comment compresser la balle au golf,0,1,2,2,0%,50%,5,2
compression chrome soft,0,1,0,2,0%,50%,0,2
depart orange golf,0,1,0,2,0%,50%,0,2
gir au golf,0,1,0,2,0%,50%,0,2
gir golf definition,0,1,0,2,0%,50%,0,2
golf balls orange,0,1,2,2,0%,50%,22.5,2
licence golf obligatoire,0,1,0,2,0%,50%,0,2
par,0,1,0,2,0%,50%,0,2
titleist pro 100,0,1,0,2,0%,50%,0,2
wilson ultra balls,0,1,5,2,0%,50%,4.8,2
golf handicap 0,0,1,0,2,0%,50%,0,3
golf plus magasin,0,1,1,2,0%,50%,1,3
titleist golf ball compression,0,1,0,2,0%,50%,0,3
titleist pro v1 golf balls compression,0,1,0,2,0%,50%,0,3
balle de golf pxg,0,1,0,2,0%,50%,0,3.5
pro vi golf balls,0,1,1,2,0%,50%,12,3.5
rory mcilroy golf ball,0,1,0,2,0%,50%,0,3.5
callaway soft chrome golf balls,0,1,1,2,0%,50%,12,4
velocity titleist golf balls,0,1,6,2,0%,50%,6,4
club de golf occasion decathlon,0,1,0,2,0%,50%,0,4.5
golf d evian,0,1,0,2,0%,50%,0,4.5
srixon z-star yellow,0,1,0,2,0%,50%,0,4.5
evian golf,0,1,0,2,0%,50%,0,5
brigstone golf,0,1,0,2,0%,50%,0,6
callaway chrome soft lake balls,0,1,1,2,0%,50%,8,7
tilest pro v1,0,1,1,2,0%,50%,2,7
wilson duo soft +,0,1,5,2,0%,50%,6.6,7
compression titleist avx,0,1,1,2,0%,50%,2,7.5
leaderboard golf,0,1,0,2,0%,50%,0,7.5
us open 2025 golf course,0,1,2,2,0%,50%,3,7.5
porte clé balle de golf,0,1,0,2,0%,50%,0,10
hybride golf,0,1,0,2,0%,50%,0,18
nike vapor black golf balls,0,1,0,2,0%,50%,0,25
srixon q-star ultispeed,0,1,0,2,0%,50%,0,50
c'est quoi un handicap au golf,0,1,0,1,0%,100%,0,1
golf 94 val-de-marne,0,1,0,1,0%,100%,0,1
golf a proximite,0,1,0,1,0%,100%,0,1
golf balls by compression,0,1,1,1,0%,100%,17,1
golf balls in bulk,0,1,0,1,0%,100%,0,1
golf shop mear me,0,1,0,1,0%,100%,0,1
handicap 30 golf,0,1,1,1,0%,100%,1,1
inesis 1 golf ball price,0,1,0,1,0%,100%,0,1
la golf ball compression,0,1,1,1,0%,100%,6,1
nike hyperflight golf balls,0,1,0,1,0%,100%,0,1
pro golf shop,0,1,0,1,0%,100%,0,1
titleist golf balls for sale,0,1,0,1,0%,100%,0,1
tp5 vs pro v1 compression,0,1,0,1,0%,100%,0,1
4 balles meilleure balle stableford,0,1,0,1,0%,100%,0,2
air shot golf pénalité 2023,0,1,0,1,0%,100%,0,2
balles de golf 3 couches,0,1,0,1,0%,100%,0,2
bâton de golf hybride distance,0,1,0,1,0%,100%,0,2
carte verte golf prix,0,1,0,1,0%,100%,0,2
driver rory mcilroy,0,1,0,1,0%,100%,0,2
eq golf,0,1,0,1,0%,100%,0,2
fer utility golf,0,1,0,1,0%,100%,0,2
golf ball compression 2025,0,1,0,1,0%,100%,0,2
golf en direct aujourd'hui,0,1,0,1,0%,100%,0,2
green fee saint andrews,0,1,0,1,0%,100%,0,2
où vit tiger woods ?,0,1,0,1,0%,100%,0,2
putter tommy fleetwood,0,1,0,1,0%,100%,0,2
résultats de golf,0,1,0,1,0%,100%,0,2
srixon z-star compression,0,1,1,1,0%,100%,2,2
taylormade tp5 2025,0,1,0,1,0%,100%,0,2
titleist 69,0,1,0,1,0%,100%,0,2
titleist tour balata 100,0,1,1,1,0%,100%,8,2
ajustement driver callaway,0,1,0,1,0%,100%,0,3
callaway erc soft avis,0,1,2,1,0%,100%,2.5,3
distance fer 7 tiger woods,0,1,2,1,0%,100%,2,3
golf match play regles,0,1,0,1,0%,100%,0,3
histoire du golf,0,1,0,1,0%,100%,0,3
kady application golf télécharger,0,1,0,1,0%,100%,0,3
rdx smoke red,0,1,0,1,0%,100%,0,3
titelest prov1,0,1,0,1,0%,100%,0,3
titleist 8 pro v1,0,1,0,1,0%,100%,0,3
ams golf,0,1,0,1,0%,100%,0,4
golf de saumur,0,1,0,1,0%,100%,0,4
golfalley,0,1,0,1,0%,100%,0,4
inesis 900 ball,0,1,0,1,0%,100%,0,4
meilleur fer de golf 2025,0,1,0,1,0%,100%,0,4
srixon q star tour 4 golf balls,0,1,0,1,0%,100%,0,4
vice tour golf ball compression,0,1,0,1,0%,100%,0,4
callaway chrome soft triple track golf ball,0,1,0,1,0%,100%,0,5
golf national albatros,0,1,0,1,0%,100%,0,5
rms9 ffgolf,0,1,0,1,0%,100%,0,5
rozner antoine,0,1,0,1,0%,100%,0,5
domaine de falgos,0,1,0,1,0%,100%,0,6
wilson profile golf ball compression,0,1,0,1,0%,100%,0,6
pinnacle golf balls compression rating,0,1,2,1,0%,100%,9.5,7
wagc golf,0,1,0,1,0%,100%,0,7
calendrier de l'avent 1 an,0,1,0,1,0%,100%,0,8
golf bol,0,1,4,1,0%,100%,7.75,8
calendrier de l avent another swing,0,1,0,1,0%,100%,0,12
golf gujan-mestras,0,1,0,1,0%,100%,0,13
comment calculer les points au golf,0,1,0,1,0%,100%,0,18
taylormade burner ldp,0,1,0,1,0%,100%,0,20
calendrier de l'avent femme,0,1,0,1,0%,100%,0,33
lake golf ball,0,1,0,1,0%,100%,0,34
calendrier de l'avent adolescente,0,1,0,1,0%,100%,0,36
calendrier de l'avent fille ado,0,1,0,1,0%,100%,0,37
code promo online golf,0,0,30,841,0%,0%,70.33,46.56
déstockage golf,0,0,0,445,0%,0%,0,59.12
open de golf 2025,0,0,3,395,0%,0%,8.67,9.82
golf en stock,0,0,1,373,0%,0%,35,30.84
offre noël,0,0,4,344,0%,0%,74,19.78
compresser balle de golf,0,0,1,249,0%,0%,8,6.19
accessoires de golf,0,0,20,244,0%,0%,10.45,54.01
classement au golf,0,0,18,228,0%,0%,40.28,43.14
golf accessoire,0,0,9,222,0%,0%,18.67,38.35
tournoi us open 2025,0,0,0,219,0%,0%,0,8.14
revente de balles de golf,0,0,36,209,0%,0%,24.11,28.42
acheter balles de golf en ligne,0,0,16,202,0%,0%,21.94,29.05
us open 2025 qualification,0,0,0,196,0%,0%,0,9.19
livraison de balles de golf,0,0,21,192,0%,0%,20.95,27.79
vente de balles de golf usagées,0,0,29,191,0%,0%,24.66,25.6
achat de balles de golf en ligne,0,0,21,157,0%,0%,27.24,27.34
carte cadeau golf,0,0,1,147,0%,0%,12,48.73
qualification us open 2025,0,0,0,144,0%,0%,0,9.26
golf accessoires,0,0,5,144,0%,0%,8.2,57.5
diametre balle golf,0,0,31,142,0%,0%,63.32,72.95
golf contact,0,0,25,139,0%,0%,60.92,54.35
diamètre balle de golf,0,0,28,137,0%,0%,68.36,68.85
promo forfait noel,0,0,0,135,0%,0%,0,30.32
score brut golf,0,0,3,135,0%,0%,36,54.81
inesis 500 occasion,0,0,0,134,0%,0%,0,10.63
promotion golf,0,0,5,130,0%,0%,45.2,19.32
materiel de golf occasion,0,0,21,128,0%,0%,33.9,50.1
diametre balle de golf,0,0,30,127,0%,0%,65,68.75
inesis golfballen,0,0,15,124,0%,0%,25.33,19.66