Requêtes les plus fréquentes,Clics,Impressions,CTR,Position
golfiller,2524,9865,25.59%,1.99
balle de golf,698,26574,2.63%,8.54
golf filler,466,902,51.66%,1.47
golfiller balle de golf,363,703,51.64%,01.04
golfiler,359,1412,25.42%,01.05
balles de golf,260,13562,1.92%,17.58
golffiller,182,737,24.69%,01.09
balles de golf occasion,145,2561,5.66%,5.64
balle de golf occasion,128,2397,5.34%,05.03
compression balle de golf,116,441,26.3%,1.52
tableau comparatif balles de golf,113,1288,8.77%,5.31
balle golf occasion,102,1099,9.28%,3.75
golf filer,86,115,74.78%,1.1
balle golf,77,3071,2.51%,5.84
balles golf occasion,77,1065,7.23%,4.74
golfiller avis,71,205,34.63%,1.43
balle de golf reconditionné,66,638,10.34%,2.83
balles de golf reconditionnées,65,965,6.74%,2.86
tableau compression balle de golf 2025,60,228,26.32%,1.32
comparatif balles de golf,59,487,12.11%,24.24
golfiller fr,59,79,74.68%,1
titleist pro v1,55,2883,1.91%,4.62
simulateur calcul index golf 2023,53,902,5.88%,5.25
calcul index golf,47,2333,2.01%,9.24
gofiller,47,75,62.67%,1.16
golffiler,46,225,20.44%,01.03
srixon ad333,44,2028,2.17%,7.46
callaway chrome soft,42,1231,3.41%,10.15
quelle balle de golf choisir,42,523,8.03%,4.35
tableau compression balle de golf,41,688,5.96%,4.11
srixon z star,37,871,4.25%,3.89
calcul index golf en ligne,37,341,10.85%,3.39
comparatif balle de golf,37,282,13.12%,20.66
simulateur calcul index golf 2025,36,609,5.91%,4.55
compression balles de golf,35,108,32.41%,2.24
callaway supersoft,32,1504,2.13%,05.04
balle de golf nike,32,589,5.43%,2.26
pro v1,30,1159,2.59%,3.73
balles golf,28,2180,1.28%,11.18
calculette golf,28,1173,2.39%,3.84
balle de golf compression 80,28,89,31.46%,1.43
titleist tour soft,27,772,3.5%,5.39
golfillet,27,88,30.68%,01.03
prix balle de golf,25,2579,0.97%,9.78
gofiler,25,234,10.68%,2.14
golfiter,24,72,33.33%,2
balle de golf vice,23,447,5.15%,5.29
balle de golf d'occasion,22,391,5.63%,5.21
srixon q star tour,21,857,2.45%,5.12
titleist velocity,21,489,4.29%,8.38
meilleures balles de golf pour joueur moyen,20,227,8.81%,4.21
balle golf reconditionné,20,172,11.63%,1.75
titleist avx,19,738,2.57%,8.59
balles de golf d'occasion,19,518,3.67%,10.55
calcul index golf 9 trous,19,375,5.07%,7.71
calculette index golf,19,203,9.36%,3.59
golf healer,19,38,50%,3.95
golfiller.fr,19,28,67.86%,1
ad333,18,398,4.52%,3.39
balle de golf callaway supersoft,18,298,6.04%,4.18
balles de golf vice,17,258,6.59%,5.22
balle de golf couleur,16,406,3.94%,4.39
balle golf vice,16,167,9.58%,3.56
calendrier de l'avent golf,16,105,15.24%,1.47
tableau comparatif compression balles de golf,16,38,42.11%,01.03
inesis tour 900,15,549,2.73%,6.8
golf balle,15,516,2.91%,06.02
ball de golf,15,416,3.61%,12.37
balle de golf de couleur,15,204,7.35%,4.24
balles golf reconditionnées,15,169,8.88%,2.31
balle titleist pro v1,14,269,5.2%,5.86
balle de golf orange,14,188,7.45%,2.88
taylormade tp5,13,743,1.75%,5.63
titleist pro v1x,13,535,2.43%,3.93
tableau vitesse swing golf,13,162,8.02%,08.04
golfileur,13,43,30.23%,01.09
balles de golf pas cher,12,715,1.68%,10.03
balle de golf pas cher,12,628,1.91%,13.42
meilleur balle de golf,12,419,2.86%,9.47
balle callaway supersoft,12,270,4.44%,5.4
balles de golf callaway supersoft,12,247,4.86%,04.06
simulateur calcul index golf,12,158,7.59%,4.56
balles de golf orange,12,114,10.53%,3.34
calculer index golf,12,95,12.63%,5.48
balle occasion golf,12,87,13.79%,1.6
compression titleist pro v1,12,39,30.77%,2.36
grade balle de golf,12,25,48%,01.08
balle de golf callaway,11,1820,0.6%,9.2
balle de golf prix,11,1514,0.73%,10.03
balle de golf rose,11,255,4.31%,3.36
balle de golf taylormade tp5,11,241,4.56%,5.68
balles de golf couleur,11,129,8.53%,3.57
inesis 900 balles,11,125,8.8%,3.24
compression pro v1,11,50,22%,1.98
balle de golf rolex,10,2015,0.5%,9.48
golf ball,10,857,1.17%,6.86
logiciel gratuit calcul handicap golf,10,420,2.38%,9.81
slope golf,10,402,2.49%,5.65
balle pro v1,10,393,2.54%,7.67
calcul handicap golf gratuit,10,244,4.1%,5.44
balle inesis tour 900 avis,10,126,7.94%,3.83
choisir sa balle de golf,10,95,10.53%,4.27
comment choisir sa balle de golf,10,93,10.75%,4.15
titleist tour soft compression,10,84,11.9%,6.3
compression tp5,10,26,38.46%,2
golfill,10,24,41.67%,3.5
marque balle golf,9,1070,0.84%,10.63
tp5,9,769,1.17%,4.83
pro v1x,9,410,2.2%,4.19
balle de golf titleist pro v1,9,370,2.43%,8.11
tp5x,9,353,2.55%,3.39
balles callaway supersoft,9,310,2.9%,4.14
srixon q star,9,230,3.91%,6.26
balle de golf tour special,9,203,4.43%,3.57
calculateur index golf,9,188,4.79%,06.03
calculette de jeu golf,9,155,5.81%,4.96
balles de golf occasion pas cher,9,124,7.26%,3.43
simulation index golf,9,108,8.33%,7.5
srixon z-star,9,89,10.11%,4.93
balle de golf compression,9,66,13.64%,3.83
meilleure balle de golf,8,401,2%,17.47
pro v1 titleist,8,306,2.61%,3.6
calcul index golf ffg,8,302,2.65%,11.89
balle de golf recyclé,8,205,3.9%,10.99
q star tour,8,202,3.96%,3.69
calculette de golf,8,196,4.08%,3.75
inesis soft 500,8,181,4.42%,3.89
achat balles de golf,8,125,6.4%,3.76
balles de golf nike,8,94,8.51%,03.09
simulateur calcul index golf 2026,8,84,9.52%,3.79
vitesse de swing golf,8,41,19.51%,3.15
choisir balle de golf,7,1143,0.61%,19.94
100 balles de golf occasion,7,838,0.84%,7.37
calcul handicap golf,7,790,0.89%,14.65
balle de golf inesis,7,754,0.93%,06.04
meilleures balles de golf,7,434,1.61%,16.26
taylormade tp5x,7,280,2.5%,4.91
achat balle de golf,7,260,2.69%,14.18
index golf calcul,7,233,3%,9.17
titleist pro v1 prix,7,208,3.37%,3.81
golf balles,7,188,3.72%,7.7
balle vice,7,181,3.87%,5.95
balle de golf inesis soft 500,7,149,4.7%,3.54
callaway super soft,7,144,4.86%,3.49
balle de golf inesis 900,7,131,5.34%,4.27
balle de gold,7,117,5.98%,3.87
balle golf nike,7,90,7.78%,2.77
balles titleist tour soft,7,66,10.61%,3.65
golfier,7,36,19.44%,6.42
magasin de golf,6,1213,0.49%,5.4
magasin golf,6,1057,0.57%,6.22
bal de golf,6,359,1.67%,3.97
calcul carte score golf,6,303,1.98%,7.34
index golf débutant,6,295,2.03%,11.64
balles titleist pro v1,6,288,2.08%,4.31
magasin golf lyon,6,287,2.09%,4.82
meilleur balle de golf pour la distance,6,265,2.26%,14.51
calculette handicap golf,6,199,3.02%,4.5
calcul score golf,6,193,3.11%,9.37
balles de golf titleist pro v1,6,165,3.64%,5.37
balle de golf tp5,6,142,4.23%,4.22
balles de golf tour special,6,129,4.65%,3.31
balles inesis 900,6,117,5.13%,5.34
balles tp5,6,112,5.36%,04.08
titleist tour soft avis,6,104,5.77%,6.12
wilson dx2,6,87,6.9%,5.3
tour soft titleist,6,86,6.98%,4.23
z star srixon,6,81,7.41%,2.44
balles golf vice,6,72,8.33%,4.65
wilson dx2 soft,6,53,11.32%,9.11
pro v1 compression,6,42,14.29%,5.64
golfillee,6,36,16.67%,1.19
calendrier avent golf,6,29,20.69%,1.62
calcul score differentiel golf,6,27,22.22%,06.07
golfhealer,6,14,42.86%,2.5
inesis,5,7807,0.06%,7.69
balles de golf callaway,5,873,0.57%,12.54
trouver index joueur golf,5,830,0.6%,7.21
prix d'une balle de golf,5,705,0.71%,7.25
combien coûte une balle de golf,5,524,0.95%,5.88
ad333 srixon,5,409,1.22%,4
calcul index,5,405,1.23%,11.14
balle callaway,5,381,1.31%,6.91
balle srixon ad333,5,309,1.62%,12.49
balles de golf recyclées,5,302,1.66%,11.45
calculette golf ffg,5,202,2.48%,5.69
balle tour special,5,199,2.51%,4.42
vice balles de golf,5,190,2.63%,4.94
srixon balle de golf,5,187,2.67%,7.33
balles de golf titleist pro v1 pas cher,5,166,3.01%,11.75
comment calculer son index au golf,5,149,3.36%,7.78
balle de golf srixon ad333,5,134,3.73%,5.81
balle titleist avx,5,95,5.26%,6.15
simulateur index golf,5,89,5.62%,4.13
balle golf rose,5,79,6.33%,2.52
balles vice golf,5,75,6.67%,3.76
balle titleist tour soft,5,72,6.94%,4.11
qstar tour,5,59,8.47%,2.51
srixon qstar,5,53,9.43%,06.06
golf le plus cher de france,5,50,10%,5.46
slope parcours de golf,5,46,10.87%,6.76
achat balles de golf reconditionnées,5,41,12.2%,2.15
balle golf couleur,5,37,13.51%,1.57
titleist pro v1 compression,5,32,15.62%,2.12
golf ball compression,5,20,25%,4.55
vitesse swing golf,5,19,26.32%,2.68
index golf,4,1328,0.3%,12.16
balle de golf bridgestone,4,383,1.04%,11.06
prov1,4,330,1.21%,5.37
balle de golf pro v1,4,324,1.23%,6.38
ball golf,4,266,1.5%,20.95
vice golf france,4,251,1.59%,5.79
calculer son index au golf,4,200,2%,11.76
recyclage balle de golf,4,178,2.25%,26.03
tour special golf,4,175,2.29%,4.75
lot de balle de golf,4,170,2.35%,3.66
balle tp5,4,163,2.45%,4.66
taylor made tp5,4,156,2.56%,4.59
simulateur calcul index golf 2022,4,144,2.78%,5.48
wilson ultra golf,4,143,2.8%,5.64
balles reconditionnées golf,4,142,2.82%,2.63
balles tour special,4,141,2.84%,4.41
100 balles de golf d'occasion,4,132,3.03%,5.69
srixon q-star tour,4,130,3.08%,7.22
lot balle de golf,4,121,3.31%,3.4
balle callaway chrome soft,4,118,3.39%,5.92
marques balles de golf,4,111,3.6%,11.82
balles d'occasion golf,4,105,3.81%,02.06
magasin de golf autour de moi,4,96,4.17%,3.85
balles de golf wilson duo soft,4,93,4.3%,5.96
balle de golf wilson duo soft,4,87,4.6%,06.06
balle srixon z star,4,77,5.19%,4.14
comment choisir ses balles de golf,4,70,5.71%,3.49
pro v1 x,4,70,5.71%,4.16
srixon zstar,4,66,6.06%,1.86
balle inesis,4,49,8.16%,2.92
les meilleures balles de golf,4,48,8.33%,6.17
balle de golf orange fluo,4,38,10.53%,2.37
compression taylormade tour response,4,25,16%,4.24
taylormade tour response compression,4,20,20%,6
test balles de golf,4,19,21.05%,2.84
vitesse de swing,4,16,25%,2.19
us open golf,3,1570,0.19%,10.01
vice golf,3,1566,0.19%,6.11
vitesse balle de golf,3,1011,0.3%,8.7
balle de golf wilson,3,974,0.31%,11.99
srixon,3,762,0.39%,12.92
balles pro v1,3,679,0.44%,10.77
promo balles de golf,3,593,0.51%,18.93
prix d une balle de golf,3,535,0.56%,18.5
balles de golf colorées,3,344,0.87%,8.91
meilleur balle de golf pour senior,3,331,0.91%,9.89
balle golf callaway,3,325,0.92%,11.48
balle de golfe,3,285,1.05%,7.15
balle de golf les plus cher,3,276,1.09%,18.61
wilson duo soft,3,246,1.22%,8.82
tour special,3,234,1.28%,7.25
balle de golf reconditionnée,3,229,1.31%,16.57
prix des balles de golf,3,228,1.32%,6.97
balles srixon ad333,3,170,1.76%,6.25
balle golf pro v1,3,157,1.91%,4.92
balles de golf pro v1,3,154,1.95%,5.62
balle golf titleist pro v1,3,125,2.4%,7.44
balle golf tour special,3,110,2.73%,05.03
balles taylormade tp5,3,109,2.75%,4.42
taylormade tp5 pix,3,109,2.75%,7.22
z star,3,108,2.78%,3.56
balles callaway chrome soft,3,105,2.86%,3.77
balle de golf soft,3,101,2.97%,7.16
balle inesis 900,3,96,3.12%,3.23
avx titleist,3,96,3.12%,7.86
balles de golf taylormade tp5,3,95,3.16%,4.76
balles titleist avx,3,95,3.16%,4.89
balle de.golf,3,93,3.23%,06.02
balles de golf wilson staff dx2 soft,3,80,3.75%,5.2
supersoft callaway,3,77,3.9%,3.9
balle inesis 500 avis,3,73,4.11%,3.49
ad 333,3,67,4.48%,2.33
calculer handicap golf,3,66,4.55%,14.82
calcul slope golf,3,56,5.36%,4.59
magasin de golf lyon,3,56,5.36%,5.7
balle de golf recuperation,3,52,5.77%,5.52
calcul index golf excel,3,42,7.14%,06.02
balle golf srixon ad333,3,41,7.32%,5.49
golf slope,3,27,11.11%,6
vitesse de swing senior,3,25,12%,1.84
balle golf recyclée,3,23,13.04%,3.91
titleist pro v1 x,3,21,14.29%,3.52
vitesse de swing driver,3,17,17.65%,3.76
calendrier de l'avant golf,3,16,18.75%,3.56
tp5 compression,3,13,23.08%,4.23
taylormade tp5 compression,3,8,37.5%,6.12
compression des balles de golf,3,7,42.86%,1.14
calendrier avant golf,3,5,60%,3
balle de golf titleist,2,1346,0.15%,14.69
balles callaway,2,1209,0.17%,14.66
titleist,2,1111,0.18%,13.77
balle de golf srixon,2,1006,0.2%,11.31
inesis 900,2,749,0.27%,7.89
balles de golf titleist,2,698,0.29%,19.7
balle de golf taylormade,2,648,0.31%,15.1
balle taylormade,2,471,0.42%,10.82
prix balles de golf,2,425,0.47%,17.99
inesis 500,2,329,0.61%,9.73
vice golf balls,2,302,0.66%,6.6
balle srixon,2,293,0.68%,10.22
callaway balle de golf,2,228,0.88%,7.57
prov1x,2,196,1.02%,5.18
balles de golf inesis,2,190,1.05%,5.5
tp5 pix,2,182,1.1%,7.61
balle de golf srixon prix,2,172,1.16%,6.63
balle taylormade tp5,2,166,1.2%,5.67
prix balle de golf occasion,2,165,1.21%,5.58
bridgestone golf,2,165,1.21%,10.09
balle golf wilson,2,160,1.25%,7.96
golf calcul index,2,146,1.37%,8.55
marque balles de golf,2,146,1.37%,8.75
q star,2,132,1.52%,4.8
meilleurs balles de golf,2,129,1.55%,6.8
vitesse balle de golf km/h,2,123,1.63%,7.82
chrome soft callaway,2,121,1.65%,4.31
scott scheffler,2,119,1.68%,3.82
titleist prov1,2,113,1.77%,3.18
balle de golf bleu,2,113,1.77%,5.27
bale de golf,2,101,1.98%,4.22
callaway supersoft golf balls,2,99,2.02%,5.54
balle de golf promo,2,95,2.11%,9.37
balles srixon z star,2,91,2.2%,4.32
srixon ad 333,2,83,2.41%,4.98
balles de golf promo,2,83,2.41%,15.04
titleist pro v1 pas cher,2,82,2.44%,15.44
srixon tour special,2,78,2.56%,7.67
fédération française de golf index,2,77,2.6%,8.1
tp5x golf balls,2,73,2.74%,4.59
balle de golf inesis 100,2,73,2.74%,5.3
balle de golf callaway prix,2,73,2.74%,5.45
balle de golf callaway chrome soft,2,72,2.78%,5.49
tp5 golf balls,2,69,2.9%,6.39
balle de golf pro v1x,2,66,3.03%,7.45
balle de folf,2,65,3.08%,3.2
balle de golf vice pro plus,2,65,3.08%,7.14
balle de golf taylor made,2,62,3.23%,9.87
calculette golf index,2,61,3.28%,3.36
balles de golf pas chères,2,60,3.33%,11.78
vice pro golf balls,2,59,3.39%,4.15
balles inesis 500,2,55,3.64%,4.56
balle de golf haut de gamme,2,55,3.64%,7.96
inesis 2,2,54,3.7%,3.28
wilson staff dx2 soft,2,54,3.7%,4.91
balle de golf inesis 3,2,52,3.85%,03.06
srixon q-star tour avis,2,52,3.85%,07.04
vice golf ball,2,51,3.92%,7.41
magasin golf autour de moi,2,46,4.35%,4.74
srixon z-star xv,2,45,4.44%,9.13
balle de golf inesis 2,2,37,5.41%,04.05
balle srixon q star tour,2,37,5.41%,05.08
balle de golf titleist 4 prix,2,37,5.41%,5.19
srixon q-star,2,36,5.56%,24.86
combien coute une partie de golf,2,35,5.71%,3.51
balle de golf inesis 500,2,33,6.06%,3.58
balles de golf fluorescentes,2,32,6.25%,4.44
calcul handicap de jeu golf,2,32,6.25%,6.31
code promo golfiller,2,30,6.67%,4.5
balles golf callaway supersoft,2,26,7.69%,4.38
calculer son handicap au golf,2,26,7.69%,9.15
golf marque balle,2,26,7.69%,9.5
combien coûte une partie de golf,2,25,8%,3.44
quelle balle de golf pour debutant,2,25,8%,5.92
tour response compression,2,23,8.7%,6.26
prov1 x,2,22,9.09%,2.64
tarif golf nîmes campagne,2,21,9.52%,09.05
balle de golf fluo,2,20,10%,3.3
combien coûte le golf à l année,2,20,10%,07.05
callaway supersoft compression,2,19,10.53%,5.84
calendrier de l avent golf,2,18,11.11%,1.33
vitesse balle de golf fer 7,2,17,11.76%,2.59
balles golf inesis,2,17,11.76%,2.82
balles inesis,2,17,11.76%,3.41
balle de golf colorée,2,16,12.5%,1.56
q star tour srixon,2,16,12.5%,4.62
srixon 333,2,16,12.5%,5.5
inesis 3,2,15,13.33%,3.67
compression titleist tour soft,2,15,13.33%,4.73
achat balle de golf occasion,2,14,14.29%,1
titleist pro v1 promotion,2,13,15.38%,2.23
prix parcours golf,2,10,20%,2.4
vitesse club golf,2,7,28.57%,2.14
compression tour response,2,6,33.33%,3
vice pro soft golf balls,2,6,33.33%,9.5
compression golf balls,2,5,40%,20.2
golf balls compression,2,4,50%,2.75
golf hiller,2,3,66.67%,1
golfyer,2,3,66.67%,4
golf montpellier massane tarif,2,2,100%,3.5
balles de golf srixon,1,1464,0.07%,23.12
balles de golf taylormade,1,823,0.12%,20.2
us open golf 2025,1,809,0.12%,6.75
50 balles,1,697,0.14%,5.23
balle titleist,1,694,0.14%,11.54
compresser balle golf,1,509,0.2%,12.48
magasin condrieu,1,251,0.4%,2.62
golf us open 2025,1,224,0.45%,7.8
balles de golf d occasion,1,219,0.46%,9.18
balle golf rolex,1,218,0.46%,10.22
balle golf titleist,1,208,0.48%,08.01
balles de golf occasion titleist,1,203,0.49%,13.25
balles de golf rose,1,199,0.5%,12.76
formule calcul coups rendus golf,1,194,0.52%,6.29
vitesse d'une balle de golf,1,190,0.53%,22.48
acheter balle de golf,1,187,0.53%,34.33
prix balle golf,1,182,0.55%,6.6
balle de golf jaune,1,174,0.57%,5.48
choisir balle golf,1,172,0.58%,8.83
balle de golf fluorescente,1,155,0.65%,6.53
calcul coups rendus golf,1,149,0.67%,11.97
balles de golf prix,1,146,0.68%,8.99
balle golf srixon,1,145,0.69%,10.02
balles golf callaway,1,143,0.7%,6.12
chrome soft,1,137,0.73%,3.69
filet balle de golf,1,134,0.75%,7.58
combien coute une balle de golf,1,134,0.75%,8.94
vice balle de golf,1,133,0.75%,6.79
golf plus,1,132,0.76%,03.05
titleist pro v1 golf balls,1,131,0.76%,6.48
balles de golf jaunes,1,130,0.77%,10.56
prix balle de golf rolex,1,129,0.78%,10.53
titleist balle de golf,1,127,0.79%,8.87
carte score golf,1,127,0.79%,21.64
inesis golf,1,120,0.83%,37.24
balle golf inesis,1,117,0.85%,3.71
balle de golf vice pro,1,116,0.86%,4.2
slope au golf,1,116,0.86%,8.51
golfy,1,108,0.93%,2.79
balles golf srixon,1,105,0.95%,9.48
compression golf balls chart,1,105,0.95%,71.37
balle d'o golf,1,101,0.99%,7.25
callaway france,1,97,1.03%,13.25
inesis golf balls,1,96,1.04%,18.64
vitesse balle de golf moyenne,1,95,1.05%,5.43
balle de golf composition,1,95,1.05%,40.53
index debutant golf,1,94,1.06%,10.46
calcul coup rendu golf,1,92,1.09%,9.99
calcul du handicap au golf,1,88,1.14%,18.43
classement golf index,1,83,1.2%,15.36
balle de golf titleist 3,1,75,1.33%,3.99
balle de golf originale,1,75,1.33%,7.84
comment est calculé l'index au golf,1,74,1.35%,9.81
balles de golf neuves pas cheres,1,73,1.37%,6.26
mon index au golf,1,73,1.37%,12.27
materiel golf occasion,1,72,1.39%,28.94
taylormade balles de golf,1,71,1.41%,11.35
combien vaut une balle de golf,1,67,1.49%,4.27
pro v1 golf balls,1,64,1.56%,9.28
inesis 900 occasion,1,63,1.59%,6.65
calcul carte de score golf,1,62,1.61%,7.21
balles de golf promotion,1,62,1.61%,9.94
classement slope golf france,1,60,1.67%,05.03
srixon ad333 tour,1,59,1.69%,4.68
tp 5,1,59,1.69%,5.29
balles de golf rolex,1,59,1.69%,10.47
zstar,1,58,1.72%,4.31
srixon z star xv,1,58,1.72%,10.12
calcul golf index,1,55,1.82%,11.55
golf ball compression chart,1,53,1.89%,52.85
tour 900 inesis,1,51,1.96%,4.18
golf autour de moi,1,50,2%,2.8
ad333 tour,1,50,2%,4.82
balles golf pro v1,1,49,2.04%,5.63
callaway golf balls,1,49,2.04%,9.53
inesis distance 100,1,48,2.08%,9.77
velocity titleist,1,48,2.08%,10.29
handicap golf débutant,1,47,2.13%,36.57
callaway chrome soft triple track,1,46,2.17%,9.87
balles de golf callaway chrome soft,1,45,2.22%,05.07
index moyen golf france,1,45,2.22%,9.11
poids d'une balle de golf,1,45,2.22%,43.11
prix balle de golf callaway,1,44,2.27%,6.3
balle de golf pas chere,1,43,2.33%,2.44
compression golf,1,43,2.33%,06.09
titleist velocity golf balls,1,43,2.33%,6.33
tarif abonnement golf cabot bordeaux,1,40,2.5%,08.05
balle de golf tour special avis,1,40,2.5%,9.9
balle taylormade tp5x,1,37,2.7%,4.68
balle golf callaway supersoft,1,35,2.86%,4.51
used golf balls,1,34,2.94%,1.5
tour soft,1,34,2.94%,05.09
balle golf bridgestone,1,34,2.94%,8.62
balles de golf decathlon,1,33,3.03%,5.3
pro v 1,1,33,3.03%,5.82
srixon 3,1,32,3.12%,4.22
golf meilleure balle,1,32,3.12%,4.34
nike golf ball,1,32,3.12%,10.41
balle de golf professionnel,1,31,3.23%,06.03
quelle différence entre index et niveau au golf,1,30,3.33%,8.17
inesis tour 900 compression,1,29,3.45%,8.34
calcul index au golf,1,29,3.45%,10.14
srixon qstar tour,1,28,3.57%,4.25
prix pour faire du golf,1,28,3.57%,5.68
balle golf wilson duo soft,1,28,3.57%,6.36
callaway super soft golf balls,1,27,3.7%,4.67
balle de golf cher,1,26,3.85%,2.19
balles srixon q star tour,1,26,3.85%,04.08
prov 1,1,26,3.85%,4.19
prix balle de golf titleist pro v1,1,26,3.85%,5
callaway soft,1,26,3.85%,5.92
sba golf,1,26,3.85%,9.27
golfleader,1,25,4%,2.36
balle inesis 500,1,25,4%,03.04
qstar srixon,1,25,4%,3.48
prix d un parcours de golf,1,25,4%,3.52
golf de valescure,1,24,4.17%,2.92
compression balle de golf ralenti,1,24,4.17%,8.67
boutique golf,1,24,4.17%,9.75
balle de golf d occasion,1,23,4.35%,2.22
q-star tour,1,23,4.35%,3.17
balle vice golf,1,23,4.35%,4.35
prix pour jouer au golf,1,22,4.55%,4.91
balle golf pas cher,1,21,4.76%,3.19
golf pro v1,1,21,4.76%,3.81
prix,1,21,4.76%,6.71
balles de golf en gros,1,21,4.76%,14.9
balles golf orange,1,20,5%,2
faire du golf prix,1,20,5%,9.8
golf hcp index,1,20,5%,10.6
matériel golf occasion,1,20,5%,28.65
inesis 500 balle,1,19,5.26%,3.32
balle de golf tp5x,1,19,5.26%,4.89
slope en golf,1,19,5.26%,7.79
balle de golf vice avis,1,19,5.26%,9.79
compter les points au golf pour un débutant,1,19,5.26%,17.53
titleist toursoft,1,18,5.56%,4.28
wilson staff duo soft,1,18,5.56%,6
qstar,1,18,5.56%,9.56
calcul pcc golf,1,18,5.56%,9.83
balle de golf rouge,1,18,5.56%,16.94
q star tour golf balls,1,17,5.88%,11.76
soft 500,1,16,6.25%,3.25
matsuyama golf,1,16,6.25%,4.44
calcul d'index golf,1,16,6.25%,4.62
golf bal,1,16,6.25%,5.12
balles golf titleist pro v1 occasion,1,15,6.67%,2.27
balle prov1,1,15,6.67%,2.73
titleist pro v1 occasion,1,15,6.67%,4.53
orange golf balls,1,15,6.67%,9.27
fitleist 3,1,14,7.14%,2
vitesse balle de golf driver,1,14,7.14%,2.79
meilleur balles de golf,1,14,7.14%,4.29
golf ball vice,1,14,7.14%,4.86
wilson ultra golf ball,1,14,7.14%,18.36
calculer index,1,13,7.69%,9.62
balle taylormade tour response,1,13,7.69%,11.46
fitting golf,1,12,8.33%,1.25
calendrier de l'avent balle de golf,1,12,8.33%,2
balle golf orange,1,12,8.33%,2.75
balle de golf rory mcilroy,1,12,8.33%,3.92
balles de golf tp5,1,12,8.33%,4.92
golf tarif,1,12,8.33%,6
tarif abonnement golf aix-les-bains,1,12,8.33%,8.58
tour special srixon,1,12,8.33%,9.33
promotion balle de golf,1,12,8.33%,25.75
vitesse golf,1,11,9.09%,4.55
balle de golf titleist avx,1,11,9.09%,4.82
balles golf pas cher,1,11,9.09%,6.45
balle golf vice pro,1,11,9.09%,7.27
grade golf,1,10,10%,2.2
srixon 4 golf balls,1,10,10%,2.4
balles de golf usagées à vendre,1,10,10%,3.3
callaway soft chrome,1,10,10%,3.7
inesis tour 900 vs pro v1,1,10,10%,6.3
calculateur handicap golf gratuit,1,10,10%,11
compression golf ball,1,10,10%,14.2
calendrier de l'avent taylormade,1,9,11.11%,2
golf île maurice tarif,1,9,11.11%,2
ball test,1,9,11.11%,5.89
srixon q star divide,1,9,11.11%,8.78
golf open us,1,9,11.11%,9.11
decathlon balle de golf,1,9,11.11%,9.67
balle tp5x,1,8,12.5%,3.62
magasin article de golf,1,8,12.5%,4.5
seixon ad333,1,8,12.5%,7
avx titleist golf balls,1,8,12.5%,7.38
balles taylormade tour response,1,8,12.5%,13.25
vitesse swing golf fer 7,1,7,14.29%,1.14
50 balles de golf,1,7,14.29%,1.71
golfiel,1,7,14.29%,2.29
titleist 4 pro v1x,1,7,14.29%,2.57
calendrier de l’avent golf,1,7,14.29%,2.71
golf anglet tarifs,1,7,14.29%,3.57
titleist soft tour golf balls,1,7,14.29%,3.86
q star tour balls,1,7,14.29%,4.29
taylor made tp5 x,1,7,14.29%,4.57
callaway supersoft vs srixon ad333,1,7,14.29%,4.71
callaway chrome.soft,1,7,14.29%,4.86
vente balle de golf occasion,1,6,16.67%,1.5
titleist pro v1x compression,1,6,16.67%,2.33
golf de vaugouard tarifs,1,6,16.67%,3.17
golf vitesse de swing,1,6,16.67%,3.17
pink golf balls,1,6,16.67%,3.33
callaway chrome soft compression,1,6,16.67%,3.67
wilson duo soft compression,1,6,16.67%,3.83
calaway chrome soft,1,6,16.67%,4
calaway super soft,1,6,16.67%,4.33
vitesse de club golf,1,6,16.67%,4.33
tour soft compression,1,6,16.67%,5.5
srixon q star tour 5,1,6,16.67%,6.67
golf ball compression chart 2026,1,6,16.67%,8.67
golf norges tarif,1,5,20%,2
golf marseille tarif,1,5,20%,2.2
titlest prov1,1,5,20%,3.2
titeleist pro v1,1,5,20%,3.8
titleist avc,1,5,20%,3.8
choix balle de golf,1,5,20%,4
tp5 taylormade golf balls,1,5,20%,4.8
srixon ad333 vs callaway supersoft,1,5,20%,5
taylormade tp 5,1,5,20%,5
golf ball orange,1,4,25%,1.75
pro v1x compression,1,4,25%,2.5
balls test,1,4,25%,4.25
swing golf ralenti,1,4,25%,4.25
golf ball tp5,1,4,25%,4.75
magasin golf france,1,4,25%,4.75
prov1 compression,1,4,25%,7.5
pro v1 titleist golf balls,1,4,25%,8
titleist avx rct,1,4,25%,12.25
wilson duo soft red,1,4,25%,13
taylore made,1,4,25%,13.25
calendrier de l'avent 2025 golf,1,3,33.33%,1
golf 4 domaines tarifs,1,3,33.33%,1
golf indoor,1,3,33.33%,1.33
balle de golf trust,1,3,33.33%,2
compression balle golf,1,3,33.33%,2
greensome golf,1,3,33.33%,2
tarif golf chiberta,1,3,33.33%,2
tempo swing golf,1,3,33.33%,2
ad333 tour golf balls,1,3,33.33%,2.33
vice 1 golf ball,1,3,33.33%,2.33
golf ball test,1,3,33.33%,3
golf de saint-jean-de-monts photos,1,3,33.33%,3
golf advent calendar,1,3,33.33%,3.33
golf valescure,1,3,33.33%,3.67
srixon star,1,3,33.33%,3.67
balle de golf srixon 3,1,3,33.33%,4
balle golf tp5,1,3,33.33%,4
srixion q star,1,3,33.33%,4.33
peo v1,1,3,33.33%,6
titleist pro v1 2026,1,3,33.33%,6
pro v1 recycled golf balls,1,3,33.33%,8.67
wilson dx2 golf balls,1,3,33.33%,25
balle de golf compression 70,1,2,50%,1
balle de golf compression 90,1,2,50%,2
balles volvik,1,2,50%,2
chrome soft compression,1,2,50%,2
golf ball compression swing speed chart,1,2,50%,2
golf rive-sud carte,1,2,50%,2
taylormade speedsoft compression,1,2,50%,2
tiger woods ball,1,2,50%,2
golf balls taylormade tp5x,1,2,50%,2.5
golf cherbourg tarif,1,2,50%,2.5
taylormade tps5,1,2,50%,2.5
vice pro ball,1,2,50%,2.5
golf balls on sale,1,2,50%,3
golf balls second hand,1,2,50%,3
golf de rochefort tarifs,1,2,50%,3
golf soufflenheim tarif,1,2,50%,3
rb tour golf ball,1,2,50%,3
swing scottie scheffler,1,2,50%,3
z star ball,1,2,50%,3
golf limoges tarif,1,2,50%,3.5
seixon q star,1,2,50%,3.5
ball filler,1,2,50%,4
golf gueux tarif,1,2,50%,4
supersoft balls,1,2,50%,4.5
golf de champlong tarif,1,2,50%,5
tp5 compression rating,1,2,50%,5
where can i buy golf balls,1,2,50%,7.5
golf de fontainebleau prix green fee,1,2,50%,9.5
tirleist avx,1,2,50%,9.5
balle de golf rolex prix neuf,1,2,50%,10.5
tp5 darts,1,2,50%,11.5
e12 contact compression,1,1,100%,1
golf ball compression impact,1,1,100%,1
golf balls with 70 compression,1,1,100%,1
1ère série golf index,1,1,100%,2
bourgenay golf club photos,1,1,100%,2
brad faxon,1,1,100%,2
bridgestone e6 compression,1,1,100%,2
callaway paradym,1,1,100%,2
compression callaway chrome soft,1,1,100%,2
effortless swing golf,1,1,100%,2
magasin seconde main,1,1,100%,2
maxfli tour s,1,1,100%,2
pro v1 pro v1x difference,1,1,100%,2
spin golf définition,1,1,100%,2
srixon q star tour lake balls,1,1,100%,2
swin golf,1,1,100%,2
taylormade tp5 vs srixon z star,1,1,100%,2
titleist pro vix,1,1,100%,2
titleist tour soft ball,1,1,100%,2
tour soft titleist compression,1,1,100%,2
golf lys chantilly tarifs,1,1,100%,3
refurbished golf,1,1,100%,3
swing tempo golf,1,1,100%,3
titleist ball promotion,1,1,100%,3
titleist tour aoft,1,1,100%,3
vetement golf decathlon,1,1,100%,3
golf balls srixon z star,1,1,100%,4
golf de cabourg,1,1,100%,4
golf du coudray montceaux,1,1,100%,4
golf hammamet prix,1,1,100%,4
golf matt kuchar,1,1,100%,4
golf national travaux,1,1,100%,4
golf royan tarif,1,1,100%,4
golf saint jean de luz,1,1,100%,4
mac il roy,1,1,100%,4
set de golf wilson,1,1,100%,4
slope 130 golf,1,1,100%,4
srxon,1,1,100%,4
tarif golf forêt d'orient,1,1,100%,4
titleist tour soft golf ball compression,1,1,100%,4
coca cola golf swing tempo,1,1,100%,5
golf de raray,1,1,100%,5
pro v1 used golf balls,1,1,100%,5
tarif golf epherra,1,1,100%,5
titleist pro avx golf balls,1,1,100%,5
tp5pix,1,1,100%,5
vice fireball tracer,1,1,100%,6
carte cadeau golf town,1,1,100%,7
golf d'aix les bains,1,1,100%,7
sac de golf avec roues intégrées,1,1,100%,7
wilson stripe golf ball,1,1,100%,7
eurogolf la garde,1,1,100%,9
golf saint emilion tarif,1,1,100%,10
callaway,0,2447,0%,12.95
balles,0,1745,0%,14.22
balles titleist,0,954,0%,18.5
srixon golf,0,782,0%,12.52
balles srixon,0,768,0%,17.64
mon index golf,0,615,0%,8.97
product,0,518,0%,2.11
balle,0,485,0%,11.05
us open 2025 golf,0,476,0%,7.13
taylormade,0,458,0%,20.37
balles de golf novelty,0,442,0%,39.55
balles de golf d'entraînement,0,386,0%,45.85
golf rose,0,379,0%,8.66
golf balls,0,357,0%,26.37
boule de golf,0,332,0%,7.11
marque balle de golf,0,328,0%,15.7
poids balle de golf,0,326,0%,11.49
balle de,0,325,0%,7.86
balles de golf wilson,0,295,0%,12.18
100 balles,0,275,0%,9.7
balle rose,0,264,0%,6.76
us open de golf,0,261,0%,10.92
balles de golf promotionnelles,0,255,0%,36.42
balle de golf personnalisée,0,253,0%,56.06
promo golf,0,246,0%,24.57
des balles,0,245,0%,8.14
golf magasin,0,243,0%,8.16
meilleure balle,0,235,0%,13.54
balles golf titleist,0,229,0%,13.68
vitesse balle golf,0,226,0%,13.81
balle nike,0,222,0%,8.64
tp5 taylormade,0,219,0%,3.91
golf us open,0,205,0%,10.22
comment compter les points au golf,0,198,0%,56.12
balle de couleur,0,195,0%,3.51
balles de golf bridgestone,0,193,0%,18.51
balles taylormade,0,192,0%,11.95
handicap golf,0,191,0%,27.08
ballon golf,0,190,0%,6.78
balle de golf rolex prix,0,188,0%,9.81
balles de golf logotées,0,184,0%,61.67
golf ballon,0,183,0%,5.3
balle de golf rare,0,182,0%,7.46
balles de golf personnalisées,0,174,0%,55.44
balle et birdie,0,173,0%,45.53
balles promotion golf,0,169,0%,10.02
balles de golf pour débutants,0,167,0%,12.75
marque inesis,0,163,0%,07.02
carte de score golf,0,152,0%,28.07
matiere balle de golf,0,149,0%,35.85
vitesse de balle de golf,0,146,0%,5.35
balle golf personnalisée,0,138,0%,62.47
golf,0,136,0%,4.46
marque de balle de golf,0,136,0%,6.68
magasins de golf,0,136,0%,10.21
vice pro,0,133,0%,5.95
handicap golf calcul,0,133,0%,12.32
soft chrome,0,128,0%,8.25
balle de golf en gros,0,127,0%,6.4
replay golf,0,127,0%,38.13
balle orange,0,126,0%,02.03
balle couleur,0,120,0%,4.17
équipement de golf,0,119,0%,14.92
composition balle de golf,0,119,0%,51.95
poids balle golf,0,118,0%,5.72
balle golf rolex prix,0,118,0%,10.38
nike golf,0,116,0%,25.66
une balle de golf,0,115,0%,7.42
balles de golf callaway occasion,0,115,0%,10.01
balles de golf srixon ad333,0,114,0%,5.75
balles golf wilson,0,114,0%,8.24
ballon de golf,0,112,0%,3.43
callaway golf,0,111,0%,15.44
sous la balle de golf,0,110,0%,5.73
balle bridgestone,0,109,0%,6.84
balle de golf logotée,0,107,0%,58.78
balles golf occasion pas cher,0,106,0%,4.73
prix de balle de golf,0,105,0%,9.48
handicap au golf,0,105,0%,40.81
calcul de l'index au golf,0,104,0%,9.13
golf index,0,104,0%,18.9
balle de golf second chance,0,102,0%,5.41
index golf matériel,0,102,0%,16.3
golfcontact,0,102,0%,26.43
volume balle de golf,0,101,0%,4.95
balle wilson,0,101,0%,11.72
index au golf,0,101,0%,12.86
balle de golf vitesse,0,100,0%,15.35
accessoires de golf personnalisés,0,99,0%,20.26
comment s'appelle la balle de golf,0,99,0%,44.12
balle golf taylormade,0,98,0%,12.04
score au golf,0,98,0%,54.2
balles vice,0,96,0%,5.56
mes balles de golf,0,96,0%,10.53
des balles et des birdies,0,95,0%,22.96
balle golf logo,0,94,0%,64.57
balles de golf pour entreprise,0,93,0%,36.12
special,0,92,0%,11.48
calcul de l index au golf,0,91,0%,19.12
chaussures de golf haut de gamme sur mesure,0,91,0%,41.91
compression golf ball chart,0,91,0%,68.64
callaway balles de golf,0,90,0%,9.86
golf ball compression charts,0,90,0%,68.28
prix balle,0,89,0%,6.73
magasin ouvert,0,88,0%,2.33
titleist golf,0,88,0%,15.19
meilleur balle,0,87,0%,5.84
golf jaune,0,85,0%,9.31
balle de golf entreprise,0,84,0%,5.19
classement index golf france,0,84,0%,12.15
wilson golf,0,83,0%,34.12
chrome soft triple track,0,81,0%,7.42
balles de,0,81,0%,08.05
balles de golf haut de gamme,0,81,0%,9.95
balle de golf vitesse maximale,0,80,0%,22.1
clubs de golf callaway,0,80,0%,45.83
"tu es le moteur d'analyse du swing analyzer 9ua compétitif. mission: 
analyser une vidéo de swing de baseball pour un joueur 9ua et générer deux 
niveaux de coaching: 1. vue joueur (9 ans) : simple, positif, 1 correction 
max, cue mémorisable. 2. vue coach :",0,78,0%,02.08
inesis balle de golf,0,78,0%,3.63
taylormade balle de golf,0,78,0%,10.86
tableau balle de golf,0,77,0%,3.79
us open 2025 golf offres hospitalités,0,77,0%,12.86
golf proshop,0,77,0%,14.16
balle de golf occasion aaa,0,76,0%,5.57
score differentiel golf,0,76,0%,8.95
srixon ad333 avis,0,76,0%,12.74
srixon golf balls,0,76,0%,27.2
balle de golf usagé,0,74,0%,6.24
inessis,0,73,0%,6.53
balles golf taylormade,0,73,0%,10.48
golf handicap,0,73,0%,62.49
taylormade golf,0,72,0%,33.94
prix d'une balle,0,70,0%,5.59
des birdies et des balles,0,70,0%,26.1
souliers golf,0,70,0%,33.9
golf occasion,0,69,0%,10.78
promotion balles de golf,0,69,0%,13.67
titleist balles,0,68,0%,12.32
compresser fers golf,0,68,0%,89.91
photo balle de golf,0,67,0%,2.22
titleist balle,0,67,0%,8.49
tableau handicap golf,0,67,0%,19.49
magasin,0,65,0%,2.25
chaussures de golf pas cher,0,65,0%,25.94
taylormade golf balls,0,64,0%,8.75
serviettes golf,0,64,0%,14.8
meilleur balle de golf qualité-prix,0,62,0%,4.82
wilson 2,0,61,0%,8.15
callaway supersoft avis,0,61,0%,9.95
balle de golf jaune fluo,0,60,0%,4.83
balles de golf couleur occasion,0,60,0%,6.72
titleist golf balls,0,60,0%,10.4
golf shop,0,60,0%,12.57
tour special golf balls,0,60,0%,14.37
balles de golf occasion le bon coin,0,60,0%,20.95
les balles de golf,0,59,0%,05.02
fitleist,0,59,0%,12.58
24 mix,0,58,0%,5.38
nike balls golf,0,58,0%,09.05
balles wilson,0,57,0%,31.47
matériel de golf pas cher,0,57,0%,47.46
supersoft,0,55,0%,5.35
balle de golf range prix,0,55,0%,12.31
vainqueur us open golf 2025,0,55,0%,12.47
nike golf balls,0,55,0%,34.87
taylor made,0,55,0%,38.71
balle de golf top flite,0,55,0%,53.95
la balle de golf,0,54,0%,6.44
equipement de golf,0,54,0%,11.48
lot de balle,0,54,0%,16.61
balle de golf beegolf,0,54,0%,25.2
vitesse max balle de golf,0,54,0%,55.69
inesis golf prix,0,53,0%,07.08
indice golf,0,53,0%,8.32
balles srixon ad333 personnalisées,0,53,0%,28.43
chaussures de golf de qualité sur mesure,0,53,0%,38.53
insesis,0,52,0%,6.35
balles de golf soft,0,52,0%,6.54
vitesse d une balle de golf,0,52,0%,15.25
carte de score parcours de golf,0,52,0%,43
composition d'une balle de golf,0,52,0%,56.1
balles taylor made,0,51,0%,8.1
golf vienne,0,51,0%,9.12
whs,0,51,0%,9.22
tarif golf national,0,51,0%,10.1
golf wilson,0,51,0%,15.04
jeu de golf pas cher,0,51,0%,20.14
taylormade tp5 golf balls,0,50,0%,4.72
ffgolf calcul index,0,50,0%,9.96
golf achat,0,50,0%,24.26
balles de couleurs,0,49,0%,4.65
balle de golf la plus cher,0,49,0%,6.18
balles de golf taylor made personnalisées,0,49,0%,25.39
balle de golf prix unité,0,48,0%,5.1
taylor made tp5x,0,48,0%,5.38
v1x,0,48,0%,06.04
balle de golf occasion prix,0,48,0%,7
golf national tarif,0,48,0%,9.79
vêtements de golf,0,48,0%,18.5
q-star,0,47,0%,5.74
prix balle de golf srixon,0,47,0%,7.15
titleist france,0,47,0%,8.51
balles chrome soft personnalisées,0,46,0%,47.13
golfbalhengels,0,46,0%,83.74
balle de golf titleist pro v1x,0,45,0%,5.27
pro v1 balls,0,45,0%,6.2
u.s. open golf 2025,0,45,0%,7.11
comment calculer son handicap au golf,0,45,0%,10.22
taylormade balle,0,45,0%,10.78
tarif golf,0,45,0%,13.56
balles hommes golf,0,45,0%,16.11
acheter clubs de golf,0,45,0%,16.33
compression chart for golf balls,0,45,0%,68.07
tous les lots,0,44,0%,6.57
matériel de golf,0,44,0%,17.34
vetements de golf,0,44,0%,17.77
balles tour soft personnalisées,0,44,0%,42.45
compression chart golf balls,0,44,0%,67.84
ball of golf,0,43,0%,3.28
golfiller pappers,0,43,0%,3.91
titleist tour soft golf balls,0,43,0%,4.42
slopes golf,0,43,0%,5.58
inesid,0,43,0%,6.47
balle titleist velocity,0,43,0%,08.02
index golf ffg,0,43,0%,8.16
balles de golf pas cheres,0,43,0%,9.65
balle de golf wilson premium,0,43,0%,10.21
golf couleur,0,43,0%,14.02
balles de golf de qualité,0,43,0%,17.72
golf+,0,43,0%,17.95
balle de golf lumineuse,0,43,0%,21.23
balle de golf personnalisée pas cher,0,43,0%,35.33
titleist prov1x,0,42,0%,4
tour 900,0,42,0%,05.02
vice ball,0,42,0%,5.38
ma balle de golf,0,42,0%,7.6
callaway balles,0,42,0%,08.05
balles srixon qstar personnalisées,0,42,0%,37.67
calculette handicap de jeu golf,0,41,0%,05.05
srixon ad333 golf balls,0,41,0%,5.17
balle de golf titleist velocity,0,41,0%,5.37
balle de golf marque,0,41,0%,7.95
balles de golf taylor made,0,41,0%,9.66
balles de golf occasion decathlon,0,41,0%,9.9
v1 pro,0,41,0%,13.37
produit golf,0,41,0%,25.51
titlest pro v1,0,40,0%,4.17
bridgestone golf balls,0,40,0%,8.78
golf titleist,0,40,0%,17.6
balles golf personnalisées,0,40,0%,57.08
whs golf,0,39,0%,5.67
original golf balls,0,39,0%,7.69
srixon golf ball,0,39,0%,13.49
interieur balle de golf,0,39,0%,14.9
promotions golf,0,39,0%,17.41
balles de golf vice pro,0,38,0%,4.79
golf store,0,38,0%,10.26
wilson dx2 optix,0,38,0%,12.66
classement index golf,0,38,0%,19.5
accessoires de golf pas cher,0,38,0%,26.68
balle de golf poids,0,38,0%,61.26
magasin ouvert le 1er mai,0,37,0%,6.11
balle wilson duo soft,0,37,0%,6.65
shop golf,0,37,0%,18.68
calculette index,0,36,0%,03.06
balle de golf srixon q star tour,0,36,0%,4.86
balle de golf tour special soft feeling,0,36,0%,5.94
inesis golf park,0,36,0%,6.64
calculette ffg,0,36,0%,7.86