Pages les plus populaires,Les 3 derniers mois Clics,Même période l'année dernière Clics,Les 3 derniers mois Impressions,Même période l'année dernière Impressions,Les 3 derniers mois CTR,Même période l'année dernière CTR,Les 3 derniers mois Position,Même période l'année dernière Position
https://www.victoriagarden.com/evenements-bordeaux-2026/,1181,0,36747,0,3.21%,0%,6.53,0
https://www.victoriagarden.com/destination/appart-hotel-bordeaux-centre/,714,1269,32893,121462,2.17%,1.04%,9.84,25.32
https://www.victoriagarden.com/appart-hotel-au-mois/,321,0,12367,0,2.6%,0%,8.57,0
https://www.victoriagarden.com/destination/visiter-pau/,269,432,10881,43129,2.47%,1%,7.85,20.44
https://www.victoriagarden.com/evenements-pau-2026/,254,0,5901,0,4.3%,0%,6.94,0
https://www.victoriagarden.com/,246,452,14585,37427,1.69%,1.21%,06.02,15.64
https://www.victoriagarden.com/restaurant-etoile-bordeaux/,159,4,23279,1668,0.68%,0.24%,10.55,33.95
https://www.victoriagarden.com/en/destination/bordeaux/,110,134,3237,6535,3.4%,2.05%,8.26,17.82
https://www.victoriagarden.com/les-meilleures-boulangeries-de-pau/,78,8,17163,1646,0.45%,0.49%,9.22,31.36
https://www.victoriagarden.com/apparthotel-a-pau-au-mois/,78,0,1805,0,4.32%,0%,12.05,0
https://www.victoriagarden.com/es/destino/appart-hotel-bordeaux-centro/,77,55,1963,2233,3.92%,2.46%,5.58,10.15
https://www.victoriagarden.com/monuments-bordeaux/,76,41,9348,7707,0.81%,0.53%,7.69,12.52
https://www.victoriagarden.com/appart-hotel-place-de-la-victoire-bordeaux/,38,0,7480,0,0.51%,0%,9.63,0
https://www.victoriagarden.com/trouvez-votre-appart-hotel-a-bordeaux-avec-parking/,38,0,4297,0,0.88%,0%,12.23,0
https://www.victoriagarden.com/chateau-de-france/,36,13,4559,2511,0.79%,0.52%,10.44,29.32
https://www.victoriagarden.com/es/destino/pau/,36,54,1055,2719,3.41%,1.99%,10,15.22
https://www.victoriagarden.com/faq-appart-hotel/,28,25,1008,11239,2.78%,0.22%,16.6,8.35
https://www.victoriagarden.com/apparthotel-pour-5-personnes-a-bordeaux/,26,0,1104,0,2.36%,0%,10.72,0
https://www.victoriagarden.com/meilleurs-rooftops-bordeaux/,24,0,4537,3474,0.53%,0%,13.6,45.21
https://www.victoriagarden.com/appart-hotel-pas-cher-a-pau/,23,0,4582,0,0.5%,0%,11.95,0
https://www.victoriagarden.com/en/,20,29,3333,20688,0.6%,0.14%,9.19,8.24
https://www.victoriagarden.com/en/destination/visit-pau/,20,40,1474,8371,1.36%,0.48%,10.03,22.95
https://www.victoriagarden.com/es/,18,22,1228,13517,1.47%,0.16%,8.1,8.94
https://www.victoriagarden.com/nos-offres-demploi/,17,10,114,855,14.91%,1.17%,15.17,41.94
https://www.victoriagarden.com/apparthotel-pour-4-personnes-a-bordeaux/,16,0,991,0,1.61%,0%,13.96,0
https://www.victoriagarden.com/reservez-votre-prochain-hotel-pour-votre-seminaire/,15,0,5606,0,0.27%,0%,23.37,0
https://www.victoriagarden.com/apparthotel-pour-3-personnes-a-bordeaux/,13,0,659,0,1.97%,0%,15.64,0
https://www.victoriagarden.com/trouver-une-salle-de-formation-a-bordeaux/,12,0,1845,0,0.65%,0%,07.02,0
https://www.victoriagarden.com/vous-cherchez-ou-sejourner-pres-de-larkea-arena-a-bordeaux/,11,0,2753,0,0.4%,0%,10.85,0
https://www.victoriagarden.com/hotel-salle-de-reunion-bordeaux/,11,0,1558,0,0.71%,0%,24.21,0
https://www.victoriagarden.com/offres-speciales/,10,12,840,6550,1.19%,0.18%,18.29,16.18
https://www.victoriagarden.com/mentions-legales/,10,2,292,42,3.42%,4.76%,12.7,11.67
https://www.victoriagarden.com/apparthotel-a-moins-de-100-euros-la-nuit-a-pau/,7,0,2136,0,0.33%,0%,8.52,0
https://www.victoriagarden.com/top-5-des-meilleurs-bars-a-vin-de-bordeaux/,7,7,1247,3212,0.56%,0.22%,18.11,31.49
https://www.victoriagarden.com/en/faq/,7,9,388,1445,1.8%,0.62%,19.71,28.23
https://www.victoriagarden.com/appart-hotel-pour-groupe-a-bordeaux/,6,0,981,0,0.61%,0%,15.5,0
https://www.victoriagarden.com/victoria-garden-manifesto/,6,6,704,15229,0.85%,0.04%,14.31,7.81
https://www.victoriagarden.com/en/our-job-opportunities/,6,4,466,41,1.29%,9.76%,13.38,9.44
https://www.victoriagarden.com/apartment/suite-junior-appart-hotel-pau/,6,11,352,5852,1.7%,0.19%,29.11,12.93
https://www.victoriagarden.com/appart-hotel-moins-de-100-euros-la-nuit-a-bordeaux/,5,0,1233,0,0.41%,0%,10.24,0
https://www.victoriagarden.com/apartment/studio-superieur-appart-hotel-bordeaux/,5,8,1069,2805,0.47%,0.29%,20.42,19.98
https://www.victoriagarden.com/es/preguntas-frecuentes-appart-hotel/,5,8,192,659,2.6%,1.21%,22.66,20.29
https://www.victoriagarden.com/appart-hotel-pour-65-euros-la-nuit-a-bordeaux-cest-possible/,4,0,467,0,0.86%,0%,10.38,0
https://www.victoriagarden.com/entreprises-et-groupes/,4,4,445,524,0.9%,0.76%,10.97,22.86
https://www.victoriagarden.com/cout-sejour-bordeaux/,4,0,300,0,1.33%,0%,14.04,0
https://www.victoriagarden.com/budget-sejour-pau/,3,0,739,0,0.41%,0%,6.93,0
https://www.victoriagarden.com/votre-sejour-en-apparthotel-a-bordeaux-en-juillet/,3,0,395,0,0.76%,0%,11.22,0
https://www.victoriagarden.com/en/apartment/twin-studio-apartment-hotel-bordeaux/,3,3,309,833,0.97%,0.36%,23.62,20.72
https://www.victoriagarden.com/chambre-pmr-bordeaux/,3,0,189,0,1.59%,0%,7.19,0
https://www.victoriagarden.com/apartment/studio-double-appart-hotel-pau/,2,42,1617,5975,0.12%,0.7%,16.03,9.27
https://www.victoriagarden.com/apartment/studios-communicants-bordeaux/,2,8,513,1591,0.39%,0.5%,36.86,20.36
https://www.victoriagarden.com/en/special-offers/,2,3,427,439,0.47%,0.68%,13.37,16.24
https://www.victoriagarden.com/apartment/suite-executive-appart-hotel-bordeaux/,2,13,413,11749,0.48%,0.11%,32.5,11.79
https://www.victoriagarden.com/apartment/studio-double-appart-hotel-bordeaux/,2,8,357,1063,0.56%,0.75%,17.88,16.01
https://www.victoriagarden.com/guide-saint-valentin-ou-sortir-et-diner-en-amoureux-a-bordeaux-et-pau/,2,0,303,0,0.66%,0%,10.99,0
https://www.victoriagarden.com/en/apartment/studio-double-apart-hotel-bordeaux/,2,3,266,621,0.75%,0.48%,35.52,16.87
https://www.victoriagarden.com/apartment/studio-terrasse-appart-hotel-bordeaux/,2,5,240,1321,0.83%,0.38%,26.86,20.45
https://www.victoriagarden.com/parc-des-expositions-bordeaux/,2,1,238,830,0.84%,0.12%,13.32,21.57
https://www.victoriagarden.com/apparthotel-pour-5-personnes-a-pau/,2,0,238,0,0.84%,0%,20.67,0
https://www.victoriagarden.com/appart-hotel-pour-groupe-a-pau/,2,0,228,0,0.88%,0%,16.63,0
https://www.victoriagarden.com/en/apartment/studio-twin-beds-appart-hotel-bordeaux/,2,3,225,625,0.89%,0.48%,31.75,10.89
https://www.victoriagarden.com/trouver-un-apparthotel-au-coeur-du-bearn/,2,0,209,0,0.96%,0%,13.85,0
https://www.victoriagarden.com/wp-content/uploads/2023/04/CSR-Charter.pdf,2,4,133,390,1.5%,1.03%,09.05,21.9
https://www.victoriagarden.com/en/companies-and-groups/,2,6,127,183,1.57%,3.28%,33.39,32.57
https://www.victoriagarden.com/en/apartment/studio-triple-appart-hotel-bordeaux/,2,2,127,875,1.57%,0.23%,39.49,15.17
https://www.victoriagarden.com/hotel-bordeaux-tour-de-france/,2,0,125,0,1.6%,0%,08.08,0
https://www.victoriagarden.com/apparthotel-bordeaux-en-juin-location-des-72e-nuit/,2,0,111,0,1.8%,0%,24.22,0
https://www.victoriagarden.com/conditions-generales-de-ventes/,2,9,103,237,1.94%,3.8%,8.38,30.26
https://www.victoriagarden.com/en/apartment/connecting-studios-bordeaux/,2,2,74,615,2.7%,0.33%,28.7,15.17
https://www.victoriagarden.com/votre-chambre-en-apparthotel-a-bordeaux-janvier/,2,0,64,0,3.12%,0%,22.22,0
https://www.victoriagarden.com/apparthotel-derniere-minute-bordeaux/,1,0,688,0,0.15%,0%,11.29,0
https://www.victoriagarden.com/apartment/studio-triple-appart-hotel-bordeaux/,1,4,545,921,0.18%,0.43%,20.12,14.62
https://www.victoriagarden.com/es/empresas-y-grupos/,1,12,350,1357,0.29%,0.88%,7.64,13.29
https://www.victoriagarden.com/hotel-pas-cher-bordeaux/,1,0,239,0,0.42%,0%,13.41,0
https://www.victoriagarden.com/airbnb-ou-appart-hotel-a-bordeaux-lequel-est-vraiment-le-moins-cher/,1,0,225,0,0.44%,0%,8.2,0
https://www.victoriagarden.com/apartment/studio-lits-jumeaux-appart-hotel-bordeaux/,1,8,209,1351,0.48%,0.59%,27.21,23.45
https://www.victoriagarden.com/apartment/studio-twin-appart-hotel-pau/,1,3,202,1696,0.5%,0.18%,17.53,26.06
https://www.victoriagarden.com/en/apartment/studio-twin-appart-hotel-pau/,1,1,142,867,0.7%,0.12%,23.96,18.03
https://www.victoriagarden.com/apparthotel-pour-6-personnes-a-bordeaux/,1,0,120,0,0.83%,0%,10.05,0
https://www.victoriagarden.com/blog/,1,0,113,12830,0.88%,0%,28.54,7.31
https://www.victoriagarden.com/hotel-ou-appart-hotel-a-bordeaux-le-comparatif-complet-2026/,1,0,66,0,1.52%,0%,13.24,0
https://www.victoriagarden.com/en/apartment/junior-suite-apartment-hotel-pau/,1,2,66,529,1.52%,0.38%,41.82,20.2
https://www.victoriagarden.com/es/ofertas-especiales/,1,0,56,189,1.79%,0%,24.66,18.15
https://www.victoriagarden.com/es/apartment/studio-double-appart-hotel-bordeaux/,1,0,48,16,2.08%,0%,23.15,8.75
https://www.victoriagarden.com/carte-cadeau-victoria-garden/,1,1,47,78,2.13%,1.28%,8.28,18.97
https://www.victoriagarden.com/apparthotel-bordeaux-en-fevrier/,1,0,31,0,3.23%,0%,37.58,0
https://www.victoriagarden.com/votre-sejour-en-apparthotel-a-bordeaux-en-septembre/,1,0,15,0,6.67%,0%,7.33,0
https://www.victoriagarden.com/studio-hotel-bordeaux-centre/,1,0,12,0,8.33%,0%,5.17,0
https://www.victoriagarden.com/es/apartment/suite-junior-appart-hotel-pau/,1,0,9,0,11.11%,0%,4.78,0
https://www.victoriagarden.com/top-10-des-avantages-des-apparthotel-victoria-garden-a-bordeaux/,0,0,365,664,0%,0%,15.29,57.94
https://www.victoriagarden.com/appart-hotel-moins-de-150-euros-la-nuit-a-bordeaux/,0,0,337,0,0%,0%,12.33,0
https://www.victoriagarden.com/en/general-sales-conditions/,0,0,233,67,0%,0%,9.24,13.99
https://www.victoriagarden.com/en/manifesto/,0,0,168,74,0%,0%,8.25,14.08
https://www.victoriagarden.com/es/nos-services/,0,0,154,0,0%,0%,18.38,0
https://www.victoriagarden.com/musee-du-vin-bordeaux/,0,0,143,529,0%,0%,8.47,26.53
https://www.victoriagarden.com/en/apartment/executive-suite-appart-hotel-bordeaux/,0,2,136,1047,0%,0.19%,24.33,14.18
https://www.victoriagarden.com/es/nuestras-ofertas-de-empleo/,0,1,101,34,0%,2.94%,9.13,32.59
https://www.victoriagarden.com/es/victoria-garden-manifestio/,0,0,94,0,0%,0%,9.31,0
https://www.victoriagarden.com/en/apartment/studio-superior-appart-hotel-bordeaux/,0,2,77,652,0%,0.31%,63.77,13.73
https://www.victoriagarden.com/comparatif-hebergement-bordeaux/,0,0,68,0,0%,0%,10.06,0
https://www.victoriagarden.com/en/apartment/studio-terrace-appart-hotel-bordeaux/,0,0,47,809,0%,0%,17.23,13.85
https://www.victoriagarden.com/es/condiciones-generales-de-venta/,0,0,43,39,0%,0%,9.91,13.67
https://www.victoriagarden.com/en/apartment/studio-double-apart-hotel-pau/,0,0,43,843,0%,0%,14.51,18.21
https://www.victoriagarden.com/en/declaration-de-confidentialite/,0,0,38,0,0%,0%,14.53,0
https://www.victoriagarden.com/es/apartment/estudio-doble-superior-appart-hotel-pau/,0,0,29,0,0%,0%,10.03,0
https://www.victoriagarden.com/es/avisos-legales/,0,0,23,0,0%,0%,7.57,0
https://www.victoriagarden.com/en/politique-de-cookies/,0,0,23,0,0%,0%,11.35,0
https://www.victoriagarden.com/chambre-dhotel-a-bordeaux-en-novembre/,0,0,21,0,0%,0%,22.76,0
https://www.victoriagarden.com/declaration-de-confidentialite/,0,0,20,0,0%,0%,24.55,0
https://www.victoriagarden.com/reserver-une-chambre-en-apparthotel-a-bordeaux-en-decembre/,0,0,16,0,0%,0%,23.56,0
https://www.victoriagarden.com/wp-content/uploads/2024/11/AdobeStock_692064887-scaled.jpeg,0,0,12,0,0%,0%,16.75,0
https://www.victoriagarden.com/politique-de-cookies/,0,0,9,0,0%,0%,13.56,0
https://www.victoriagarden.com/category/couple/,0,0,7,4,0%,0%,6.14,10
https://www.victoriagarden.com/reserver-votre-chambre-hotel-daffaire-en-plein-coeur-de-bordeaux-centre/,0,0,7,0,0%,0%,7.71,0
https://www.victoriagarden.com/es/apartment/studio-twin-appart-hotel-pau/,0,0,7,0,0%,0%,8.14,0
https://www.victoriagarden.com/apartment/suite-junior-appart-hotel-pau/?ved=1t:202767&ictx=111,0,0,7,0,0%,0%,21.71,0
https://www.victoriagarden.com/es/apartment/estudio-triple-appart-hotel-burdeos/,0,0,7,0,0%,0%,26.57,0
https://www.victoriagarden.com/apartment/studio-double-appart-hotel-pau/?ved=1t:202767&ictx=111,0,0,6,0,0%,0%,7.67,0
https://www.victoriagarden.com/wp-content/uploads/2024/11/chateau-scaled.jpeg,0,0,5,0,0%,0%,26,0
https://www.victoriagarden.com/es/apartment/estudio-terraza-appart-hotel-buerdos/,0,0,4,0,0%,0%,3.5,0
https://www.victoriagarden.com/blog/page/2/,0,0,3,0,0%,0%,11.67,0
https://www.victoriagarden.com/hotels/victoria-garden-bordeaux/,0,0,2,0,0%,0%,2.5,0
https://www.victoriagarden.com/es/apartment/estudio-camas-apartamento-hotel-burdeos/,0,0,2,219,0%,0%,7,14.83
https://www.victoriagarden.com/es/apartment/estudio-superior-appart-hotel-burdeos/,0,0,2,0,0%,0%,8.5,0
https://www.victoriagarden.com/category/articles/,0,0,2,0,0%,0%,10,0
https://www.victoriagarden.com/destination/visiter-pau/?ved=1t:202767&ictx=111,0,0,1,0,0%,0%,2,0
https://www.victoriagarden.com/apartment/studio-twin-appart-hotel-pau/?ved=1t:202767&ictx=111,0,0,1,0,0%,0%,6,0
https://www.victoriagarden.com/votre-sejour-en-apparthotel-a-bordeaux-en-aout/,0,0,1,0,0%,0%,8,0
https://www.victoriagarden.com/es/apartment/suite-ejecutiva-apart-hotel-bordeaux/,0,0,1,0,0%,0%,10,0
https://www.victoriagarden.com/en/apartment/studio-double-apart-hotel-pau/?ved=1t:202767&ictx=111,0,0,1,0,0%,0%,12,0
https://www.victoriagarden.com/wp-content/uploads/2020/09/Entrée-2-930x620.jpg,0,0,1,0,0%,0%,14,0
https://www.victoriagarden.com/wp-content/uploads/2020/10/Appart-Hotel-Bordeaux-Suite-studio.jpg,0,0,1,0,0%,0%,21,0
https://www.victoriagarden.com/wp-content/uploads/2020/08/E32I2J6FHGDBNVUTTNSBMJUO5A.jpg,0,0,1,0,0%,0%,38,0
https://www.victoriagarden.com/job/receptionniste-polyvalent/,0,1,0,9,0%,11.11%,0,15.44
https://www.victoriagarden.com/job/renfort-petit-dejeuner/,0,0,0,10,0%,0%,0,20.4
https://www.victoriagarden.com/job/femme-valet-de-chambre/,0,0,0,4,0%,0%,0,31.5
https://www.victoriagarden.com/es/category/friend-es/,0,0,0,1,0%,0%,0,34