Requêtes les plus fréquentes,Les 3 derniers mois Clics,Même période l'année dernière Clics,Les 3 derniers mois Impressions,Même période l'année dernière Impressions,Les 3 derniers mois CTR,Même période l'année dernière CTR,Les 3 derniers mois Position,Même période l'année dernière Position
victoria garden bordeaux,260,408,2734,3225,9.51%,12.65%,4.83,1.77
victoria garden bordeaux centre,153,237,2781,2430,5.5%,9.75%,7.33,2.73
victoria garden,102,190,2217,2919,4.6%,6.51%,7.31,13.55
festival bordeaux 2026,83,0,2375,0,3.49%,0%,05.09,0
victoria garden pau,79,144,1232,1298,6.41%,11.09%,6.1,1.75
fete du vin bordeaux 2026,52,0,2359,0,2.2%,0%,5.74,0
evenement bordeaux juin 2026,41,0,182,0,22.53%,0%,3.29,0
fête du vin bordeaux 2026,37,0,1107,0,3.34%,0%,5.54,0
appart hotel bordeaux,34,72,5606,10546,0.61%,0.68%,8.39,9.3
hotel victoria garden bordeaux,31,66,689,723,4.5%,9.13%,8.35,1.93
feux d'artifice bordeaux 2026,31,0,266,0,11.65%,0%,2.7,0
fete de la musique pau 2026,26,0,233,0,11.16%,0%,04.02,0
appart hotel pau,20,29,1986,2502,1.01%,1.16%,6.84,4.96
fete de la musique bordeaux 2026,19,0,1229,0,1.55%,0%,6.34,0
appart'hôtel victoria garden bordeaux,19,42,372,452,5.11%,9.29%,1.73,1.6
appart'hôtel victoria garden pau,18,68,431,793,4.18%,8.58%,2.59,1.81
festival bordeaux mai 2026,18,0,243,0,7.41%,0%,4.3,0
restaurant gastronomique bordeaux,17,0,3074,75,0.55%,0%,11.55,62.56
événements bordeaux 2026,17,0,455,0,3.74%,0%,4.93,0
restaurant étoilé bordeaux,16,0,4197,124,0.38%,0%,10.02,32.88
appart'hotel victoria garden pau,16,21,783,593,2.04%,3.54%,14.61,1.71
bordeaux fete le vin 2026,15,0,975,0,1.54%,0%,6.12,0
appart'hôtel victoria garden bordeaux centre *** photos,15,0,225,0,6.67%,0%,1.19,0
evenement bordeaux 2026,15,0,157,0,9.55%,0%,4.33,0
feu d'artifice bordeaux 2026,14,0,165,0,8.48%,0%,3.47,0
appart hôtel bordeaux au mois pas cher,13,0,194,22,6.7%,0%,2.98,20.68
hotel au mois bordeaux,12,1,252,183,4.76%,0.55%,8.94,15.05
hotel victoria garden pau,11,13,427,313,2.58%,4.15%,8.51,1.86
appart hotel victoria garden pau,11,20,361,339,3.05%,5.9%,16.9,1.58
location au mois pau,11,0,164,0,6.71%,0%,2.86,0
hotel victoria garden,10,11,245,291,4.08%,3.78%,7.64,6.36
victoria garden hotel bordeaux,10,8,129,161,7.75%,4.97%,7.25,1.78
appart'hôtel victoria garden bordeaux centre ***,10,8,124,138,8.06%,5.8%,1.65,2.12
fete de la musique 2026 pau,10,0,114,0,8.77%,0%,05.04,0
boulangerie pau,9,0,7896,102,0.11%,0%,9.43,36.63
rooftop bordeaux,9,0,1792,1010,0.5%,0%,14.98,50.81
fête de la musique bordeaux 2026,9,0,275,0,3.27%,0%,5.25,0
hotel victoria bordeaux,9,11,269,223,3.35%,4.93%,14.75,1.73
apparthotel victoria garden bordeaux,9,4,135,126,6.67%,3.17%,3.43,2.13
fete de la musique 2026 bordeaux,8,0,688,0,1.16%,0%,07.07,0
location au mois bordeaux,8,0,383,0,2.09%,0%,5.35,0
appart hôtel victoria garden pau,8,0,112,0,7.14%,0%,4.69,0
victoria garden burdeos,8,3,102,125,7.84%,2.4%,11.46,4.47
événement bordeaux juin 2026,8,0,47,0,17.02%,0%,3.13,0
restaurant bordeaux gastronomique,7,0,1270,1,0.55%,0%,11.95,73
appart hôtel bordeaux pas cher longue durée,7,0,439,33,1.59%,0%,5.91,15.91
location au mois bordeaux pas cher,7,0,411,0,1.7%,0%,7.18,0
appart hotel victoria pau,7,19,266,208,2.63%,9.13%,3.59,1.64
appart hotel victoria bordeaux,7,30,239,306,2.93%,9.8%,16.79,1.86
fête de la musique pau 2026,7,0,148,0,4.73%,0%,5.61,0
127 cours de la somme bordeaux,7,9,130,214,5.38%,4.21%,2.93,2.35
appart hotel pau victoria garden,7,17,79,145,8.86%,11.72%,3.56,2.1
appart hotel bordeaux centre,6,8,1029,796,0.58%,1.01%,7.4,9.18
fête de la musique 2026 bordeaux,6,0,639,0,0.94%,0%,7.11,0
restaurant gastro bordeaux,6,0,570,0,1.05%,0%,11.2,0
logement temporaire bordeaux,6,0,395,0,1.52%,0%,8.15,0
meilleur restaurant gastronomique bordeaux,6,0,361,1,1.66%,0%,8.84,76
festival musique bordeaux 2026,6,0,356,0,1.69%,0%,6.82,0
victoria gardens,6,5,257,325,2.33%,1.54%,14.09,30.46
programme foire expo pau 2026,6,0,204,0,2.94%,0%,6.82,0
fete bordeaux 2026,6,0,148,0,4.05%,0%,3.57,0
meilleure boulangerie pau,6,0,145,41,4.14%,0%,4.34,17.32
festival a bordeaux 2026,6,0,90,0,6.67%,0%,4.76,0
appart hotel bordeaux au mois,6,0,83,43,7.23%,0%,6.41,15.28
hotel victoria garden bordeaux centre,6,3,75,100,8%,3%,2.4,4.51
appart hôtel bordeaux,5,9,901,1556,0.55%,0.58%,11.01,10.62
apparthotel bordeaux,5,16,889,2124,0.56%,0.75%,9.4,9.7
ete a pau 2026,5,0,362,0,1.38%,0%,8.9,0
appart hotel victoria garden bordeaux,5,15,346,250,1.45%,6%,14.96,2.13
victoria hotel bordeaux,5,6,171,110,2.92%,5.45%,21.7,1.76
appart'hôtel victoria garden bordeaux centre,5,22,149,121,3.36%,18.18%,7.39,1.36
appart hôtel victoria garden bordeaux,5,4,147,63,3.4%,6.35%,9.59,2.3
appart'hôtel victoria garden pau photos,5,0,145,0,3.45%,0%,1.39,0
festival bordeaux juin 2026,5,0,124,0,4.03%,0%,5.8,0
appart hotel au mois bordeaux,5,1,116,143,4.31%,0.7%,3.38,14.75
hôtel victoria garden bordeaux,5,8,101,62,4.95%,12.9%,6.48,1.92
appart hôtel bordeaux au mois,5,0,92,34,5.43%,0%,2.96,12.94
agenda bordeaux 2026,5,0,66,0,7.58%,0%,5.38,0
bordeaux fête le vin 2026,4,0,361,0,1.11%,0%,6.47,0
restaurant etoilé bordeaux,4,0,279,8,1.43%,0%,8.59,31
hotel au mois,4,0,237,1,1.69%,0%,10.76,27
appart hotel victoria garden,4,11,212,135,1.89%,8.15%,22.71,1.65
victoria garden hotel,4,5,202,460,1.98%,1.09%,8.66,14.29
hôtel au mois 500 euros bordeaux,4,1,185,154,2.16%,0.65%,8.29,10.88
été à pau programmation 2026,4,0,152,0,2.63%,0%,08.01,0
logement temporaire pau,4,0,145,0,2.76%,0%,8.36,0
appart'hotel victoria garden bordeaux,4,8,131,240,3.05%,3.33%,3.57,2.3
evenement bordeaux mai 2026,4,0,115,0,3.48%,0%,06.03,0
appart hotel bordeaux centre ville,4,0,107,69,3.74%,0%,7.7,7.9
appart'hôtel victoria garden,4,9,97,99,4.12%,9.09%,8.9,02.08
les monuments de bordeaux,4,1,66,85,6.06%,1.18%,3.94,9.58
festivals bordeaux 2026,4,0,56,0,7.14%,0%,4.5,0
victoriagarden,4,7,52,53,7.69%,13.21%,8.77,8.98
fête bordeaux 2026,4,0,45,0,8.89%,0%,2.89,0
festival bordeaux ete 2026,4,0,36,0,11.11%,0%,4.5,0
festival bordeaux avril 2026,4,0,31,0,12.9%,0%,5,0
evenement bordeaux juillet 2026,4,0,27,0,14.81%,0%,3.15,0
victoria appartement,4,0,13,4,30.77%,0%,4.15,44.75
evenement pau 2026,4,0,13,0,30.77%,0%,4.85,0
monument bordeaux,3,3,1030,621,0.29%,0.48%,7.3,8.45
restaurant etoile bordeaux,3,0,801,37,0.37%,0%,9.93,36.3
monuments bordeaux,3,1,627,339,0.48%,0.29%,6.74,10.92
apparthotel pau,3,0,380,253,0.79%,0%,12.67,5.82
hotel bordeaux centre,3,1,375,851,0.8%,0.12%,15.93,29.01
restaurant 1 étoile bordeaux,3,0,273,25,1.1%,0%,9.25,32.92
location temporaire bordeaux,3,0,252,0,1.19%,0%,08.08,0
appart hotel au mois,3,0,201,0,1.49%,0%,9.63,0
fete du vin 2026,3,0,183,0,1.64%,0%,6.82,0
apart hotel pau,3,1,135,181,2.22%,0.55%,6.52,5.72
feria bordeaux 2026,3,0,129,0,2.33%,0%,6.55,0
hotel cours de la somme bordeaux,3,2,127,72,2.36%,2.78%,14.91,2.94
location courte durée bordeaux,3,0,120,0,2.5%,0%,14.27,0
appart hotel longue durée bordeaux,3,0,107,123,2.8%,0%,8.38,15.33
prix appart hotel au mois,3,0,96,0,3.12%,0%,7.95,0
hôtel au mois 600 euros bordeaux,3,0,96,6,3.12%,0%,9.56,36.5
meilleur restaurant étoilé bordeaux,3,0,94,0,3.19%,0%,7.65,0
forfait hôtel au mois bordeaux,3,1,93,90,3.23%,1.11%,4.75,11.47
appart hôtel bordeaux longue durée,3,0,78,42,3.85%,0%,4.17,23.95
bordeaux evenements 2026,3,0,76,0,3.95%,0%,5.13,0
aparthotel victoria garden burdeos,3,2,56,114,5.36%,1.75%,2.7,05.09
bordeaux juin 2026,3,0,49,0,6.12%,0%,4.65,0
festival de bordeaux 2026,3,0,43,0,6.98%,0%,4.16,0
logement au mois bordeaux,3,0,38,0,7.89%,0%,6.11,0
appart hôtel au mois pas cher,3,0,25,0,12%,0%,3.92,0
logement au mois,3,0,25,0,12%,0%,4.8,0
événements bordeaux juin 2026,3,0,16,0,18.75%,0%,04.06,0
boulangerie,2,0,2374,0,0.08%,0%,8.14,0
patisserie pau,2,0,597,0,0.34%,0%,11.19,0
foire de pau 2026,2,0,314,0,0.64%,0%,6.78,0
appart hôtel pau,2,1,304,240,0.66%,0.42%,7.66,5
resto gastro bordeaux,2,0,238,0,0.84%,0%,11.48,0
victoria bordeaux,2,2,220,208,0.91%,0.96%,12.5,3.73
hotel pau,2,2,207,2033,0.97%,0.1%,22.29,23.91
appartement hotel pau,2,0,190,175,1.05%,0%,14.01,5.86
apparthotel bordeaux centre,2,2,182,247,1.1%,0.81%,8.2,9.11
resto etoile bordeaux,2,0,169,13,1.18%,0%,10.24,36
appart'hôtel bordeaux centre,2,0,160,32,1.25%,0%,9.81,10.19
bordeaux festival 2026,2,0,155,0,1.29%,0%,6.55,0
restaurant gastronomique gironde,2,0,149,0,1.34%,0%,10.29,0
salle formation bordeaux,2,0,135,0,1.48%,0%,5.43,0
feu d'artifice bordeaux 14 juillet 2026,2,0,134,0,1.49%,0%,5.6,0
appart hôtel bordeaux centre,2,3,131,283,1.53%,1.06%,7.46,10.39
avis sur appart hôtel victoria garden,2,0,124,0,1.61%,0%,5.52,0
restaurant 1 etoile bordeaux,2,0,122,21,1.64%,0%,9.61,35.24
fete du vin 2026 bordeaux,2,0,108,0,1.85%,0%,5.62,0
appart hotel pau centre,2,0,106,180,1.89%,0%,8.31,7.2
bordeaux 2026,2,0,101,0,1.98%,0%,3.88,0
hotel bordeaux 4 personnes,2,0,99,20,2.02%,0%,7.63,9.45
appart' hôtel bordeaux centre,2,0,86,24,2.33%,0%,7.73,10.79
location 1 mois bordeaux,2,0,85,0,2.35%,0%,6.19,0
hotel victoria garden burdeos,2,3,83,103,2.41%,2.91%,04.08,05.07
meilleur boulangerie pau,2,0,82,16,2.44%,0%,4.89,30.12
fete de vin bordeaux 2026,2,0,80,0,2.5%,0%,6.86,0
festival bordeaux juillet 2026,2,0,75,0,2.67%,0%,6.73,0
fete du fleuve 2026,2,0,70,0,2.86%,0%,10.17,0
appart hotel bordeaux au mois pas cher,2,0,69,8,2.9%,0%,8.42,14.62
les châteaux de france,2,0,69,15,2.9%,0%,10.25,22
festival bordeaux aout 2026,2,0,68,0,2.94%,0%,6.81,0
aparthotel victoria garden bordeaux,2,7,65,99,3.08%,7.07%,4.74,03.04
hotel longue durée bordeaux,2,0,61,93,3.28%,0%,7.39,18.69
aparthotel victoria garden pau,2,9,57,104,3.51%,8.65%,1.84,2.83
monument bordeaux historique,2,0,55,61,3.64%,0%,7.15,7.9
bordeaux 8 mai 2026,2,0,54,0,3.7%,0%,6.76,0
bordeaux mai 2026,2,0,54,0,3.7%,0%,07.02,0
evenement bordeaux avril 2026,2,0,53,0,3.77%,0%,6.38,0
festival 2026 bordeaux,2,0,51,0,3.92%,0%,4.78,0
chef étoilé bordeaux,2,0,51,18,3.92%,0%,10.96,36.39
hotel victoria pau,2,9,35,89,5.71%,10.11%,2.6,1.98
appart hotel cours de la somme bordeaux,2,3,28,56,7.14%,5.36%,02.07,1.84
fete de pau 2026,2,0,26,0,7.69%,0%,5.96,0
bordeaux fete le fleuve 2026,2,0,18,0,11.11%,0%,9.5,0
fetes de pau 2026,2,0,10,0,20%,0%,1.3,0
location longue durée pau,2,0,7,0,28.57%,0%,9.57,0
victoria gar,2,0,7,0,28.57%,0%,21.43,0
appartement hotel bordeaux,1,2,783,1177,0.13%,0.17%,10.8,10.4
aparthotel bordeaux,1,1,720,852,0.14%,0.12%,11.64,17.23
bordeaux monuments,1,0,554,215,0.18%,0%,7.14,18.25
apart hotel bordeaux,1,4,500,1051,0.2%,0.38%,11.3,10.32
hotel bordeaux avec parking,1,0,378,147,0.26%,0%,12.09,14.38
meilleur rooftop bordeaux,1,0,359,358,0.28%,0%,10.45,32.64
restaurant étoilé gironde,1,0,286,7,0.35%,0%,11.83,60.29
salle de formation bordeaux,1,0,265,0,0.38%,0%,6.88,0
chambre à louer pau,1,0,218,0,0.46%,0%,8.53,0
restaurants étoilés bordeaux,1,0,214,19,0.47%,0%,10.07,36.42
hotel appartement bordeaux,1,0,187,200,0.53%,0%,11.12,10.67
hôtel bordeaux centre avec parking,1,0,168,0,0.6%,0%,11.49,0
rooftop bordeaux cité du vin,1,0,160,118,0.62%,0%,12.67,29.65
hotel derniere minute bordeaux,1,0,156,0,0.64%,0%,08.09,0
hôtel bordeaux avec parking,1,0,145,0,0.69%,0%,10.16,0
hotel a bordeaux avec parking,1,0,144,31,0.69%,0%,13.49,15.16
monuments de bordeaux,1,1,141,145,0.71%,0.69%,4.18,8.28
appart hôtel victoria garden,1,0,122,3,0.82%,0%,04.03,1
victoria garden appart hotel bordeaux,1,0,120,0,0.83%,0%,32.57,0
restaurant étoilé bordeaux et alentours,1,0,114,0,0.88%,0%,11.04,0
la fete du vin bordeaux 2026,1,0,111,0,0.9%,0%,06.09,0
pâtisserie pau,1,0,111,3,0.9%,0%,12.57,58
hotel salle de reunion bordeaux,1,0,109,0,0.92%,0%,10.8,0
bordeaux monuments historiques,1,1,97,90,1.03%,1.11%,11.18,11.44
patissier pau,1,0,89,14,1.12%,0%,10.08,59.57
etoile bordeaux restaurant,1,0,88,2,1.14%,0%,9.76,41
aparthotel pau,1,1,86,144,1.16%,0.69%,6.67,7.74
foire au vin bordeaux 2026,1,0,84,0,1.19%,0%,6.43,0
pau boulangerie,1,0,83,5,1.2%,0%,7.48,36.2
etoilé bordeaux,1,0,79,8,1.27%,0%,10.34,31.5
chateaux francais,1,0,73,51,1.37%,0%,9.4,11.1
foire du vin bordeaux 2026,1,0,72,0,1.39%,0%,6.21,0
appart hotel long sejour bordeaux,1,0,72,136,1.39%,0%,11.08,13.65
appart hotel bordeau,1,1,70,159,1.43%,0.63%,8.49,10.72
restaurant chic bordeaux,1,0,69,0,1.45%,0%,10.91,0
appart hotel a bordeaux,1,1,68,103,1.47%,0.97%,13.94,10.69
tous les châteaux de france,1,1,66,7,1.52%,14.29%,9.95,61
meilleur restaurant gastronomique gironde,1,0,66,0,1.52%,0%,11.89,0
chambre a louer pau,1,0,64,0,1.56%,0%,8,0
hôtel au mois 500 euros,1,0,62,10,1.61%,0%,11.66,16.7
restaurant etoile bordeaux centre,1,0,60,4,1.67%,0%,8.4,23.75
restaurants gastronomiques bordeaux,1,0,60,0,1.67%,0%,10.65,0
hôtel au mois,1,0,57,0,1.75%,0%,8.67,0
programme ete a pau 2026,1,0,57,0,1.75%,0%,9.65,0
apart hotel victoria,1,0,57,192,1.75%,0%,23.67,11.99
appart hotel bordeaux gare saint jean,1,4,54,102,1.85%,3.92%,9.57,8.25
monument historique bordeaux carte,1,0,54,11,1.85%,0%,10.07,17.73
victoria's garden,1,7,54,71,1.85%,9.86%,17.83,8.9
restaurant bordeaux etoile,1,0,53,6,1.89%,0%,10.72,38.17
bar rooftop bordeaux,1,0,53,334,1.89%,0%,23.66,49.5
restaurant etoile,1,0,51,0,1.96%,0%,9.37,0
resto gastronomique bordeaux,1,0,51,1,1.96%,0%,11.61,101
meilleur patisserie pau,1,0,51,185,1.96%,0%,12.35,28.19
appartement hotel bordeaux centre,1,0,51,0,1.96%,0%,14.59,0
meilleurs rooftop bordeaux,1,0,50,7,2%,0%,8.32,16.86
plan appart hotel,1,2,49,64,2.04%,3.12%,1,1
étoilé bordeaux,1,0,48,0,2.08%,0%,8.71,0
lété à pau 2026,1,0,47,0,2.13%,0%,9.4,0
victoria gardens hotels,1,0,47,129,2.13%,0%,17.02,23.19
hôtel pau,1,0,47,601,2.13%,0%,22.68,25.53
hotel location au mois,1,0,46,0,2.17%,0%,11.65,0
appart hotel bordeaux gare,1,0,44,134,2.27%,0%,7.95,8.18
gastro bordeaux restaurant,1,0,44,0,2.27%,0%,10.73,0
hotel centre bordeaux,1,0,44,155,2.27%,0%,19.82,38.61
bordeaux festivals 2026,1,0,42,0,2.38%,0%,5.36,0
châteaux de france,1,0,42,21,2.38%,0%,10.05,31.29
forfait hôtel au mois,1,0,42,0,2.38%,0%,16.88,0
fête de la musique 2026 pau,1,0,41,0,2.44%,0%,6.22,0
foire pau 2026,1,0,39,0,2.56%,0%,7.38,0
hôtel meublé au mois,1,0,39,0,2.56%,0%,8.95,0
appart'hôtel victoria garden bordeaux centre *** fotos,1,0,38,0,2.63%,0%,2.71,0
hotel bordeaux 3 personnes,1,0,38,0,2.63%,0%,3.13,0
louer salle de formation bordeaux,1,0,38,0,2.63%,0%,3.79,0
hôtel bordeaux,1,0,38,576,2.63%,0%,49.66,34.88
hôtel au mois pas cher,1,0,37,0,2.7%,0%,4.92,0
studio hotel bordeaux,1,1,36,34,2.78%,2.94%,21.92,13.18
restaurant de luxe bordeaux,1,0,35,0,2.86%,0%,10.54,0
hotel parking bordeaux,1,0,34,28,2.94%,0%,10.38,14.79
chateau les plus visités de france,1,0,32,0,3.12%,0%,10.16,0
foire expo pau 2026,1,0,31,0,3.23%,0%,8.42,0
hotel bordeaux centre avec parking gratuit,1,0,31,28,3.23%,0%,24.61,12.96
garden victoria,1,4,30,28,3.33%,14.29%,5.53,6.75
hotel avec parking bordeaux centre,1,0,30,10,3.33%,0%,12.43,13.2
hotel bordeaux centre-ville,1,0,28,46,3.57%,0%,10.57,41.35
restaurant gastronomique a bordeaux,1,0,28,4,3.57%,0%,12.32,59.25
festival bordeaux quinconces 2026,1,0,27,0,3.7%,0%,8.85,0
date casetas pau 2026,1,0,26,0,3.85%,0%,8.73,0
meilleurs restaurants gastronomiques bordeaux,1,0,24,0,4.17%,0%,12.46,0
victoria garden bordeaux avis,1,2,23,103,4.35%,1.94%,6,6.79
fete vin bordeaux 2026,1,0,23,0,4.35%,0%,7,0
hotel a louer au mois,1,0,23,0,4.35%,0%,10.17,0
restaurant romantique pau,1,0,22,0,4.55%,0%,13.36,0
fete du fleuve bordeaux 2026,1,0,21,0,4.76%,0%,9.38,0
epicuriales bordeaux 2026,1,0,21,0,4.76%,0%,11.24,0
fete pau 2026,1,0,20,0,5%,0%,3.5,0
feria pau 2026,1,0,19,0,5.26%,0%,7.63,0
concert bordeaux juillet 2026,1,0,18,0,5.56%,0%,9.72,0
location 3 mois bordeaux,1,0,18,0,5.56%,0%,10.11,0
logement courte durée bordeaux,1,0,18,0,5.56%,0%,11.83,0
restaurant chef etoilé bordeaux,1,0,17,8,5.88%,0%,9.41,31.62
restaurant gastronomique,1,0,17,0,5.88%,0%,10.24,0
location hôtel au mois,1,0,17,0,5.88%,0%,10.59,0
appart hotel location longue durée,1,0,17,0,5.88%,0%,13.65,0
événement bordeaux 2026,1,0,16,0,6.25%,0%,3.19,0
hotel 30 € la nuit,1,0,16,0,6.25%,0%,5.69,0
victoria garden appart hotel,1,3,16,62,6.25%,4.84%,29.88,1.5
pau 2026,1,0,15,0,6.67%,0%,07.07,0
châteaux français,1,0,15,6,6.67%,0%,8.93,23.33
chambre d'hôtel au mois,1,0,15,0,6.67%,0%,14.53,0
double studio,1,0,15,1,6.67%,0%,22.33,4
logement pmr bordeaux,1,0,14,0,7.14%,0%,7.86,0
victoria garden centre,1,0,14,17,7.14%,0%,9.79,45
victoria garden jobs,1,0,13,2,7.69%,0%,9.38,4.5
les chateaux francais,1,0,13,0,7.69%,0%,10.23,0
appart hotel bordeaux meriadeck,1,0,13,9,7.69%,0%,27.23,55.33
salon bordeaux juin 2026,1,0,11,0,9.09%,0%,3.73,0
victoria garden apartments,1,0,11,18,9.09%,0%,6.45,15
bordeaux avril 2026,1,0,10,0,10%,0%,5.2,0
château célèbre france,1,0,10,9,10%,0%,10,16.44
hotel nansouty bordeaux,1,0,9,14,11.11%,0%,9.89,15.79
fete a bordeaux 2026,1,0,8,0,12.5%,0%,2,0
bordeaux appart hotel centre ville,1,0,8,0,12.5%,0%,7.38,0
restaurant 5 etoile bordeaux,1,0,8,0,12.5%,0%,9.12,0
victora garden,1,0,6,7,16.67%,0%,5.17,2.57
bordeaux events june 2026,1,0,4,0,25%,0%,1,0
louer une chambre au mois,1,0,4,0,25%,0%,3,0
chambre à louer au mois pas cher,1,0,4,0,25%,0%,4.75,0
appartement au mois,1,0,4,0,25%,0%,5.5,0
bordeaux music festival 2026,1,0,4,0,25%,0%,8.5,0
appartement hotel bordeaux centre ville,1,1,4,49,25%,2.04%,14,8.69
monument a visiter bordeaux,1,0,3,0,33.33%,0%,11.33,0
victoria garden pau france,1,0,2,0,50%,0%,1,0
événements juillet 2026,1,0,2,0,50%,0%,1,0
festival vin bordeaux,1,0,2,0,50%,0%,2,0
hotel near me,1,0,2,0,50%,0%,2,0
bordeaux wine week,1,0,2,0,50%,0%,3.5,0
feria burdeos 2026,1,0,2,0,50%,0%,9.5,0
studios bordeaux,1,0,2,5,50%,0%,18.5,68.2
appart hotel recrutement,1,1,2,10,50%,10%,20,10.8
bordeaux wine festival,1,0,1,0,100%,0%,1,0
festival de musique juin 2026,1,0,1,0,100%,0%,1,0
studio superior,1,0,1,0,100%,0%,1,0
bordeaux events 2026,1,0,1,0,100%,0%,2,0
foire expo pau,1,0,1,0,100%,0%,4,0
boulangerie pati,1,0,1,0,100%,0%,8,0
hotel pau pas cher,0,0,1323,196,0%,0%,12.34,23.59
hotel seminaire bordeaux,0,0,619,0,0%,0%,11.66,0
location salle de formation bordeaux,0,0,538,0,0%,0%,5.38,0
appart-hôtels bordeaux,0,0,529,704,0%,0%,11.34,12.9
hotel pas cher pau,0,0,423,88,0%,0%,11.81,28.1
bordeaux appart hotel,0,2,420,769,0%,0.26%,12.01,10.81
hôtel pour groupes à bordeaux,0,0,335,210,0%,0%,06.04,62.19
hotel victoria,0,3,331,984,0%,0.3%,12.48,49.64
hôtel pour séminaire,0,0,307,0,0%,0%,21.48,0
hotel bordeaux centre avec parking,0,5,292,498,0%,1%,13.88,11.87
monument historique bordeaux,0,1,287,282,0%,0.35%,7.97,10.8
hotel séminaire bordeaux,0,0,286,0,0%,0%,11.95,0
hotel séminaire,0,0,280,0,0%,0%,20.56,0
boulangerie autour de moi,0,0,267,0,0%,0%,10.79,0
seminaire bordeaux,0,0,258,0,0%,0%,29.88,0
hotel bordeaux,0,2,256,3614,0%,0.06%,24.26,42.09
salle seminaire bordeaux,0,0,250,0,0%,0%,34,0
hotel seminaire,0,0,242,0,0%,0%,31.43,0
salle de formation,0,0,239,0,0%,0%,5.3,0
roof bordeaux,0,0,226,319,0%,0%,21.84,49.77
louer chambre hotel au mois,0,0,224,16,0%,0%,13.17,91.38
meilleur bar à vin bordeaux,0,1,222,304,0%,0.33%,21.02,13.6
hébergement séminaire,0,0,221,0,0%,0%,35.91,0
boulangerie pau autour de moi,0,0,216,0,0%,0%,09.08,0
etoile bordeaux,0,0,216,3,0%,0%,9.53,23.33
hotel pour seminaire,0,0,214,0,0%,0%,15.77,0
hotel appart bordeaux,0,0,210,301,0%,0%,11.83,11.91
chambre d hôtel à louer au mois,0,0,204,0,0%,0%,12.33,0
séminaire bordeaux,0,0,203,0,0%,0%,34.23,0
meilleure pâtisserie pau,0,1,200,196,0%,0.51%,10.23,29.46
appart hotel victoria,0,1,193,270,0%,0.37%,13.22,07.05
appart hotel pas cher bordeaux,0,0,189,180,0%,0%,11.35,14.82
appartehotel location entreprise,0,0,189,0,0%,0%,31.34,0
hotel avec parking bordeaux,0,0,185,129,0%,0%,13.61,17.74
chateau de france,0,0,184,84,0%,0%,12.48,44.58
hôtel pas cher pau,0,0,184,64,0%,0%,14.25,32.55
hotel bordeaux centre ville,0,1,184,530,0%,0.19%,26.97,42.3
bar a vin bordeaux,0,0,181,421,0%,0%,23.45,43.49
bar à vin bordeaux,0,0,174,598,0%,0%,17.88,39.32
château de france,0,0,173,74,0%,0%,10.86,34.53
apparthôtel+victoria+garden+bordeaux+centre,0,0,172,170,0%,0%,02.08,2.38
hotel proche arkea arena bordeaux,0,0,164,0,0%,0%,11.45,0
cozy apartment hotel bordeaux center,0,0,164,0,0%,0%,29.98,0
restaurant bordeaux étoilé,0,0,163,20,0%,0%,10.57,33.95
hôtel victoria photos,0,0,161,0,0%,0%,9.39,0
appart hôtel à bordeaux,0,0,156,158,0%,0%,9.82,11.13
salle de réunion bordeaux,0,0,156,0,0%,0%,31.83,0
bordeaux monument,0,0,155,90,0%,0%,7.41,8.81
hôtel bordeaux centre,0,0,151,300,0%,0%,20.03,35.58
gastronomique bordeaux,0,0,150,7,0%,0%,11.26,69.71
appartement hôtel bordeaux,0,1,149,169,0%,0.59%,13.56,10.82
restaurant 3 étoiles bordeaux,0,0,142,9,0%,0%,12.26,27
hotel studio bordeaux,0,1,142,71,0%,1.41%,19.94,13.2
boulangerie à proximité,0,0,139,0,0%,0%,9.5,0
hôtel avec salle de réunion,0,0,138,0,0%,0%,25.34,0
salles de réunion bordeaux,0,0,138,0,0%,0%,26.85,0
place monumentale de bordeaux,0,0,137,0,0%,0%,8.29,0
l'été à pau 2026,0,0,137,0,0%,0%,8.98,0
long séjour bordeaux,0,0,134,0,0%,0%,3.57,0
aparthotel bordeaux center,0,0,134,85,0%,0%,15.41,36.44
restaurant étoilé à bordeaux,0,0,132,20,0%,0%,10.68,28.4
victoria garden foch,0,0,129,94,0%,0%,12.08,11.43
hôtels bordeaux centre ville,0,0,128,505,0%,0%,24.12,86.87
fête du fleuve bordeaux 2026,0,0,127,0,0%,0%,10.15,0
été à pau 2026,0,0,126,0,0%,0%,8.63,0
fête du vin 2026,0,0,125,0,0%,0%,6.85,0
hôtels avec kitchenette bordeaux,0,0,125,99,0%,0%,12.08,12.36
meilleures patisseries pau,0,0,122,88,0%,0%,9.99,19.62
aparthotel victoria,0,0,121,268,0%,0%,17.13,10.16
guide monument historique bordeaux,0,0,119,122,0%,0%,7.72,8.16
chateaux de france,0,0,119,118,0%,0%,11.99,21.52
meilleur bar a vin bordeaux,0,0,119,530,0%,0%,21.46,13.16
nouveau festival bordeaux 2026,0,0,118,0,0%,0%,7.81,0
hotel avec salle de réunion,0,0,118,0,0%,0%,19.92,0
hôtels avec parking à bordeaux,0,0,117,247,0%,0%,12.01,23.79
hotel seminaire aquitaine,0,0,117,0,0%,0%,30.28,0
location appart hotel bordeaux,0,1,116,132,0%,0.76%,11.37,9.18
pau appart hotel,0,1,114,74,0%,1.35%,16.95,05.03
rooftop cite du vin,0,0,113,120,0%,0%,13.71,19.93
appart hôtel au mois,0,0,111,2,0%,0%,9.26,100
les pains en folie pau,0,0,110,1,0%,0%,7.23,16
hebergement pau,0,0,110,135,0%,0%,11.78,16.5
hotel meublé au mois,0,0,110,0,0%,0%,12.53,0
appart hotel floirac,0,0,109,149,0%,0%,14.3,64.19
hôtel chambre familiale 5 personnes,0,0,109,0,0%,0%,17.85,0
appart hotel a pau,0,0,109,32,0%,0%,20.59,5.47
hotel a pau pas cher,0,0,108,14,0%,0%,13.33,31.29
monument de bordeaux,0,1,105,129,0%,0.78%,4.67,10.47
victoria garden la ciotat,0,2,104,55,0%,3.64%,20.58,7.15
boulangerie à pau,0,0,101,5,0%,0%,8.59,26
hotel famille bordeaux,0,1,100,228,0%,0.44%,19.64,34.84
manifestive bordeaux 2026,0,0,99,0,0%,0%,8.84,0
restaurant luxe bordeaux,0,0,98,1,0%,0%,11.45,42
salle workshop bordeaux,0,0,97,0,0%,0%,20.13,0
boulangerie pau centre ville,0,0,96,3,0%,0%,7.44,70
appart hôtel pau pas cher,0,0,94,134,0%,0%,7.54,9.77
appart hotel victoria garden strasbourg,0,0,93,108,0%,0%,14.11,24.42
chambre hotel bordeaux,0,0,93,162,0%,0%,26.18,69.74
festival quinconces bordeaux 2026,0,0,92,0,0%,0%,8.61,0
restaurant une etoile bordeaux,0,0,92,8,0%,0%,10.12,37.5
appart hotel pau pas cher,0,0,92,0,0%,0%,20.52,0
hotel pour séminaire,0,0,91,0,0%,0%,25.34,0
fête de la fleur bordeaux 2026,0,0,89,0,0%,0%,8.6,0
etoile michelin bordeaux,0,0,87,12,0%,0%,10.36,36.58
location salle formation bordeaux,0,0,86,0,0%,0%,4.93,0
hotel bordeaux derniere minute,0,0,86,14,0%,0%,9.14,84.14
hotel bordeaux centre ville avec parking,0,0,86,46,0%,0%,16.86,14.13
hotel familiale bordeaux,0,0,86,191,0%,0%,21.29,35.02
hotel centre ville bordeaux,0,0,86,278,0%,0%,23.45,43.89
hotel centre bordeaux avec parking,0,1,84,57,0%,1.75%,16.7,13.77
hotel bordeaux centre avec parking privé,0,0,83,30,0%,0%,13.16,11
bordeaux la ciotat,0,0,83,184,0%,0%,35.16,29.16
monuments in bordeaux,0,0,81,32,0%,0%,4.43,17.78
location courte duree bordeaux,0,0,81,0,0%,0%,10.69,0
appart hotel bordeaux pas cher,0,0,81,50,0%,0%,18.36,18.56
séminaire hôtel,0,0,81,0,0%,0%,44.77,0
appart hotel plan,0,0,80,102,0%,0%,4.25,2.17
boulangerie near me,0,0,80,0,0%,0%,9.54,0
victoria gardens hotel,0,0,80,121,0%,0%,13.69,17.4
chateau francais,0,0,79,40,0%,0%,9.52,34.4
bordeaux restaurant étoilé,0,0,79,18,0%,0%,10.97,36.5
restaurant etoile gironde,0,0,79,1,0%,0%,12.22,63
top 3 restaurant gastronomique bordeaux,0,0,79,0,0%,0%,12.72,0
ou dormir à pau,0,0,79,129,0%,0%,16.22,21.77
hôtels séminaire entreprise,0,0,79,0,0%,0%,29.7,0
boulangerie patisserie pau,0,0,78,9,0%,0%,08.09,37.78
hôtel pour familles bordeaux,0,0,78,194,0%,0%,13.31,38.22
séjours groupe bordeaux,0,0,78,0,0%,0%,29.82,0
appart hôtel centre ville,0,0,78,0,0%,0%,40.47,0
appart'hôtel de luxe bordeaux centre,0,0,77,27,0%,0%,4.6,5.96
monuments historiques bordeaux,0,1,77,132,0%,0.76%,9.48,9.98
grand restaurant bordeaux,0,0,77,0,0%,0%,12.17,0
hotel reunion professionnelle,0,0,77,0,0%,0%,12.83,0
hebergement seminaire,0,0,77,0,0%,0%,28.18,0
location hotel mois bordeaux,0,0,76,86,0%,0%,8.38,14.97
appart'hotel bordeaux,0,4,76,201,0%,1.99%,8.72,8.67
appart hotel autour de moi,0,0,75,233,0%,0%,10.83,13.49
hôtel mensuel,0,0,75,118,0%,0%,13.2,95.15
twin room bordeaux,0,0,74,0,0%,0%,23.73,0
hébergement pau,0,0,73,102,0%,0%,13.37,22.63
appart'hôtel haut de gamme bordeaux centre,0,0,72,23,0%,0%,7.44,8.26
restaurant haut de gamme bordeaux,0,0,72,0,0%,0%,11.01,0
bordeaux fete du vin 2026,0,0,70,0,0%,0%,5.86,0
location au mois,0,0,70,0,0%,0%,7.21,0
location appartement mois bordeaux,0,0,70,0,0%,0%,11.57,0
rooftop,0,0,70,1,0%,0%,12.64,17
appart hotel victoria garden la ciotat,0,0,70,14,0%,0%,27,6.79
neck pain à pau,0,0,69,0,0%,0%,17.32,0
expo bordeaux 2026,0,0,68,0,0%,0%,11.13,0
restaurant classe bordeaux,0,0,67,0,0%,0%,10.93,0
bordeaux restaurant gastronomique,0,0,67,0,0%,0%,12.81,0
top 3 des meilleurs restaurants gastronomiques à bordeaux,0,0,67,0,0%,0%,21.01,0
fete le vin bordeaux 2026,0,0,66,0,0%,0%,6.83,0
restaurant etoile michelin bordeaux,0,0,66,8,0%,0%,8.89,31.5
resto étoilé bordeaux,0,0,66,0,0%,0%,9.82,0
séminaire hotel,0,0,65,0,0%,0%,29.51,0
hotel pour séminaire bordeaux,0,0,64,0,0%,0%,13.7,0
hôtel pau pas cher,0,0,64,61,0%,0%,14.7,39.44
salle séminaire hotel,0,0,64,0,0%,0%,16.38,0
meilleure patisserie pau,0,0,63,182,0%,0%,9.63,30.82
restaurant gastronomique à bordeaux,0,0,62,13,0%,0%,12.56,63.08
appart hotel nouvelle aquitaine,0,0,62,72,0%,0%,20.77,43.11
louer chambre d'hotel au mois,0,0,59,0,0%,0%,10.95,0
appart'hotel pau,0,0,58,104,0%,0%,7.79,5.19
restaurant étoilés bordeaux,0,0,58,14,0%,0%,10.16,31.93
hotel pour un mois,0,0,58,1,0%,0%,12.47,100
louer hotel au mois,0,0,58,7,0%,0%,13.76,95
hotel victoire bordeaux,0,0,57,75,0%,0%,7.4,6.4
foire aux vins bordeaux 2026,0,0,57,0,0%,0%,7.91,0
hôtels pour familles à bordeaux,0,0,57,267,0%,0%,17.49,49.86
appartement hotel longue duree,0,0,57,0,0%,0%,32.72,0
studio hotel mois,0,0,56,40,0%,0%,6.86,72.12
appart hotel piscine bordeaux,0,0,56,97,0%,0%,13.27,13.1
hotels pau pas cher,0,0,56,61,0%,0%,13.46,55.46
hotels pas cher pau,0,0,56,54,0%,0%,13.55,46.24
hotels a pau pas cher,0,0,56,32,0%,0%,13.98,44.25
salle de formation à bordeaux,0,0,55,0,0%,0%,5.33,0
restaurant etoile a bordeaux,0,0,55,11,0%,0%,10.55,27.36
l'etoile bordeaux,0,0,55,9,0%,0%,10.76,23.78
appart hôtel à pau,0,0,55,64,0%,0%,12.82,5.2
pau hotels pas cher,0,0,55,33,0%,0%,13.51,45.58
chambre bordeaux pas cher,0,0,55,5,0%,0%,18.65,56.8
hôtel victoria,0,0,55,545,0%,0%,31.49,50.52
parc des expositions bordeaux programme 2026,0,0,54,0,0%,0%,9.44,0
hotel bordeaux victoire,0,0,54,65,0%,0%,12.46,9.95
hotel bordeaux parking,0,0,54,35,0%,0%,13.41,24.66
salle de reunion bordeaux,0,0,54,0,0%,0%,35.48,0
appart hotel location au mois bordeaux,0,0,53,88,0%,0%,3.42,14.88
feu d'artifice bordeaux 22 mai 2026,0,0,53,0,0%,0%,6.19,0
hôtel avec parking bordeaux centre,0,0,53,1,0%,0%,11.53,13
hotels pas cher a pau,0,0,53,39,0%,0%,13.32,49.26
salle séminaire bordeaux,0,0,53,0,0%,0%,30.7,0
salle de conférence bordeaux,0,0,53,0,0%,0%,38.13,0
serviced apartments bordeaux,0,0,53,0,0%,0%,50.75,0
salle formation,0,0,52,0,0%,0%,9.17,0
monument à bordeaux,0,0,52,25,0%,0%,10.56,9.6
chambre hotel au mois,0,0,52,0,0%,0%,10.71,0
hotels pas chers pau,0,0,52,59,0%,0%,14.77,66.08
hotel autonome bordeaux,0,0,51,0,0%,0%,10.04,0
programme foire de bordeaux 2026,0,0,51,0,0%,0%,10.37,0
appart hotel centre ville bordeaux,0,0,51,59,0%,0%,16.69,7.56
hôtels avec balcon bordeaux,0,0,51,114,0%,0%,18.39,23.12
appart'hôtel+victoria+garden+pau,0,0,50,102,0%,0%,2,2.14
location hotel chambre mois,0,0,50,0,0%,0%,9.22,0
hotel appart bordeaux centre,0,0,50,0,0%,0%,10.52,0
louer un hotel au mois,0,0,50,4,0%,0%,11.02,96
restaurant gastronomique bordeaux centre,0,0,50,0,0%,0%,11.6,0
hotel bordeaux seminaire,0,0,50,0,0%,0%,13.4,0
garden view room bordeaux,0,0,50,0,0%,0%,53.32,0
residence hotel pau,0,0,49,95,0%,0%,6.35,5.83
séjour pau,0,0,49,0,0%,0%,12.12,0
chambre d hotel a louer au mois,0,0,49,0,0%,0%,12.31,0
salle de réunion équipée bordeaux,0,0,49,0,0%,0%,22,0
victoria pau,0,1,48,37,0%,2.7%,4.42,3.95
chambre hotel a louer au mois,0,0,48,0,0%,0%,9.71,0
hôtel séminaire bordeaux,0,0,48,0,0%,0%,13.75,0
appart hotel à bordeaux,0,0,48,60,0%,0%,15,11.5
salle de séminaire hotel,0,0,48,0,0%,0%,20.27,0
quel hôtel à bordeaux dispose d'un parking sécurisé pour les clients ?,0,0,47,0,0%,0%,04.04,0
airbnb bordeaux prix,0,0,47,0,0%,0%,08.02,0
chambre familiale 5 personnes,0,0,47,0,0%,0%,8.34,0
hotel loue chambre au mois,0,0,47,0,0%,0%,8.55,0
hôtel bordeaux avec parking privé,0,0,47,57,0%,0%,9.17,10.77
louer une chambre d hotel au mois,0,0,47,0,0%,0%,9.53,0
hotel centre ville bordeaux avec parking,0,0,47,52,0%,0%,13.3,14.9
hôtel séminaire,0,0,47,0,0%,0%,18.62,0
séminaire avec hébergement,0,0,47,0,0%,0%,28.17,0
victoria garden strasbourg,0,0,47,40,0%,0%,50.06,36.23
appart hôtel bordeaux pas cher,0,0,46,27,0%,0%,9.26,16.93
location chambre hotel mois,0,0,46,0,0%,0%,10.11,0
restaurant etoilé gironde,0,0,46,0,0%,0%,11.41,0
roof top bordeaux,0,0,46,7,0%,0%,13.13,47.29
batiments bordeaux,0,0,46,0,0%,0%,14.02,0
logement et salle pour séminaire,0,0,46,0,0%,0%,16.41,0
residence hotel bordeaux,0,0,46,143,0%,0%,16.89,13.82
chateau france,0,0,46,249,0%,0%,30.91,67.65
location d'appartements au coeur des vignobles,0,0,46,0,0%,0%,63.78,0
je cherche un hôtel familial à bordeaux avec un parking facile d'accès.,0,0,45,0,0%,0%,6.64,0
festival pau 2026,0,0,45,0,0%,0%,7.69,0
lieu séminaire bordeaux,0,0,45,0,0%,0%,26.42,0
neckpain à pau,0,0,44,0,0%,0%,6.18,0
appart hotel.bordeaux,0,1,44,73,0%,1.37%,8.25,9.74
feu d'artifice bordeaux nouvel an 2026,0,0,44,0,0%,0%,8.55,0
"""boulangerie du parc"" ""12 avenue des lilas"" pau",0,0,44,0,0%,0%,8.68,0
boulangerie pau ouvert actuellement,0,0,44,0,0%,0%,11.8,0
location au mois hotel,0,0,43,0,0%,0%,9.44,0
activités événements bordeaux 15-17 mai 2026,0,0,43,0,0%,0%,12,0
hôtel pas cher à pau,0,0,43,16,0%,0%,13.49,57.56
réservation hotel bordeaux,0,0,43,490,0%,0%,40.05,42.12
chateau celebre,0,0,42,0,0%,0%,7.83,0
été a pau 2026,0,0,42,0,0%,0%,8.26,0
location chambre pau,0,0,42,0,0%,0%,9.6,0
etoiles bordeaux,0,0,42,1,0%,0%,9.98,42
chambre d hotel au mois,0,0,42,0,0%,0%,11.36,0
boulangeries pau,0,0,41,4,0%,0%,8.83,14.5
boulangerie du circuit pau,0,0,41,19,0%,0%,9.49,14.16
les chateau de france,0,0,41,20,0%,0%,10.73,19.7
location courte durée pau,0,0,41,0,0%,0%,21.9,0
hotel 4 personnes,0,0,41,0,0%,0%,25.73,0
appart hotel location au mois,0,0,40,18,0%,0%,7.25,88.83
restaurant bordeaux etoile michelin,0,0,40,0,0%,0%,10.72,0
restaurants etoiles bordeaux,0,0,40,7,0%,0%,11.22,36.43
reservation appart hotel bordeaux,0,0,40,2,0%,0%,14.38,9
appart hôtel victoria,0,0,40,158,0%,0%,15.88,9.28
victoria hotel,0,0,40,38,0%,0%,19.35,19.58
hotel 5 personnes,0,0,39,0,0%,0%,7.87,0
hotel bordeaux avec parking privé,0,1,39,22,0%,4.55%,10.87,11.45
arena bordeaux,0,0,39,0,0%,0%,11.05,0
studio pau,0,0,39,13,0%,0%,14.77,30.15
ville de pau,0,0,38,0,0%,0%,3.32,0
monument a bordeaux,0,0,38,77,0%,0%,8.97,9.18
restaurant 5 étoiles bordeaux,0,0,38,1,0%,0%,11.08,33
bordeaux fete de la musique 2026,0,0,37,0,0%,0%,7.43,0
boulangerie du circuit,0,0,37,0,0%,0%,7.78,0
appart’hôtels à bordeaux,0,0,37,228,0%,0%,12.43,8.93
chambre 4 personnes,0,0,37,0,0%,0%,39.22,0
reservation hotel bordeaux centre ville,0,0,37,0,0%,0%,39.22,0
programme bordeaux 2026,0,0,36,0,0%,0%,3.97,0
l'étoile bordeaux,0,0,36,4,0%,0%,8.22,20.75
location chambres pau,0,0,36,0,0%,0%,11.92,0
appart hotel bizanos,0,0,36,54,0%,0%,14.78,64.54
hotel économique bordeaux,0,0,36,0,0%,0%,15.11,0
location hotel au mois,0,0,35,0,0%,0%,8.8,0
restaurant 1 etoile michelin bordeaux,0,0,35,0,0%,0%,10,0
chambre d'hôtel à bordeaux,0,0,35,0,0%,0%,26.34,0
restaurant rooftop bordeaux,0,0,35,182,0%,0%,35.26,63.66
boulangerie a pau,0,0,34,4,0%,0%,7.88,48.75
visiter bordeaux à la st valentin,0,0,34,0,0%,0%,8.71,0
capacité arena bordeaux,0,0,34,0,0%,0%,10.12,0
châteaux à france,0,0,34,0,0%,0%,17.79,0
hotel chambre 4 personnes,0,0,34,0,0%,0%,27.71,0
hotel séminaires,0,0,34,0,0%,0%,35,0
monuments bordeaux photos,0,0,33,8,0%,0%,01.06,2.62
pau,0,0,33,1,0%,0%,4.18,1
une semaine à pau,0,0,33,0,0%,0%,5.33,0
hotel chambre 5 personnes,0,0,33,0,0%,0%,8.15,0
chambre meublée pau,0,0,33,0,0%,0%,9.79,0
l'etoile restaurant bordeaux,0,0,33,0,0%,0%,10,0
resto etoilé bordeaux,0,0,33,0,0%,0%,10.18,0
appart hotel a bordeaux centre,0,0,33,0,0%,0%,13.3,0
restaurant étoilé,0,0,33,0,0%,0%,14.39,0
appartement courte durée pau,0,0,33,0,0%,0%,20,0
appart’hôtels à centro,0,0,33,49,0%,0%,20.18,38.61
location hotel longue durée,0,0,33,0,0%,0%,33.58,0
h√¥tel louer,0,0,32,0,0%,0%,6.88,0
fete musique bordeaux 2026,0,0,32,0,0%,0%,7.12,0
location hotel meuble mois,0,0,32,0,0%,0%,11.06,0
arkea arena bordeaux hotel,0,0,32,0,0%,0%,11.84,0
lieux historiques à bordeaux,0,0,32,0,0%,0%,13.28,0
france chateaux,0,0,32,18,0%,0%,22.53,66.28
double room bordeaux,0,0,32,0,0%,0%,31.03,0
park and suites bordeaux,0,0,32,0,0%,0%,36.94,0
appart'hôtel 5 étoiles bordeaux centre,0,0,31,29,0%,0%,8.55,10.07
bordeaux rooftop,0,0,31,12,0%,0%,10.39,47.25
hotel a cote de arkea arena bordeaux,0,0,31,0,0%,0%,11.16,0
recherche hotel au mois,0,0,31,0,0%,0%,11.61,0
restaurant bordeaux gastro,0,0,31,0,0%,0%,12.52,0
chambre d hôtel au mois,0,0,31,0,0%,0%,25.29,0
repas gastronomique bordeaux,0,0,30,0,0%,0%,10.3,0
appart hotels bordeaux,0,0,30,35,0%,0%,13.33,15.03
apartahoteles en burdeos,0,0,30,0,0%,0%,23.13,0
hotel sur bordeaux centre,0,0,30,0,0%,0%,23.9,0
hotel victoria garden la ciotat,0,0,30,7,0%,0%,28.2,5.43
junior suite garden,0,0,30,0,0%,0%,89.93,0
dansons sur les quais bordeaux 2026,0,0,29,0,0%,0%,8.31,0
l etoile bordeaux,0,0,29,9,0%,0%,10.24,29.44
bordeaux 1er mai 2026,0,0,29,0,0%,0%,10.38,0
restaurant étoilé bordeaux michelin,0,0,29,1,0%,0%,10.69,45
restaurant étoilé en gironde,0,0,29,0,0%,0%,12.07,0
appart hotel bordeaux pas cher longue durée,0,0,29,0,0%,0%,19.31,0
promo hotel pau,0,0,29,211,0%,0%,19.9,46.78
lieu de formation,0,0,29,0,0%,0%,19.93,0
promo hotel bordeaux,0,0,29,211,0%,0%,31.79,89.03
all suite pau,0,0,29,41,0%,0%,58.17,58.83
la fete du vin 2026,0,0,28,0,0%,0%,7.71,0
hotel avec parking,0,0,28,0,0%,0%,08.04,0
restaurant étoilé bordeaux centre,0,0,28,0,0%,0%,8.64,0
restaurant deux etoiles bordeaux,0,0,28,0,0%,0%,10.68,0
hotels bordeaux avec parking,0,0,28,32,0%,0%,11.79,17.31
les chateaux de france,0,0,28,47,0%,0%,13.71,16.98
hotel pas cher a pau,0,0,28,15,0%,0%,15.18,58.47
bordeaux hotel avec parking,0,0,28,0,0%,0%,16.25,0
studio bordeaux,0,0,28,0,0%,0%,17.5,0
salle de séminaire à bordeaux,0,0,28,0,0%,0%,21.82,0
chateaux france,0,0,28,57,0%,0%,30.36,63.68
salle de séminaire bordeaux,0,0,28,0,0%,0%,35.71,0
location salle hotel,0,0,28,0,0%,0%,35.79,0
victoria garde,0,1,27,22,0%,4.55%,3.11,05.09
chambre à louer à pau,0,0,27,0,0%,0%,7.96,0
château célèbre,0,0,27,0,0%,0%,8.41,0
hotel 15 euros la nuit,0,0,27,0,0%,0%,9.59,0
garden bordeaux,0,0,27,159,0%,0%,10.52,6.85
location hotel mois,0,0,27,0,0%,0%,11.33,0
hotel avec parking securise,0,0,27,0,0%,0%,11.56,0
hôtel bordeaux centre-ville,0,0,27,22,0%,0%,13.63,48.18
bon plan hotel bordeaux,0,0,27,19,0%,0%,17.85,66.63
chateau en france,0,0,27,60,0%,0%,26.52,47.03
location meublée courte durée pau,0,0,27,0,0%,0%,27.15,0
chambres d'hôtes pour professionnel bordeaux,0,0,27,0,0%,0%,27.93,0
appart hôtel victoria garden la ciotat,0,0,27,5,0%,0%,42.44,7.2
monument culturel,0,0,26,0,0%,0%,4.92,0
location d hotel au mois,0,0,26,0,0%,0%,9.73,0
monuments à bordeaux,0,0,26,5,0%,0%,10.15,12.8
restaurant étoile bordeaux,0,0,26,3,0%,0%,10.23,36.33
hotel pres de arkea arena bordeaux,0,0,26,0,0%,0%,10.73,0
résidence hôtel bordeaux,0,0,26,77,0%,0%,15.81,15.48
bordeaux aparthotel,0,0,26,167,0%,0%,16.46,40.47
victorias garden,0,0,26,22,0%,0%,16.69,4.45
hotel centre de bordeaux,0,0,26,30,0%,0%,16.92,36.83
hotels bordeaux centre ville avec parking,0,0,26,0,0%,0%,18.15,0
hotel familial bordeaux,0,0,26,109,0%,0%,19.12,32.65
appart hotels aquitaine,0,0,26,23,0%,0%,19.19,77.35
chateaux en france,0,0,26,84,0%,0%,21.38,14.32
rooftop bars bordeaux,0,0,26,25,0%,0%,22.23,35.96
le victoria,0,1,25,29,0%,3.45%,7.92,9.1
que faire à pau en amoureux,0,0,25,0,0%,0%,8.4,0
sasha sur le toit,0,0,25,0,0%,0%,9.32,0
restaurant une étoile bordeaux,0,0,25,1,0%,0%,10.08,44
hotel pour 5 personnes,0,0,25,0,0%,0%,14.76,0
appartement courte durée bordeaux,0,0,25,0,0%,0%,17.44,0
rooftop bassin a flot,0,0,25,114,0%,0%,17.92,27.06
appartement bordeaux avec parking ou garage,0,0,25,0,0%,0%,21.08,0
appart hotel bordeaux avec piscine,0,0,25,3,0%,0%,21.52,61.33
bordeaux studios,0,0,25,9,0%,0%,28.48,96.44
location salle séminaire bordeaux,0,0,25,0,0%,0%,43.36,0
meilleurs restaurants à bordeaux,0,0,24,0,0%,0%,4.42,0
événements bordeaux mai 2026,0,0,24,0,0%,0%,5.46,0
bordeau monument,0,0,24,14,0%,0%,6.54,8.86
bordeaux 9 mai 2026,0,0,24,0,0%,0%,9.12,0
hotel par mois,0,0,24,0,0%,0%,11.12,0
restau gastro bordeaux,0,0,24,0,0%,0%,11.5,0
restaurants gastronomique bordeaux,0,0,24,0,0%,0%,15.62,0
court sejour bordeaux,0,0,24,0,0%,0%,15.83,0
résidences hôtelières bordeaux,0,0,24,41,0%,0%,15.88,29.17
château en france,0,0,24,38,0%,0%,21,43.79
appart hotel aquitaine,0,0,24,60,0%,0%,21.96,46.42
pau hotel pas cher,0,0,24,26,0%,0%,22.08,42.88
hotels bordeaux centre,0,0,24,48,0%,0%,28.54,44.9
quel hôtel à bordeaux offre le meilleur prix pour une chambre simple ?,0,0,23,0,0%,0%,5.22,0
victoria garden photos,0,0,23,36,0%,0%,7,8.75
charte rse en anglais,0,0,23,16,0%,0%,8.17,7.31
l ete a pau 2026,0,0,23,0,0%,0%,9.3,0
le chateau francais,0,0,23,19,0%,0%,12.04,33
residence hoteliere bordeaux,0,0,23,15,0%,0%,20.7,17.4
location appartement courte durée pau,0,0,23,0,0%,0%,21.26,0
france chateau,0,0,23,41,0%,0%,23.57,62.1
hotel bordeaux city centre,0,0,23,0,0%,0%,29.04,0
hotels bordeaux,0,0,23,937,0%,0%,46.65,65.29
agenda bordeaux mai 2026,0,0,22,0,0%,0%,6.32,0
feux d'artifice bordeaux 22 mai 2026,0,0,22,0,0%,0%,6.55,0
événements bordeaux avril 2026,0,0,22,0,0%,0%,6.64,0
toit bordeaux,0,0,22,2,0%,0%,8.91,67
chateau francais connu,0,0,22,2,0%,0%,9.86,12.5
boulangerie verdun pau,0,0,22,0,0%,0%,10.55,0
restaurant 3 etoiles bordeaux,0,0,22,4,0%,0%,12.09,34.5
roof top,0,0,22,0,0%,0%,12.73,0
appart au mois,0,0,22,0,0%,0%,16.09,0
château français,0,0,22,24,0%,0%,17.64,34.25
ou dormir pau,0,0,22,100,0%,0%,18.05,18.2
séjour séminaire,0,0,22,0,0%,0%,21.5,0
location appartement courte durée bordeaux,0,0,22,0,0%,0%,28.09,0
bordeaux hotel,0,0,22,510,0%,0%,29.23,65.31
hotel pour 4 personnes,0,0,22,1,0%,0%,32.45,92
fête de la musique bordeaux 2026 date,0,0,21,0,0%,0%,6.1,0
hadrien ormieres,0,0,21,0,0%,0%,7.48,0
l'ete a pau 2026,0,0,21,0,0%,0%,9.29,0
restaurant étoilé michelin bordeaux,0,0,21,9,0%,0%,9.67,35.89
hotel bordeaux proche arkea arena,0,0,21,0,0%,0%,10.52,0
louer une chambre d hôtel au mois,0,0,21,0,0%,0%,11.1,0
hotel à bordeaux avec parking,0,0,21,0,0%,0%,11.43,0
restaurant gastro bordeaux centre,0,0,21,0,0%,0%,11.71,0
hotel chambre familiale 5 personnes,0,0,21,0,0%,0%,11.81,0
apartment hotel bordeaux,0,0,21,28,0%,0%,12.33,32.82
restaurant gastronomique entre deux mers,0,0,21,0,0%,0%,12.43,0
séminaire pas cher,0,0,21,0,0%,0%,16.24,0
hôtel bordeaux centre ville,0,0,21,40,0%,0%,18.29,48.58
lieu seminaire bordeaux,0,0,21,0,0%,0%,22.71,0
séminaire avec logement,0,0,21,0,0%,0%,23.14,0
salle de seminaire hotel,0,0,21,0,0%,0%,24.81,0
hôtels bordeaux centre,0,0,21,11,0%,0%,24.9,47.45
hotel famille béarn,0,0,21,0,0%,0%,30.86,0
hotel courte duree,0,0,21,0,0%,0%,42.19,0
lits jumeaux action,0,0,21,0,0%,0%,43.14,0
vitoria garden,0,0,20,59,0%,0%,6.3,27.63
appart hotel bordeaux longue durée,0,0,20,9,0%,0%,9.8,18.78
restaurant bordeaux centre gastronomique,0,0,20,1,0%,0%,10,99
appart hôtel longue durée,0,0,20,0,0%,0%,13.85,0
hotel à bordeaux centre,0,0,20,33,0%,0%,15.9,40.61
appart hotel pyrénées atlantiques,0,0,20,58,0%,0%,16.1,26.78
hotel avec salle de reunion,0,0,20,0,0%,0%,29.85,0
hotels centre bordeaux,0,0,20,34,0%,0%,32.5,81.59
séjour groupes bordeaux,0,0,20,0,0%,0%,35.6,0
hôtel victoria garden bordeaux centre,0,0,19,0,0%,0%,1.53,0
chambre pmr merignac,0,0,19,0,0%,0%,3.84,0
28 cours de la somme bordeaux,0,0,19,0,0%,0%,06.05,0
bordeaux fête le vin 2026 dates,0,0,19,0,0%,0%,8.42,0
location chambre d'hôtel au mois,0,0,19,0,0%,0%,8.79,0
restaurant gastronomique bordeaux étoilé,0,0,19,4,0%,0%,9.11,45.25
salon du vin bordeaux 2026,0,0,19,0,0%,0%,9.21,0
hotel bordeaux proche gare,0,0,19,35,0%,0%,9.32,26.71
chateau france connu,0,0,19,1,0%,0%,9.84,48
location chambre hotel au mois,0,0,19,0,0%,0%,10.05,0
5 rue ronsard 64000 pau,0,5,19,75,0%,6.67%,11.58,2.28
studio triple,0,0,19,53,0%,0%,12.37,7.4
restaurant gastronomique autour de bordeaux,0,0,19,0,0%,0%,12.58,0
appart hotel victoria la ciotat,0,0,19,0,0%,0%,25.42,0
reserver hotel bordeaux,0,0,19,207,0%,0%,48.21,71.34
sejour à bordeaux,0,0,19,0,0%,0%,66.53,0
bordeaux wine festival 2026,0,0,18,0,0%,0%,8.22,0
hotel mois,0,0,18,0,0%,0%,10.17,0
appart'hôtel avec sauna bordeaux centre,0,0,18,0,0%,0%,10.28,0
appart hotel location longue duree,0,0,18,0,0%,0%,11.33,0
hotel proche arkea arena floirac,0,0,18,0,0%,0%,11.83,0
restaurant gironde gastronomique,0,0,18,0,0%,0%,12.28,0
location appartement bordeaux courte durée,0,0,18,0,0%,0%,14.39,0
logement pas cher pau,0,0,18,0,0%,0%,16.28,0
location studio courte durée bordeaux,0,0,18,0,0%,0%,18.39,0
rooftop bar bordeaux,0,0,18,22,0%,0%,19.72,45.77
bar à vin bordeaux centre,0,0,18,7,0%,0%,21.5,49
hotel a pau,0,0,18,150,0%,0%,25.06,34.6
aparthotel burdeos,0,0,18,5,0%,0%,31,44
hotels seminaire,0,0,18,0,0%,0%,37,0
all suites appart hotel pau,0,0,18,138,0%,0%,50.11,50.78
hôtel pour une journée en amoureux bordeaux,0,0,18,0,0%,0%,84.28,0
location 1 mois,0,0,17,0,0%,0%,4.41,0
vitoria garden hotel,0,0,17,35,0%,0%,7.18,35.23
hôtel séminaire à bordeaux,0,0,17,0,0%,0%,8.41,0
appart hôtel location au mois,0,0,17,0,0%,0%,8.88,0
boulangerie cerca de mi,0,0,17,0,0%,0%,9.35,0
boulangerie patisserie,0,0,17,0,0%,0%,9.82,0
arkea arena hotel proche,0,0,17,0,0%,0%,11.06,0
restaurants étoilés gironde,0,0,17,0,0%,0%,11.47,0
aparthotel burdeos centro,0,0,17,0,0%,0%,11.82,0
patisserie pau les mieux notés,0,0,17,0,0%,0%,11.94,0
rooftop cite du vin bordeaux,0,0,17,0,0%,0%,12.29,0
apparthotel autour de moi,0,0,17,35,0%,0%,15.06,17.17
bordeaux hotel centre ville,0,0,17,38,0%,0%,18.59,35.71
hotel le victoria,0,0,17,58,0%,0%,39.06,63.93
hotel 5 etoiles pau,0,0,17,35,0%,0%,55.71,46.29
consultant g suite aquitaine,0,0,17,0,0%,0%,59.82,0
hotel à bordeaux,0,0,17,491,0%,0%,67.59,57.6
victoria garden official website,0,0,16,0,0%,0%,2.81,0
festival quinconces 2026,0,0,16,0,0%,0%,7.88,0
un ete a pau 2026,0,0,16,0,0%,0%,9.31,0
bordeaux monument historique,0,0,16,0,0%,0%,10.94,0
chef etoile bordeaux,0,0,16,13,0%,0%,11.56,29.62
fête du bontemps 2026,0,0,16,0,0%,0%,11.75,0
hotel centre de bordeaux avec parking,0,0,16,29,0%,0%,11.75,13.07
restaurant etoile medoc,0,0,16,2,0%,0%,12.62,37
location bordeaux courte durée,0,0,16,0,0%,0%,13.81,0
hebergement bordeaux,0,0,16,121,0%,0%,19.81,50.22
location salle de réunion bordeaux,0,0,16,0,0%,0%,21.62,0
hotel appartement bordeaux pas cher,0,0,16,6,0%,0%,23.31,16.67
aparthotel with workspace bordeaux,0,0,16,0,0%,0%,24.75,0
bordeaux hotel centre,0,0,16,12,0%,0%,26.31,37.17
pau hotel,0,0,16,104,0%,0%,30.06,34.35
bon dia apart hotel,0,0,16,14,0%,0%,48.06,42.36
location salle réunion bordeaux,0,0,16,0,0%,0%,49.19,0
séjour à bordeaux,0,0,16,1,0%,0%,67.62,1
hotel victoria photos,0,0,15,0,0%,0%,6.73,0
wine festival bordeaux 2026,0,0,15,0,0%,0%,8.6,0
chateau français,0,0,15,15,0%,0%,8.67,53.93
restaurant michelin bordeaux,0,0,15,3,0%,0%,8.87,28.67
restaurant l'étoile bordeaux,0,0,15,4,0%,0%,8.93,12.75
manifestive 2026 bordeaux,0,0,15,0,0%,0%,09.07,0
etoile a bordeaux,0,0,15,0,0%,0%,9.13,0
ete a pau 2026 programme,0,0,15,0,0%,0%,9.73,0
restaurant réputé bordeaux,0,0,15,0,0%,0%,11.13,0
hotel du mois,0,0,15,0,0%,0%,12.47,0
hotel with kitchenette bordeaux,0,0,15,0,0%,0%,12.47,0
appart hotel garden,0,0,15,65,0%,0%,14.13,14
hotel bordeaux chambre familiale,0,0,15,6,0%,0%,14.4,29.67
appart hotel idron,0,0,15,33,0%,0%,14.6,62.42
bordeaux hotel centre ville avec parking,0,0,15,25,0%,0%,14.6,15.16
hotel bordeau centre,0,0,15,19,0%,0%,23.4,42.84
serviced apartment bordeaux,0,0,15,0,0%,0%,41.47,0
appart city pau,0,0,15,38,0%,0%,42.47,34.66
hotel du parc bordeaux,0,0,15,1,0%,0%,43.07,58
vineyard hotel bordeaux,0,0,15,0,0%,0%,43.27,0
chateaux,0,0,15,0,0%,0%,57.67,0
bordeaux hôtel,0,0,15,46,0%,0%,60.87,53.93
"quels sont les meilleurs vins rouges de bordeaux à découvrir pour un dîner 
entre amis ?",0,0,14,0,0%,0%,5.79,0
victoria gardens official website,0,0,14,0,0%,0%,06.07,0
restaurant etoilé,0,0,14,0,0%,0%,7.29,0
chateau connu france,0,0,14,6,0%,0%,7.79,11.67
chateaux français,0,0,14,8,0%,0%,9.21,13
vendange bordeaux 2026,0,0,14,0,0%,0%,9.71,0
parc des expositions bordeaux,0,0,14,90,0%,0%,10.64,16.71
restaurant etoiles bordeaux,0,0,14,1,0%,0%,10.79,35
rooftops,0,0,14,20,0%,0%,10.79,11.45
séjour à pau,0,0,14,0,0%,0%,11.07,0
victoria aparthotel,0,0,14,5,0%,0%,11.64,55.4
hôtel au mois 600 euros,0,0,14,0,0%,0%,11.93,0
châteaux france,0,0,14,15,0%,0%,12.57,46.33
pâtisseries pau,0,0,14,191,0%,0%,13.29,68.36
hotels victoria,0,0,14,314,0%,0%,16.57,44.13
boulangerie ouverte pau,0,0,14,0,0%,0%,18.36,0
bars à vins bordeaux,0,0,14,0,0%,0%,19.93,0
hotel residence bordeaux,0,0,14,10,0%,0%,22.79,15
hotel location longue durée,0,0,14,0,0%,0%,23.93,0
hotel proche bordeaux,0,0,14,50,0%,0%,33,43.5
hotel parc victoria,0,0,14,0,0%,0%,55.57,0
appart hotel centre bordeaux,0,0,13,48,0%,0%,6.92,8.71
viktoria garden,0,0,13,12,0%,0%,7.23,6.83
location meublée bordeaux courte durée,0,0,13,0,0%,0%,8.69,0
nom de chateau en france,0,0,13,0,0%,0%,9.15,0
bordeaux quinconces 2026,0,0,13,0,0%,0%,9.23,0
hotel 1 mois,0,0,13,0,0%,0%,9.38,0
quinconces bordeaux 2026,0,0,13,0,0%,0%,10.31,0
appart hotel bordeaux centre pas cher,0,0,13,0,0%,0%,10.92,0
chef etoile a bordeaux,0,0,13,7,0%,0%,11,47.57
victoria garden suites,0,1,13,24,0%,4.17%,11.38,24.62
hotel pas cher bordeaux,0,0,13,229,0%,0%,11.54,43.75
hotel pau centre ville pas cher,0,0,13,0,0%,0%,12.08,0
restaurant.gastronomique bordeaux,0,0,13,0,0%,0%,14.46,0
bar à vins bordeaux,0,0,13,54,0%,0%,16.77,34.46
hotels pau,0,0,13,129,0%,0%,17.46,41.74
parc exposition bordeaux,0,0,13,5,0%,0%,20.38,16.8
appart hotel longue durée,0,0,13,0,0%,0%,24.23,0
hotel salle de reunion,0,0,13,0,0%,0%,26.62,0
salle de formation pessac,0,0,13,0,0%,0%,28,0
appart bordeaux centre,0,0,13,0,0%,0%,29.31,0
salle conférence bordeaux,0,0,13,0,0%,0%,31.54,0
hotel bordeaux promo,0,0,13,1,0%,0%,33.69,101
restauration monument historique bordeaux,0,0,13,0,0%,0%,52.08,0
hotel appart,0,0,13,9,0%,0%,59.38,13.11
location moyenne durée bordeaux,0,0,13,0,0%,0%,66.23,0
séminaire original bordeaux,0,0,13,0,0%,0%,89.31,0
location pour un mois,0,0,12,0,0%,0%,3.92,0
fete ete 2026,0,0,12,0,0%,0%,5.17,0
festa del vino bordeaux 2026,0,0,12,0,0%,0%,6,0
victoria+garden+hotel,0,0,12,32,0%,0%,7.58,9.41
location de salle pour formation,0,0,12,0,0%,0%,8.25,0
location appart hotel au mois,0,0,12,0,0%,0%,8.42,0
hotel with parking bordeaux,0,0,12,0,0%,0%,9.42,0
feu d'artifice 21 mai 2026,0,0,12,0,0%,0%,9.67,0
avis sur victoria garden,0,0,12,8,0%,0%,9.75,8.75
hotel bordeaux last minute,0,0,12,0,0%,0%,9.75,0
chateau connu en france,0,0,12,5,0%,0%,10.75,27.4
ou dormir à bordeaux pas cher,0,0,12,2,0%,0%,10.83,67.5
boulangerie a proximite,0,0,12,0,0%,0%,11,0
appart hotel derniere minute,0,0,12,1,0%,0%,11.75,72
restaurant gastronomique bordeaux centre ville,0,0,12,12,0%,0%,12.08,39.83
restaurant 2 étoiles bordeaux,0,0,12,1,0%,0%,12.67,38
appart hotel longue duree,0,0,12,0,0%,0%,15.08,0
victoria burdeos,0,0,12,4,0%,0%,21.5,45.5
hotel a bordeaux centre,0,0,12,16,0%,0%,24.83,55.75
petit hotel bordeaux,0,0,12,5,0%,0%,25.17,97
bon plan hotel pau,0,0,12,7,0%,0%,31.92,36.43
appart hotel meriadeck,0,0,12,4,0%,0%,33.08,55
salle réunion bordeaux,0,0,12,0,0%,0%,34.17,0
park and suite bordeaux,0,0,12,0,0%,0%,45.75,0
suite junior,0,0,12,0,0%,0%,52.33,0
pau ville,0,0,11,0,0%,0%,2.82,0
monument monument,0,0,11,0,0%,0%,5.91,0
festival vin bordeaux 2026,0,0,11,0,0%,0%,6.36,0
bordeaux fête le vin 2026 dates,0,0,11,0,0%,0%,6.55,0
hotel victoire,0,0,11,55,0%,0%,7.64,47.38
week end des grands crus 2026,0,0,11,0,0%,0%,8.82,0
restaurant 1 etoile gironde,0,0,11,0,0%,0%,9.82,0
foire internationale de bordeaux 2026 dates,0,0,11,0,0%,0%,10,0
restaurants étoilés à bordeaux,0,0,11,0,0%,0%,10.09,0
appart hotel mois,0,0,11,0,0%,0%,10.18,0
rooftop cité du vin,0,0,11,0,0%,0%,10.91,0
hotel with free parking bordeaux,0,0,11,0,0%,0%,11.09,0
appart hotel mensuel,0,0,11,0,0%,0%,11.36,0
1er mai 2026 bordeaux,0,0,11,0,0%,0%,11.45,0
appart hôtel pas cher bordeaux,0,0,11,25,0%,0%,11.55,13
tout les chateaux de france,0,0,11,4,0%,0%,11.55,40
hotel garden,0,0,11,34,0%,0%,12.45,51.56
les chateaux de la france,0,0,11,23,0%,0%,12.45,21.17
hotel famille bearn,0,0,11,0,0%,0%,13,0
victoria garden mulhouse,0,0,11,5,0%,0%,15.55,11.8
appart hotel bacalan,0,0,11,100,0%,0%,16.09,11.75
la bordeaux,0,0,11,0,0%,0%,18.09,0
lieu pour concert bordeaux,0,0,11,0,0%,0%,19.09,0
hotel le moins cher bordeaux,0,0,11,0,0%,0%,19.27,0
hotel séminaire aquitaine,0,0,11,0,0%,0%,20.82,0
autres hébergements à bordeaux,0,0,11,54,0%,0%,21.27,19.02
réunions bordeaux,0,0,11,0,0%,0%,24.82,0
appart’hôtels à centrum,0,0,11,0,0%,0%,26.09,0
promotion hotel bordeaux,0,0,11,44,0%,0%,26.27,67.77
hôtel à pau,0,0,11,96,0%,0%,27.82,35.18
toit terrasse bordeaux,0,0,11,5,0%,0%,28,64.8
hotel proche hopital pellegrin bordeaux,0,0,11,24,0%,0%,29.82,25.38
apartahotel burdeos,0,0,11,1,0%,0%,30.36,11
hôtels séminaire entreprise en france,0,0,11,0,0%,0%,30.45,0
séminaires bordeaux,0,0,11,0,0%,0%,34.64,0
lieux séminaire bordeaux,0,0,11,0,0%,0%,37.64,0
boulangeries,0,0,11,0,0%,0%,42.18,0
chambre pour 4 personnes,0,0,11,0,0%,0%,50.91,0
bordeaux juillet 2026,0,0,10,0,0%,0%,3.8,0
location 6 mois bordeaux,0,0,10,0,0%,0%,5.7,0
aparthotel bordeaux centre,0,0,10,40,0%,0%,6.5,9.75
monument aux girondins bordeaux,0,0,10,30,0%,0%,6.5,8.2
fete du vin a bordeaux 2026,0,0,10,0,0%,0%,6.6,0
biulangerie,0,0,10,0,0%,0%,8.1,0
casetas pau 2026,0,0,10,0,0%,0%,8.1,0
boulangerie pâtisserie,0,0,10,0,0%,0%,8.5,0
espace 120,0,0,10,0,0%,0%,8.6,0
hôtel location au mois,0,0,10,0,0%,0%,9.2,0
bordeaux événements ce week-end mai 2026,0,0,10,0,0%,0%,9.4,0
theatre de verdure pau 2026,0,0,10,0,0%,0%,9.5,0
bordeaux fête le fleuve 2026,0,0,10,0,0%,0%,10.6,0
restaurant autour arkea arena bordeaux,0,0,10,0,0%,0%,11.6,0
restaurant 3 étoilés bordeaux,0,0,10,7,0%,0%,12.7,30.57
châteaux en france,0,0,10,25,0%,0%,14.9,27.8
bordeaux hotels with parking,0,0,10,222,0%,0%,15.1,40.55
appart hotel le haillan,0,0,10,37,0%,0%,16.8,67.65
bordeaux apart hotel,0,0,10,0,0%,0%,18,0
restaurant l etoile,0,0,10,0,0%,0%,19.2,0
hotel à pau,0,0,10,87,0%,0%,21.3,31.79
apartahotel en burdeos,0,0,10,1,0%,0%,25.7,77
hotels in bordeaux with parking,0,0,10,104,0%,0%,26.1,45.97
extended stay hotel bordeaux,0,0,10,0,0%,0%,27.1,0
location séminaire bordeaux,0,0,10,0,0%,0%,27.8,0
salle de réunion à l'heure bordeaux,0,0,10,0,0%,0%,28.1,0
chambre suite bordeaux,0,0,10,0,0%,0%,28.6,0
hotel à bordeaux centre ville,0,0,10,58,0%,0%,30.1,51.81
hotel bordeaux proche hopital pellegrin,0,0,10,5,0%,0%,30.6,16.4
hotels centre ville bordeaux,0,0,10,10,0%,0%,34.4,67.6
hotel bordeaux victoria garden,0,7,0,57,0%,12.28%,0,1.51
victoria gardens bordeaux,0,5,0,20,0%,25%,0,2.15
victoria garden bordeaux center,0,4,0,72,0%,5.56%,0,2.65
victoria appart hotel bordeaux,0,4,0,20,0%,20%,0,1.95
appart hotel,0,3,7,2065,0%,0.15%,8.43,35.7
avis sur victoria garden bordeaux,0,2,0,165,0%,1.21%,0,07.09
victoria garden parking,0,2,1,2,0%,100%,1,1
rue ronsard pau,0,1,4,46,0%,2.17%,23.75,16.04
appart'hôtel victoria garden la ciotat,0,1,0,38,0%,2.63%,0,07.05
appart hotel bordeaux saint jean,0,1,9,36,0%,2.78%,10.22,11.97
hôtel bordeaux maps,0,1,0,36,0%,2.78%,0,15.83
hotel bordeaux 3 étoiles,0,1,1,36,0%,2.78%,25,62.72
appart'hôtel victoria garden bordeaux centre *** avis,0,1,0,26,0%,3.85%,0,4
voctoria garden,0,1,0,15,0%,6.67%,0,3.47
residence hoteliere pau,0,1,0,15,0%,6.67%,0,6.93
hébergements bordeaux,0,1,0,11,0%,9.09%,0,70.09
bordeaux monuments importants,0,1,3,9,0%,11.11%,7.67,11.33
victoria celine leaks,0,1,0,7,0%,14.29%,0,13.14
petite_vicky leaks,0,1,0,5,0%,20%,0,5.2
victoria c hot,0,1,0,4,0%,25%,0,9.5
hotel bordeaux proche tram,0,1,0,4,0%,25%,0,10
ancv hotel bordeaux,0,1,1,4,0%,25%,13,32.5
architecture bordeaux,0,1,0,3,0%,33.33%,0,2
hotel ibis bordeaux,0,1,0,2,0%,50%,0,1
325 avenue aristide briand merignac,0,1,0,1,0%,100%,0,1
victotia hotel,0,1,0,1,0%,100%,0,3
appart hôtel,0,0,8,2240,0%,0%,73.88,65.42
appart+hotel+victoria,0,0,0,1190,0%,0%,0,7.29
bordeaux hotels,0,0,8,720,0%,0%,33.62,72.29
victoria+garden+bordeaux+centre,0,0,0,593,0%,0%,0,2.13
apparthotel,0,0,7,581,0%,0%,36.71,48.79
apparthotel+victoria+garden+pau+pau+france,0,0,0,566,0%,0%,0,2.18
hotel de bordeaux,0,0,0,413,0%,0%,0,62.35
dal victoria superior,0,0,0,365,0%,0%,0,6.31
hotel autour de bordeaux,0,0,9,324,0%,0%,57.67,47.57
visiter pau,0,0,0,303,0%,0%,0,59.4
hotel bordeau,0,0,3,298,0%,0%,56.33,35.08
hôtels proches de la gare victoria,0,0,0,263,0%,0%,0,50.84
victoria garden camas,0,0,6,252,0%,0%,11.33,9.47
parc des expositions,0,0,1,241,0%,0%,8,10.55
bordeau hotel,0,0,1,239,0%,0%,80,60.19
hôtel à bordeaux,0,0,0,229,0%,0%,0,59.65
hôtels animaux acceptés à bordeaux,0,0,0,228,0%,0%,0,53.93
hotel bordeaux pas cher,0,0,9,224,0%,0%,43.56,41.44
hôtels proches de gare de victoria,0,0,0,215,0%,0%,0,58.73
séjour détente pau,0,0,0,211,0%,0%,0,57.32
hotel a bordeaux,0,0,10,208,0%,0%,37.6,67
bordeaux vie nocturne,0,0,0,203,0%,0%,0,83.48
appart'hôtel,0,0,0,202,0%,0%,0,62.32
pau hotels,0,0,3,199,0%,0%,18.33,38.91
pau france hotels,0,0,0,189,0%,0%,0,82.72
bon dia aparthotel,0,0,0,185,0%,0%,0,54.01
hôtels écologiques à bordeaux,0,0,0,181,0%,0%,0,81.94
hôtels à pau,0,0,2,179,0%,0%,15,47.51
victoria's hotel,0,0,0,178,0%,0%,0,32.87
appart+city+bordeaux+centre+bordeaux+france,0,0,0,168,0%,0%,0,12.55
peinture bordeaux chambre,0,0,0,166,0%,0%,0,81.42
apartment hotel victoria,0,0,1,165,0%,0%,10,33.72
4 3 pau,0,0,0,163,0%,0%,0,35.71
hotel stars bordeaux gare,0,0,0,163,0%,0%,0,66.61
hôtel gare bordeaux,0,0,0,162,0%,0%,0,36.16
hôtels à victoria,0,0,0,156,0%,0%,0,66.06
hotels in bordeaux,0,0,2,156,0%,0%,1.5,83.22
victoria hotels,0,0,0,148,0%,0%,0,51.53
appart-hôtels belo horizonte,0,0,0,139,0%,0%,0,82.79
appart hotel mérignac,0,0,0,136,0%,0%,0,43.56
hotel le bordeaux,0,0,0,132,0%,0%,0,79.08
hôtels à bordeaux,0,0,0,127,0%,0%,0,84.16
appart'hotel,0,0,0,119,0%,0%,0,35.78
hôtels 3 étoiles à bordeaux,0,0,0,115,0%,0%,0,81.71
reservation hotel a bordeaux,0,0,1,113,0%,0%,76,41.13
garden,0,0,0,109,0%,0%,0,8.17
musee du vin,0,0,0,109,0%,0%,0,11.53
hotel in pau,0,0,2,109,0%,0%,22,48.64
etapes hotel bordeaux,0,0,4,109,0%,0%,52.75,79.99
hôtels marriott à bordeaux,0,0,0,108,0%,0%,0,37.73
bornes de recharge appart hôtels,0,0,0,108,0%,0%,0,47.13
meilleurs bars à vin bordeaux,0,0,1,107,0%,0%,18,13.44
produits culinaires pau,0,0,0,106,0%,0%,0,44.19
hotel aucun,0,0,0,106,0%,0%,0,62.35
appart hotel etudiant bordeaux,0,0,6,106,0%,0%,54.5,65.58
appart hotel 33,0,0,2,104,0%,0%,17.5,57.85
hotels by victoria gardens,0,0,0,103,0%,0%,0,51.41
tarif appart hotel,0,0,0,103,0%,0%,0,55.5
hotels à bordeaux,0,0,0,103,0%,0%,0,85
csr anglais,0,0,0,102,0%,0%,0,34.39
victoria garden fotos,0,0,0,101,0%,0%,0,05.03
visiter la grosse cloche,0,0,0,99,0%,0%,0,41.65
hotel centre bordeau,0,0,1,98,0%,0%,58,45.89
hotels in victoria,0,0,0,98,0%,0%,0,69.73
recherche appart hotel,0,0,0,96,0%,0%,0,86.14
nuit calme bordeaux,0,0,0,95,0%,0%,0,28.23
studio a pau,0,0,0,95,0%,0%,0,39.68
hotel gare de pau,0,0,2,94,0%,0%,23,25.33
hotel appart city bordeaux,0,0,2,94,0%,0%,31,41.01
hôtels près de la gare victoria,0,0,0,93,0%,0%,0,53.32
le victoria hotel,0,0,4,93,0%,0%,10.5,73.59
bordeaux,0,0,3,92,0%,0%,2.33,126.51
valerie hoel avis,0,0,0,91,0%,0%,0,29.52
hôtels en famille à bordeaux,0,0,0,89,0%,0%,0,39.43
tête de lit résidences hôtelières,0,0,0,88,0%,0%,0,69.83
douche sécurisée pau,0,0,0,87,0%,0%,0,54.52
bordeaux hebergement,0,0,0,87,0%,0%,0,63.83
restaurants près de gare victoria,0,0,0,86,0%,0%,0,42.19
apart hotel 33,0,0,0,86,0%,0%,0,46.21
appart hotel place françois mitterrand,0,0,4,85,0%,0%,28.75,61.46
hotel near victoria gardens,0,0,0,85,0%,0%,0,71.19
hotels a bordeaux,0,0,2,85,0%,0%,1,78.28
hôtels pas chèr burgundy,0,0,0,85,0%,0%,0,81.92
location appartement bordeaux hotel de ville,0,0,1,84,0%,0%,36,40.56
visiter pau en 1 jour,0,0,1,84,0%,0%,31,53.7
promo appart hotel,0,0,0,84,0%,0%,0,66.08
appart hotel hôtel de ville,0,0,6,84,0%,0%,25.67,74.95
meilleur hôtel pau,0,0,0,84,0%,0%,0,75.25
hotel proche institut bergonie bordeaux,0,0,9,83,0%,0%,11.67,10.69
hôtels amis des chiens à vitoria,0,0,1,83,0%,0%,35,23.69
hotels bordeaux gare,0,0,0,83,0%,0%,0,51.93
meilleurs bars pubs bordeaux,0,0,0,83,0%,0%,0,71.11
appart suite,0,0,0,82,0%,0%,0,33.56
hôtels pau,0,0,10,82,0%,0%,43.9,47.3
hoteles en pau,0,0,0,82,0%,0%,0,64.3
hotels petit prix bordeaux,0,0,0,82,0%,0%,0,85.77
hotel appart city pau,0,0,1,81,0%,0%,24,21.9
gardens hotels,0,0,0,81,0%,0%,0,29.12
hotels a pau,0,0,4,81,0%,0%,40,53.98
aparthotel famille vienne,0,0,0,81,0%,0%,0,80.16
studio pépites bordeaux,0,0,3,80,0%,0%,34.33,26.89
appart'city pau,0,0,4,80,0%,0%,35,38.17
hotel eden park pau,0,0,3,80,0%,0%,45.67,45.29
installation de climatisation pour hôtels bordeaux,0,0,0,80,0%,0%,0,45.74
hotel gare bordeaux pas cher,0,0,0,78,0%,0%,0,69.97
hotel floirac,0,0,2,78,0%,0%,1.5,97.4
appart hotel bordeaux avec parking,0,0,0,77,0%,0%,0,7.61
hôtel bordeaux pas cher,0,0,0,77,0%,0%,0,47.39
appart hotel quartier saint-jean,0,0,3,77,0%,0%,11.67,52.26
hotel navarre pau,0,0,0,77,0%,0%,0,64.42
bordeaux website,0,0,0,77,0%,0%,0,85.14
ventilation positive à bordeaux,0,0,0,76,0%,0%,0,39.67
appart hotel au pied de vigne,0,0,0,76,0%,0%,0,39.76
promo apart hotel,0,0,0,76,0%,0%,0,63.74
appart hotel en france,0,0,0,75,0%,0%,0,53.95
hotel petit dej bordeaux,0,0,0,75,0%,0%,0,87.99
appart'city+bordeaux+centre,0,0,0,74,0%,0%,0,11.76
appart hotel uno city,0,0,0,74,0%,0%,0,40.43
hotel 3 etoiles bordeaux,0,0,3,74,0%,0%,50.67,56.38
hotel victoria garden luanda,0,0,1,74,0%,0%,8,56.45
appart hotel lescar,0,0,0,73,0%,0%,0,40.82
appartement hotel 33,0,0,0,73,0%,0%,0,61.84
appart hotels,0,0,0,72,0%,0%,0,66.61
apparteo bordeaux,0,0,3,72,0%,0%,46.33,69
appartement week end bordeaux,0,0,0,71,0%,0%,0,69.93
hotel sur bordeaux,0,0,1,70,0%,0%,81,51.49
hôtels 4 étoiles à bordeaux,0,0,0,70,0%,0%,0,75.86
appart hôtel bordeaux gare saint-jean,0,0,0,69,0%,0%,0,7.62
hotel lormont,0,0,0,69,0%,0%,0,86.96
opiniones de victoria garden camas,0,0,0,68,0%,0%,0,6.21
lits jumeaux longues,0,0,0,68,0%,0%,0,70.15
hotel place de la victoire bordeaux,0,0,6,67,0%,0%,6.33,10.03
staycity bordeaux,0,0,0,67,0%,0%,0,26.7
hotels à pau,0,0,3,67,0%,0%,46.67,53.22
appart hotel quatre temps,0,0,0,67,0%,0%,0,58.31
appart hotel prix au mois,0,0,2,67,0%,0%,14,67.16
novotel pau,0,0,0,67,0%,0%,0,71.66
hébergement bordeaux,0,0,5,66,0%,0%,12,41.09
appart hotel begles,0,0,0,66,0%,0%,0,47.14
appart hotel somme,0,0,0,66,0%,0%,0,47.86
hotel bordeaux centre pas cher,0,0,4,66,0%,0%,28.25,55.35
hotel rooftop bordeaux,0,0,1,66,0%,0%,83,59.73
hotel a victoria,0,0,2,66,0%,0%,63.5,60.71
aparthotel merignac,0,0,0,65,0%,0%,0,88.85
brilliant customer service: how to impress your customers! cours,0,0,0,64,0%,0%,0,25.83
appart hotel la garde,0,0,0,64,0%,0%,0,36.62
regarder brilliant customer service: how to impress your customers! cours,0,0,0,63,0%,0%,0,15.75
hôtels proches de place du peuple,0,0,0,63,0%,0%,0,94.08
le victoria bordeaux,0,0,8,62,0%,0%,9.25,5.29
bordeaux centre,0,0,4,62,0%,0%,34,38.81
hotels bordeaux centre ville,0,0,10,62,0%,0%,42.8,53.06
reserver appart hotel,0,0,0,62,0%,0%,0,87.89
appart hotel gare saint jean bordeaux,0,0,0,60,0%,0%,0,10.4
bar à vin,0,0,4,60,0%,0%,10.75,20.28
appart hotel 64,0,0,8,60,0%,0%,12.12,21.78
pau hôtel,0,0,6,60,0%,0%,19,26.65
hotel akena la brede,0,0,0,60,0%,0%,0,65.65
appart city bordeau,0,0,0,59,0%,0%,0,44.56
victoria hôtel,0,0,8,59,0%,0%,25.5,76.53
visiter la tour pey berland bordeaux,0,0,0,59,0%,0%,0,77.03
studio hôtel bordeaux,0,0,0,58,0%,0%,0,10.28
victoria family hotels,0,0,0,58,0%,0%,0,77.53
séjour professionnel calme et proche autoroute,0,0,0,58,0%,0%,0,86.14
hotels parc des expositions bordeaux,0,0,0,58,0%,0%,0,92.76
regarder he bai rui de di yu du bai en ligne,0,0,0,57,0%,0%,0,9.33
appart hotel bordeaux bacalan,0,0,0,57,0%,0%,0,11.6
hotels a victoria,0,0,0,57,0%,0%,0,58.91
aparthotel vitoria,0,0,0,57,0%,0%,0,61.46
hotell pau,0,0,0,57,0%,0%,0,64.89
hébergement web pau,0,0,0,57,0%,0%,0,94.84
séminaire comité commercial,0,0,0,56,0%,0%,0,67.79
hôtel pas cher bordeaux,0,0,0,55,0%,0%,0,46.36
appartement vacances pau,0,0,1,55,0%,0%,22,72.29
hotel pres de bordeaux,0,0,9,54,0%,0%,39,43.2
hotels gare bordeaux,0,0,0,54,0%,0%,0,54.83
appart hotel lormont,0,0,0,54,0%,0%,0,54.94
location apparthotel,0,0,0,54,0%,0%,0,81.83
paquetes a victoria,0,0,0,53,0%,0%,0,53.04
hotel in victoria,0,0,0,53,0%,0%,0,76.64
hotel proche gare de pau,0,0,0,52,0%,0%,0,27.23
hotel la pau,0,0,0,52,0%,0%,0,49.75
patrimoine bordeaux,0,0,1,52,0%,0%,4,83.23
appart hotel garden city,0,0,0,52,0%,0%,0,83.48
bordeaux hotels pas cher,0,0,0,52,0%,0%,0,83.62
parc des expositions de bordeaux,0,0,7,51,0%,0%,17.86,11.76
hôtel à vitoria avec parking,0,0,0,51,0%,0%,0,58.96
appart hotel estelle,0,0,0,51,0%,0%,0,70.98
hotel piscine pau,0,0,2,51,0%,0%,52,93.45
hotel pres de la gare de pau,0,0,1,50,0%,0%,17,29.18
hôtels pour familles à victoria,0,0,0,50,0%,0%,0,31.28
isolation entre etagehome and garden,0,0,0,50,0%,0%,0,39.14
hotel particulier bordeaux st jean,0,0,0,50,0%,0%,0,47.84
hotel acanthe bordeaux,0,0,0,50,0%,0%,0,55.38
hotels appart,0,0,0,50,0%,0%,0,67.3
"quand je suis noir je suis propre quand je suis blanc je suis sale qui 
suis-je",0,0,0,50,0%,0%,0,85.58
burdeos hoteles,0,0,0,49,0%,0%,0,74.16
appart hotel cheque vacances,0,0,0,48,0%,0%,0,36.35
best western pau,0,0,0,48,0%,0%,0,62.83
hotel bordeaux bord de mer,0,0,0,48,0%,0%,0,67.71
hôtel de bordeaux,0,0,0,47,0%,0%,0,72.45
pau cheap hotel,0,0,0,47,0%,0%,0,72.68
hotels pas cher bordeaux,0,0,5,47,0%,0%,52.4,77.6
hôtel gare bordeaux saint jean,0,0,0,47,0%,0%,0,88.74
hotel de jour bordeaux,0,0,0,46,0%,0%,0,17.65
easy first evolution prix,0,0,0,46,0%,0%,0,72.07
monument,0,0,0,44,0%,0%,0,2.89
hotel bordeaux place de la victoire,0,0,0,44,0%,0%,0,8.55
appart hotel proche bordeaux,0,0,0,44,0%,0%,0,9.43
hotels bordeaux centre avec parking,0,0,2,44,0%,0%,13,11.45
bar vin bordeaux,0,0,9,44,0%,0%,22.33,44.75
hotel le matisse pau,0,0,0,44,0%,0%,0,54.86
victoria reserva,0,0,0,44,0%,0%,0,57.5
ouvrir un appart hôtel,0,0,0,44,0%,0%,0,59
hotels bordeau,0,0,0,44,0%,0%,0,70.27
appart hotel cestas,0,0,0,44,0%,0%,0,79.2
portillons pau,0,0,0,44,0%,0%,0,86.36
appart city centre bordeaux,0,0,0,43,0%,0%,0,36.47
my hotel bordeaux,0,0,0,43,0%,0%,0,38.6
reservation hotel bordeaux,0,0,3,43,0%,0%,35.33,41.86
hotels 5 etoiles pau,0,0,0,43,0%,0%,0,67.16
hôtel à lormont,0,0,0,43,0%,0%,0,89.33
love center bordeaux,0,0,0,42,0%,0%,0,30.83
apart hotel mérignac,0,0,0,42,0%,0%,0,42.55
bordeaux hotel pas cher,0,0,2,42,0%,0%,62.5,48.9
appart hotel halle,0,0,0,42,0%,0%,0,62.24
hotel pau maps,0,0,0,41,0%,0%,0,7.29
musée du vin bordeaux,0,0,1,41,0%,0%,12,31.39
hotel bordeaux cheque vacances,0,0,5,41,0%,0%,28.2,52.22
appartement city bordeaux,0,0,0,41,0%,0%,0,53.27
quality hotel pau,0,0,0,41,0%,0%,0,58.1
hébergement à bordeaux,0,0,2,41,0%,0%,60,60.07
prix appart hotel,0,0,0,41,0%,0%,0,65.07
hôtels bordeaux,0,0,2,41,0%,0%,26,75.27
hotel pas cher gironde,0,0,0,41,0%,0%,0,77.51
the victoria bed and breakfast,0,0,0,40,0%,0%,0,44.17
hotel bordeaux france,0,0,1,40,0%,0%,28,45.65
appart hotel reus,0,0,0,40,0%,0%,0,72.25
appart hotel centre,0,0,0,40,0%,0%,0,79.38
pau zone vacances,0,0,0,39,0%,0%,0,1
appart hotel gare saint jean,0,0,0,39,0%,0%,0,9.82
appart city à bordeaux,0,0,0,39,0%,0%,0,22.49
depannage serrure euro-locks a nice,0,0,0,39,0%,0%,0,47.44
hotel la brede,0,0,0,39,0%,0%,0,58.13
appart hotel saint andre de cubzac,0,0,0,39,0%,0%,0,93.9
réparation couverture tan la ciotat,0,0,0,38,0%,0%,0,11.47
vittoria garden suites,0,0,0,38,0%,0%,0,15.29
hotel de charme pau,0,0,2,38,0%,0%,26,41.61
annulation compromis de vente bordeaux,0,0,0,38,0%,0%,0,50.66
château france,0,0,8,38,0%,0%,18.62,66.11
hotels bordeaux pas cher,0,0,0,38,0%,0%,0,86.08
hôtel floirac,0,0,0,38,0%,0%,0,101.5
pau victoria,0,0,5,37,0%,0%,6,4.92
sticks delia à proximité,0,0,0,37,0%,0%,0,37.16
marriott bordeaux,0,0,0,37,0%,0%,0,41.22
abitel bordeaux,0,0,0,37,0%,0%,0,42.73
hôtel de charme pau,0,0,0,37,0%,0%,0,48.16
hotels bordeaux centre pas cher,0,0,2,37,0%,0%,29,56.54
comfort hotel bordeaux merignac,0,0,0,37,0%,0%,0,92.46
b and b bordeaux,0,0,0,36,0%,0%,0,32.31
studio hotel,0,0,7,36,0%,0%,8,40.17
victoria apart-hotel,0,0,1,36,0%,0%,10,52.28
appart hotel gera,0,0,0,36,0%,0%,0,68.86
victoria family hotel balchik,0,0,0,36,0%,0%,0,78.69
appart hotel saint emilion,0,0,1,36,0%,0%,20,95.22
"dal, victoria, superior",0,0,0,35,0%,0%,0,5.43
regarder he bai rui de di yu du bai en ligne gratuitement,0,0,0,35,0%,0%,0,8.86
hyatt bordeaux,0,0,1,35,0%,0%,57,43.54
appart hotel fort national,0,0,0,35,0%,0%,0,54.6
all suites pau,0,0,7,35,0%,0%,44,58.11
hôtels avec parking à gênes,0,0,0,35,0%,0%,0,62.17
chambre familiale bordeaux,0,0,0,35,0%,0%,0,65.54
hotel spa pau,0,0,0,35,0%,0%,0,69.63
douche sécurisée bordeaux,0,0,0,35,0%,0%,0,81.71
studio double c'est quoi,0,0,0,34,0%,0%,0,7.65
résidence hôtelière bordeaux,0,0,6,34,0%,0%,26.17,17.71
prix hotel bordeaux,0,0,6,34,0%,0%,30,54.53
hôtel centre-ville bordeaux,0,0,8,34,0%,0%,22,56.56
ã l hotel pau,0,0,0,34,0%,0%,0,58.82
city bordeaux france,0,0,0,34,0%,0%,0,70.68
hotels pas chers bordeaux,0,0,4,34,0%,0%,17.5,90.47
hotels spa pau,0,0,0,34,0%,0%,0,94.09
meilleurs bars bordeaux,0,0,6,33,0%,0%,45,39.15
hotel residence m front,0,0,0,33,0%,0%,0,44.33
hotel pau formule 1,0,0,0,33,0%,0%,0,47.91
all suite appart hotel pau,0,0,9,33,0%,0%,47.33,49.64
bordeau hotels,0,0,0,33,0%,0%,0,50.42
hotel sympa bordeaux,0,0,0,33,0%,0%,0,51.24
hotels in pau france,0,0,2,33,0%,0%,28.5,51.45
appartement garden,0,0,0,33,0%,0%,0,90.82
city hotel bordeaux,0,0,10,33,0%,0%,51,94.09
hotel bordeaux bordeaux,0,0,0,32,0%,0%,0,44.91
hotel bosquet pau,0,0,0,32,0%,0%,0,59
hotels pua,0,0,0,32,0%,0%,0,69.47
location rooftop bordeaux,0,0,0,32,0%,0%,0,77.38
hôtels proches de rue sainte-catherine,0,0,0,32,0%,0%,0,90.84
floirac hotel,0,0,0,32,0%,0%,0,97.62
appart hôtel bordeaux centre ville,0,0,0,31,0%,0%,0,7.26
hotel journée bordeaux,0,0,0,31,0%,0%,0,24.32
hotels near victoria gardens,0,0,3,31,0%,0%,8.33,32.03
hotel na set centes,0,0,0,31,0%,0%,0,47.94
hotels pour amants bordeaux,0,0,0,31,0%,0%,0,71.42
campanile pau,0,0,0,31,0%,0%,0,84.55
renovation hotel tarif,0,0,0,31,0%,0%,0,91.55
reservation apparthotel,0,0,0,31,0%,0%,0,93.23
hotel fortes la nuit,0,0,0,31,0%,0%,0,96.71
apart hôtel,0,0,0,30,0%,0%,0,27.27
appart'city pau centre,0,0,1,30,0%,0%,32,45.43
hotel in bordeaux,0,0,0,30,0%,0%,0,63
hotel pas cher bordeaux saint jean,0,0,0,30,0%,0%,0,70.33
appart hôtel gard,0,0,0,30,0%,0%,0,85
"la casse ne recoit plus de publique a compter du 02/12/2024 uniquement pro 
vente en ligne professionnel pour métaux",0,0,0,29,0%,0%,0,7.59
bouilloire eva solo pas cher,0,0,0,29,0%,0%,0,27.55
appart hotel avec piscine bordeaux,0,0,0,29,0%,0%,0,38.21
studio avec terrasse,0,0,0,29,0%,0%,0,39.03
bars à vins,0,0,1,29,0%,0%,89,43.48
appart hotel como,0,0,0,29,0%,0%,0,50.93
hotel proximité,0,0,0,29,0%,0%,0,52.38
appart hotel villenave d ornon,0,0,0,29,0%,0%,0,52.55
acanthe hotel bordeaux,0,0,0,29,0%,0%,0,57.38
hôtels à rue sainte catherine,0,0,0,29,0%,0%,0,60.24
à l hotel pau,0,0,0,29,0%,0%,0,74.07
appart hotel pas de la case,0,0,0,29,0%,0%,0,80.9
restauration innovante,0,0,0,29,0%,0%,0,82.66
hotel stars bordeaux,0,0,0,29,0%,0%,0,93.97
animales nu tv garden,0,0,0,28,0%,0%,0,08.04
appart hôtel aquitaine,0,0,0,28,0%,0%,0,18.07
hotel demi pension bordeaux,0,0,1,28,0%,0%,1,26.86
hotel alentour bordeaux,0,0,0,28,0%,0%,0,32.46
bordeaux city centre,0,0,0,28,0%,0%,0,37.86
appart city bordeaux centre,0,0,7,28,0%,0%,38.43,39.07
hotels pointe de grave,0,0,0,28,0%,0%,0,42.21
aménagement roof top pau,0,0,0,28,0%,0%,0,44.61
centre de bordeaux,0,0,4,28,0%,0%,59,48.25
bars bordeaux,0,0,1,28,0%,0%,46,49.39
appart hôtels,0,0,0,28,0%,0%,0,52.5
aparthotel centro ville vienne,0,0,0,28,0%,0%,0,52.89
hotels pas cher bordeaux centre,0,0,0,28,0%,0%,0,53.86
hotels proche bordeaux,0,0,0,28,0%,0%,0,61.5
"notre christina vous offrira un confort inégalé meilleur choix pour les 
familles et les groupes jusqu'à dix personnes",0,0,0,28,0%,0%,0,67.61
hotels by victoria,0,0,7,28,0%,0%,29.71,67.64
appart hôtel merignac,0,0,0,28,0%,0%,0,67.89
prix hotel au mois,0,0,4,28,0%,0%,38,75.96
bordeaux aparthotels,0,0,2,28,0%,0%,25.5,76.5
hébergement groupes bordeaux,0,0,0,28,0%,0%,0,81.93
brosse victoria garden,0,0,0,27,0%,0%,0,8.89
booking appart hotel bordeaux,0,0,0,27,0%,0%,0,27.63
appart.hotel,0,0,0,27,0%,0%,0,32.89
cupón descuento garden hotels,0,0,0,27,0%,0%,0,33.3
apparte hotel,0,0,0,27,0%,0%,0,36.63
hotel.bordeaux,0,0,0,27,0%,0%,0,37.3
agence short bordeaux,0,0,0,27,0%,0%,0,48.48
hotel lescar pas cher,0,0,0,27,0%,0%,0,52.22
hotel bordeaux saint jean pas cher,0,0,0,27,0%,0%,0,64.37
bar cocktail entreprise bordeaux,0,0,0,27,0%,0%,0,94.48
127 cours de la somme 33800 bordeaux,0,0,5,26,0%,0%,2.4,2.15
victoria garden camas restaurante,0,0,0,26,0%,0%,0,11
hotel pau gare,0,0,7,26,0%,0%,32.57,28.12
appart city hotel bordeaux,0,0,5,26,0%,0%,54.8,28.23
hotel bordeaux pres de la gare,0,0,1,26,0%,0%,17,33.31
location fauteuil roulant manuel bassin arcachon,0,0,0,26,0%,0%,0,36.88
sécurité appart'hotels,0,0,0,26,0%,0%,0,49.85
aparthotel centre,0,0,0,26,0%,0%,0,50.35
appart' hôtel,0,0,0,26,0%,0%,0,57.46
terrasse rooftop bordeaux,0,0,0,26,0%,0%,0,60.23
hotel 3 étoiles bordeaux,0,0,5,26,0%,0%,32.8,70.73
studios de bordeaux,0,0,0,26,0%,0%,0,73.73
appart hotel creuse,0,0,0,26,0%,0%,0,74.88
hotels pas cher a bordeaux,0,0,0,26,0%,0%,0,82.96
hôtels 3 étoiles à victoria,0,0,0,26,0%,0%,0,83.77
hotel victoria victoria,0,0,1,26,0%,0%,43,85.42
château hôtel 3 étoiles bordeaux,0,0,0,26,0%,0%,0,85.88
residence victoria pau,0,0,9,25,0%,0%,4.67,03.04
avis sur appart'hôtel victoria garden pau,0,0,0,25,0%,0%,0,11.4
hotel bordeaux avec parking gratuit,0,0,1,25,0%,0%,16,14.2
hotels victoria secret,0,0,1,25,0%,0%,20,25.2
musee du vin bordeaux,0,0,0,25,0%,0%,0,29.36
hotel gardenia bordeaux,0,0,1,25,0%,0%,29,37.64
meilleur bar ambiance bordeaux,0,0,0,25,0%,0%,0,40.88
appart hotel du bout du monde,0,0,0,25,0%,0%,0,44.72
hotel pas cher lescar,0,0,0,25,0%,0%,0,54.72
aparthotel aventura,0,0,0,25,0%,0%,0,55.28
centre historique bordeaux,0,0,0,25,0%,0%,0,55.92
aparthotel la ciotat,0,0,0,25,0%,0%,0,67.4
hotel restaurant pau,0,0,0,25,0%,0%,0,74
appart hôtel baie de somme,0,0,0,25,0%,0%,0,84.92
appart hotel nord,0,0,0,25,0%,0%,0,89.8
appart hotel location,0,0,0,25,0%,0%,0,98.56
csr charter,0,0,0,24,0%,0%,0,17.71
hotel city bordeaux,0,0,7,24,0%,0%,42.71,22.42
booking hotel bordeaux,0,0,0,24,0%,0%,0,29.38
hotel sur pau,0,0,3,24,0%,0%,38.67,30.88
hôtel bordeaux gare,0,0,4,24,0%,0%,18.25,37.21
hotel centre pau,0,0,0,24,0%,0%,0,42.96
appart city pau centre,0,0,5,24,0%,0%,55.8,44.92
hotel.victoria,0,0,5,24,0%,0%,9.8,48.5
appart city bordeau centre,0,0,0,24,0%,0%,0,50.17
hôtel lescar pas cher,0,0,0,24,0%,0%,0,50.92
hotel bordeau gare,0,0,0,24,0%,0%,0,56.54
bordeaux hébergement,0,0,0,24,0%,0%,0,56.71
hotel a bordeau,0,0,2,24,0%,0%,76,56.88
victoria palms hotel,0,0,0,24,0%,0%,0,60.54
hotels bordeaux france,0,0,1,24,0%,0%,37,65.29
hotel pas cher talence,0,0,0,24,0%,0%,0,65.83
hotel garde enfant,0,0,0,24,0%,0%,0,71.79
parking camelias,0,0,0,24,0%,0%,0,76.96
lormont hotel,0,0,0,24,0%,0%,0,85
accor pau,0,0,0,24,0%,0%,0,86.04
hotel bordelais,0,0,0,24,0%,0%,0,99.38
photos de victoria garden,0,0,0,23,0%,0%,0,7.13
victorian garden,0,0,0,23,0%,0%,0,12.26
parc d'exposition,0,0,0,23,0%,0%,0,12.48
hotel hopital pellegrin bordeaux,0,0,6,23,0%,0%,17.17,19.65
hotel bordeaux appart city,0,0,0,23,0%,0%,0,25.91
booking bordeaux appart hotel,0,0,0,23,0%,0%,0,27.65
hôtel garden,0,0,2,23,0%,0%,20,37.61
appart'city confort pau centre - appart hôtel,0,0,1,23,0%,0%,65,39.7
appart hotel genes,0,0,0,23,0%,0%,0,39.91
hotel bordeaux gare,0,0,4,23,0%,0%,1,41.26
caméra égoût pau,0,0,0,23,0%,0%,0,42.91
bordeaux centre historique,0,0,0,23,0%,0%,0,50.52
appart hotel merignac pas cher,0,0,0,23,0%,0%,0,53.22
aparthotel famille londres,0,0,0,23,0%,0%,0,66.91
hotel bastide bordeaux,0,0,0,23,0%,0%,0,71.74
quality hotel pau france,0,0,0,23,0%,0%,0,85.74
fotos de victoria garden camas,0,0,0,22,0%,0%,0,7.23
hotel proche pellegrin bordeaux,0,0,1,22,0%,0%,20,23.05
hotel pau et alentours,0,0,0,22,0%,0%,0,26.18
appart city hotel bordeaux centre,0,0,0,22,0%,0%,0,31.41
ibis style pau,0,0,0,22,0%,0%,0,34.95
hotel bordeaux famille,0,0,6,22,0%,0%,17.83,38.82
hebergement bordeaux centre,0,0,0,22,0%,0%,0,41.59
mua bordeaux,0,0,0,22,0%,0%,0,51.41
hotels in bordeaux city centre,0,0,1,22,0%,0%,19,56.86
hotels 4 etoiles bordeaux,0,0,0,22,0%,0%,0,93.86
hôtel bourdeau,0,0,0,22,0%,0%,0,94.59
onde dormir em bordéus,0,0,0,22,0%,0%,0,97.18
douche accessible bordeaux,0,0,0,22,0%,0%,0,97.59
hotel le bouscat,0,0,0,22,0%,0%,0,97.86
appart hotel gare bordeaux,0,0,0,21,0%,0%,0,08.05
parc des exposition,0,0,0,21,0%,0%,0,8.24
hôtel appartement,0,0,1,21,0%,0%,9,11.33
iko bordeaux appartements,0,0,4,21,0%,0%,34.75,38.67
hotel bordeaux gare pas cher,0,0,2,21,0%,0%,17,41.62
hotel centre ville pau,0,0,3,21,0%,0%,30.33,43.67
bordeaux musée du vin,0,0,0,21,0%,0%,0,43.76
hôtel centre ville bordeaux,0,0,8,21,0%,0%,16.62,46.62
hotel in pau france,0,0,1,21,0%,0%,20,55.71
boutique lingerie talence,0,0,0,21,0%,0%,0,62.95
hotel pas cher bordeaux gare,0,0,2,21,0%,0%,28,66.38
que visiter a pau,0,0,0,21,0%,0%,0,71.71
hotels pas cher talence,0,0,0,21,0%,0%,0,75.76
hôtel avec piscine bordeaux,0,0,0,21,0%,0%,0,82.33
hôtel lormont,0,0,0,21,0%,0%,0,83.57
eden park pau,0,0,0,21,0%,0%,0,83.67
hotels salleboeuf,0,0,0,21,0%,0%,0,93.62
location appartement hotel bordeaux,0,0,0,20,0%,0%,0,9.75
appart hotel autour de bordeaux,0,0,0,20,0%,0%,0,10.15
booking bordeaux centre,0,0,0,20,0%,0%,0,21.55
aspirateur perfect air robert thomas,0,0,0,20,0%,0%,0,25.6
hotel bordeaux rue sainte catherine,0,0,0,20,0%,0%,0,35.1
bar a vins bordeaux,0,0,6,20,0%,0%,17.67,35.35
hôtel formule 1 pau,0,0,3,20,0%,0%,48.67,36.3
vitória garden,0,0,1,20,0%,0%,2,36.5
hotel pau centre ville,0,0,2,20,0%,0%,32.5,42.85
garden hôtel,0,0,0,20,0%,0%,0,43.85
tarifs groupes et séminaires,0,0,0,20,0%,0%,0,49.9
hotel à bordeaux pas cher,0,0,0,20,0%,0%,0,57.15
carré pau airport hotel,0,0,0,20,0%,0%,0,57.95
hotel yvrac,0,0,0,20,0%,0%,0,58.4
hotel de ville pau,0,0,0,20,0%,0%,0,62.3
hotel dans bordeaux,0,0,0,20,0%,0%,0,62.5
appart hotel plaisir,0,0,0,20,0%,0%,0,79.05
studio double,0,0,1,19,0%,0%,7,2.68
hotel appart pau,0,0,0,19,0%,0%,0,5.89
hotels appartements,0,0,0,19,0%,0%,0,10
hotel appartement,0,0,0,19,0%,0%,0,10.79
appart hotel near me,0,0,1,19,0%,0%,11,17.63
hotel sainte catherine bordeaux,0,0,0,19,0%,0%,0,39.42
hotel quai bordeaux,0,0,0,19,0%,0%,0,50.21
bordeaux gare hotel,0,0,0,19,0%,0%,0,52.95
iko bordeaux,0,0,0,19,0%,0%,0,56.63
hôtel confortable chambre quadruple la grave,0,0,0,19,0%,0%,0,59.74
chambre de bonne bordeaux,0,0,0,19,0%,0%,0,60.58
hebergement a bordeaux,0,0,0,19,0%,0%,0,66.79
bordeaux centre ville hotel,0,0,2,19,0%,0%,23.5,78.11
etape hotel bordeaux,0,0,0,19,0%,0%,0,87.58
hotels avec piscine bordeaux,0,0,0,19,0%,0%,0,88.89
sejour bordeaux pas cher,0,0,8,19,0%,0%,24.62,90.95
hotel bordeaux metropole,0,0,0,19,0%,0%,0,95.05
residence appart hotel bordeaux,0,0,0,18,0%,0%,0,11.17
victoria roof garden,0,0,0,18,0%,0%,0,28.94
hotel vitoria garden,0,0,7,18,0%,0%,2.29,32.67
hotel bordeaux pour ce soir,0,0,0,18,0%,0%,0,33
vitória garden hotel,0,0,1,18,0%,0%,11,36.33
appart jotel,0,0,0,18,0%,0%,0,38.33
le rooftop bordeaux,0,0,5,18,0%,0%,14.8,42.17
hotel bordeaux proche gare saint jean,0,0,0,18,0%,0%,0,42.33
appart hôtel mérignac pas cher,0,0,0,18,0%,0%,0,44.78
hôtel centre bordeaux,0,0,3,18,0%,0%,19.67,46.61
appartement victoria,0,0,3,18,0%,0%,4.33,49.06
formule 1 hotel pau,0,0,1,18,0%,0%,22,53.28
hotel region bordeaux,0,0,0,18,0%,0%,0,54.56
appart hotel 5 personnes,0,0,0,18,0%,0%,0,58.39
hotel cour carrée bordeaux,0,0,0,18,0%,0%,0,61.61
hotel star bordeaux,0,0,0,18,0%,0%,0,64.33
pau france hotel,0,0,0,18,0%,0%,0,65.78
hotel 4 etoiles bordeaux centre,0,0,0,18,0%,0%,0,67.78
hotel bordeaux centre gare,0,0,0,18,0%,0%,0,76.89
bordeaux hotels centre ville,0,0,4,18,0%,0%,24.75,78.89
pau hotels france,0,0,0,18,0%,0%,0,80
the views are really good! – nia bleu,0,0,0,17,0%,0%,0,6.12
appart+hôtel+victoria,0,0,7,17,0%,0%,9.43,07.06
kokotxas restaurant,0,0,0,17,0%,0%,0,8.41
bing ai email com proposta comercial,0,0,0,17,0%,0%,0,26.35
hotel bordeaux gare sncf,0,0,0,17,0%,0%,0,27.29
rse en anglais csr,0,0,0,17,0%,0%,0,28.47
hotel pau centre ville avec parking,0,0,3,17,0%,0%,30,34.53
apartamentos mas de pau,0,0,0,17,0%,0%,0,40.76
hoteles en pau francia,0,0,0,17,0%,0%,0,41.35
hotel pau 4 etoiles,0,0,0,17,0%,0%,0,43.76
apprt hotel,0,0,0,17,0%,0%,0,45.82
appart hôtel bordeaux mérignac,0,0,0,17,0%,0%,0,51.35
appart hotels villenave dornon,0,0,0,17,0%,0%,0,51.41
hotel bordeaux sainte catherine,0,0,0,17,0%,0%,0,53.35
centre historique de bordeaux,0,0,0,17,0%,0%,0,56.24
hotels pau france,0,0,2,17,0%,0%,34.5,56.35
hotel de france pau,0,0,0,17,0%,0%,0,56.41
atlantic hotel pau,0,0,0,17,0%,0%,0,65.47
victoria va hotels,0,0,0,17,0%,0%,0,81.12
appartement pau etudiant,0,0,0,17,0%,0%,0,88.12
hotel pas cher à bordeaux,0,0,3,17,0%,0%,30,96.82
calm and co pau,0,0,0,16,0%,0%,0,11.44
musée du vin,0,0,0,16,0%,0%,0,11.44
les chateaux en france,0,0,3,16,0%,0%,11.33,13.19
appart hotel city bordeaux,0,0,0,16,0%,0%,0,14.06
hotel metropolitain bordeaux,0,0,0,16,0%,0%,0,26.62
hotel bordeux,0,0,1,16,0%,0%,93,34
musee de vin bordeaux,0,0,0,16,0%,0%,0,34.31
bordeaux france hotels,0,0,0,16,0%,0%,0,36.31
chateau of france,0,0,5,16,0%,0%,15.8,37.62
douche pour personnes âgées pau,0,0,0,16,0%,0%,0,38.06
appart hotel pyrenees,0,0,0,16,0%,0%,0,47.19
hotel bordeaux baignoire,0,0,0,16,0%,0%,0,52.94
central hotel bordeaux,0,0,0,16,0%,0%,0,54.56
hotel cyrus vienna,0,0,0,16,0%,0%,0,59.19
nemea appart hotel bordeaux,0,0,0,16,0%,0%,0,59.69
appart hotels pas cher,0,0,0,16,0%,0%,0,69.19
victoria hotel victoria,0,0,0,16,0%,0%,0,69.56
appart hotel sete pas cher,0,0,0,16,0%,0%,0,71.75
brit hotel pau,0,0,0,16,0%,0%,0,79.06
prix hotel mois,0,0,0,16,0%,0%,0,89.81
appart suite hotel,0,0,0,16,0%,0%,0,90.19
emmanuelle gave âge,0,0,0,15,0%,0%,0,1
victoria garden paris,0,0,2,15,0%,0%,44.5,16.2
regarder he bai rui de di yu du bai,0,0,0,15,0%,0%,0,19.73
location hotel bordeaux,0,0,1,15,0%,0%,7,20.4
chateau celebre france,0,0,3,15,0%,0%,10.33,29.73
appart victoria,0,0,1,15,0%,0%,37,31.07
hotel rive droite bordeaux,0,0,7,15,0%,0%,13,31.47
apparhotel,0,0,0,15,0%,0%,0,32.8
appart hotel a proximité,0,0,4,15,0%,0%,11.5,38.87
hotel bordeaux et alentours,0,0,0,15,0%,0%,0,41.87
speed burger bordeaux victoire,0,0,0,15,0%,0%,0,42.67
rse en anglais,0,0,1,15,0%,0%,12,44.2
bordeaux city center,0,0,0,15,0%,0%,0,44.73
formule 1 pau hotel,0,0,0,15,0%,0%,0,47.27
hotels near bordeaux,0,0,0,15,0%,0%,0,47.33
hôtel le victoria,0,0,2,15,0%,0%,29,54.13
hotel de bordeau,0,0,0,15,0%,0%,0,55.67
hotel best western pau,0,0,0,15,0%,0%,0,61.73
ca la sonia pau,0,0,0,15,0%,0%,0,62.67
hôtel a bordeaux,0,0,3,15,0%,0%,47,65.93
appart' hôtel londres longue durée,0,0,0,15,0%,0%,0,69.87
hotel bordeaux est,0,0,0,15,0%,0%,0,72.8
rse anglais,0,0,0,15,0%,0%,0,73.6
all suites appart hôtel pau,0,0,1,15,0%,0%,40,75.07
appart hotels talence,0,0,0,15,0%,0%,0,81.47
hotel bordeaux centrum,0,0,0,15,0%,0%,0,81.8
aparthotel talence,0,0,0,15,0%,0%,0,96.33
promo hotels bordeaux,0,0,0,15,0%,0%,0,97.13
hotel bordeaux maps,0,0,0,14,0%,0%,0,11.57
victoria garden mall,0,0,3,14,0%,0%,53,18.57
hotel bordeaux booking,0,0,0,14,0%,0%,0,25.64
booking bordeaux hotel,0,0,0,14,0%,0%,0,30.64
spécialité pâtissière de pau,0,0,1,14,0%,0%,46,33.21
hotel bordeaux numero,0,0,0,14,0%,0%,0,34.64
secret garden bordeaux,0,0,6,14,0%,0%,36.33,34.86
appart hotel principe,0,0,0,14,0%,0%,0,36.86
vianney pau,0,0,0,14,0%,0%,0,38.57
appart hôtel mérignac,0,0,0,14,0%,0%,0,38.79
hotel bordeaux rive droite,0,0,7,14,0%,0%,20.29,42.14
quality hotel bordeaux centre parking,0,0,0,14,0%,0%,0,42.43
hotel pau centre-ville,0,0,0,14,0%,0%,0,45.71
hotels near parc des expositions de bordeaux,0,0,0,14,0%,0%,0,46
hotel 2 etoiles bordeaux,0,0,0,14,0%,0%,0,52.29
hotel bordeaux nansouty,0,0,0,14,0%,0%,0,52.29
montempo bordeaux centre,0,0,0,14,0%,0%,0,54.14
hotel romantique pau,0,0,5,14,0%,0%,31.4,55
la pau hotel,0,0,0,14,0%,0%,0,55.57
rooftop restaurant bordeaux,0,0,3,14,0%,0%,23.33,56.93
bordeaux centre hotel,0,0,2,14,0%,0%,5.5,57.93
apparthotel baie de somme,0,0,0,14,0%,0%,0,58.43
hôtel pau centre,0,0,0,14,0%,0%,0,61.29
appartcity pau,0,0,6,14,0%,0%,59,62.64
appart'city classic bordeaux centre - appart hôtel,0,0,0,14,0%,0%,0,63
hotel ma position,0,0,0,14,0%,0%,0,66.14
appart hotel 4 personnes,0,0,2,14,0%,0%,4.5,67.79
merignac appart hotel,0,0,0,14,0%,0%,0,75.57
résidence victoria,0,0,3,14,0%,0%,4.33,77.71
appart hotel pont neuf,0,0,0,14,0%,0%,0,84.71
fourni hotels,0,0,0,14,0%,0%,0,94.57
em bordeaux,0,0,0,14,0%,0%,0,94.86
monument bordeau,0,0,0,13,0%,0%,0,6.15
both bordeaux,0,0,0,13,0%,0%,0,10.85
appart hotel bacalan bordeaux,0,0,0,13,0%,0%,0,11.38
hotel apres bordeaux,0,0,0,13,0%,0%,0,23.69
hotel pau proche autoroute,0,0,0,13,0%,0%,0,26.92
musée du vin à bordeaux,0,0,0,13,0%,0%,0,28.31
hotel vers bordeaux,0,0,0,13,0%,0%,0,29.62